commodity,Date,Unit,Minimum,Maximum,Average
Tomato Big(Nepali),6/16/2013,KG,35,40,37.5
Potato Red,6/16/2013,KG,20,21,20.5
Onion Dry (Indian),6/16/2013,KG,28,30,29
Cabbage(Local),6/16/2013,KG,6,10,8
Garlic Dry Chinese,6/16/2013,KG,100,110,105
Tomato Big(Nepali),6/17/2013,KG,25,30,27.5
Potato Red,6/17/2013,KG,20,21,20.5
Onion Dry (Indian),6/17/2013,KG,29,30,29.5
Cabbage(Local),6/17/2013,KG,6,10,8
Garlic Dry Chinese,6/17/2013,KG,100,110,105
Tomato Big(Nepali),6/18/2013,KG,25,30,27.5
Potato Red,6/18/2013,KG,19,20,19.5
Onion Dry (Indian),6/18/2013,KG,33,35,34
Cabbage(Local),6/18/2013,KG,8,10,9
Garlic Dry Chinese,6/18/2013,KG,100,110,105
Tomato Big(Nepali),6/19/2013,KG,25,30,27.5
Potato Red,6/19/2013,KG,20,21,20.5
Onion Dry (Indian),6/19/2013,KG,34,35,34.5
Cabbage(Local),6/19/2013,KG,10,15,12.5
Garlic Dry Chinese,6/19/2013,KG,100,110,105
Tomato Big(Nepali),6/20/2013,KG,25,30,27.5
Potato Red,6/20/2013,KG,20,21,20.5
Onion Dry (Indian),6/20/2013,KG,35,36,35.5
Cabbage(Local),6/20/2013,KG,10,15,12.5
Garlic Dry Chinese,6/20/2013,KG,100,110,105
Tomato Big(Nepali),6/21/2013,KG,25,30,27.5
Potato Red,6/21/2013,KG,21,22,21.5
Onion Dry (Indian),6/21/2013,KG,34,35,34.5
Cabbage(Local),6/21/2013,KG,8,12,10
Garlic Dry Chinese,6/21/2013,KG,100,110,105
Tomato Big(Nepali),6/25/2013,KG,30,35,32.5
Potato Red,6/25/2013,KG,23,25,24
Onion Dry (Indian),6/25/2013,KG,33,35,34
Cabbage(Local),6/25/2013,KG,10,15,12.5
Garlic Dry Chinese,6/25/2013,KG,100,110,105
Tomato Big(Nepali),6/26/2013,KG,30,35,32.5
Potato Red,6/26/2013,KG,22,23,22.5
Onion Dry (Indian),6/26/2013,KG,33,35,34
Cabbage(Local),6/26/2013,KG,10,15,12.5
Garlic Dry Chinese,6/26/2013,KG,95,100,97.5
Tomato Big(Nepali),6/27/2013,KG,30,35,32.5
Potato Red,6/27/2013,KG,22,24,23
Onion Dry (Indian),6/27/2013,KG,35,37,36
Cabbage(Local),6/27/2013,KG,10,14,12
Garlic Dry Chinese,6/27/2013,KG,90,100,95
Tomato Big(Nepali),6/28/2013,KG,30,35,32.5
Potato Red,6/28/2013,KG,23,24,23.5
Onion Dry (Indian),6/28/2013,KG,36,38,37
Cabbage(Local),6/28/2013,KG,10,14,12
Garlic Dry Chinese,6/28/2013,KG,90,100,95
Tomato Big(Nepali),6/30/2013,KG,25,30,27.5
Potato Red,6/30/2013,KG,23,24,23.5
Onion Dry (Indian),6/30/2013,KG,36,38,37
Cabbage(Local),6/30/2013,KG,12,15,13.5
Garlic Dry Chinese,6/30/2013,KG,90,100,95
Tomato Big(Nepali),7/1/2013,KG,25,30,27.5
Potato Red,7/1/2013,KG,22,24,23
Onion Dry (Indian),7/1/2013,KG,37,38,37.5
Cabbage(Local),7/1/2013,KG,10,14,12
Garlic Dry Chinese,7/1/2013,KG,90,100,95
Tomato Big(Nepali),7/2/2013,KG,30,35,32.5
Potato Red,7/2/2013,KG,23,24,23.5
Onion Dry (Indian),7/2/2013,KG,38,40,39
Cabbage(Local),7/2/2013,KG,10,14,12
Garlic Dry Chinese,7/2/2013,KG,90,100,95
Tomato Big(Nepali),7/3/2013,KG,30,35,32.5
Potato Red,7/3/2013,KG,22,23,22.5
Onion Dry (Indian),7/3/2013,KG,40,42,41
Cabbage(Local),7/3/2013,KG,10,12,11
Garlic Dry Chinese,7/3/2013,KG,90,100,95
Tomato Big(Nepali),7/4/2013,KG,30,35,32.5
Potato Red,7/4/2013,KG,23,24,23.5
Onion Dry (Indian),7/4/2013,KG,40,42,41
Cabbage(Local),7/4/2013,KG,12,16,14
Garlic Dry Chinese,7/4/2013,KG,90,100,95
Tomato Big(Nepali),7/5/2013,KG,30,35,32.5
Potato Red,7/5/2013,KG,22,24,23
Onion Dry (Indian),7/5/2013,KG,40,42,41
Cabbage(Local),7/5/2013,KG,12,16,14
Garlic Dry Chinese,7/5/2013,KG,90,100,95
Tomato Big(Nepali),7/9/2013,KG,55,60,57.5
Potato Red,7/9/2013,KG,23,24,23.5
Onion Dry (Indian),7/9/2013,KG,44,46,45
Cabbage(Local),7/9/2013,KG,12,16,14
Garlic Dry Chinese,7/9/2013,KG,90,100,95
Tomato Big(Nepali),7/10/2013,KG,55,60,57.5
Potato Red,7/10/2013,KG,23,24,23.5
Onion Dry (Indian),7/10/2013,KG,45,47,46
Cabbage(Local),7/10/2013,KG,14,16,15
Garlic Dry Chinese,7/10/2013,KG,90,100,95
Tomato Big(Nepali),7/11/2013,KG,55,60,57.5
Potato Red,7/11/2013,KG,23,24,23.5
Onion Dry (Indian),7/11/2013,KG,44,46,45
Cabbage(Local),7/11/2013,KG,14,16,15
Garlic Dry Chinese,7/11/2013,KG,90,100,95
Tomato Big(Nepali),7/12/2013,KG,70,80,75
Potato Red,7/12/2013,KG,23,24,23.5
Onion Dry (Indian),7/12/2013,KG,44,46,45
Cabbage(Local),7/12/2013,KG,12,16,14
Garlic Dry Chinese,7/12/2013,KG,85,95,90
Tomato Big(Nepali),7/14/2013,KG,75,80,77.5
Potato Red,7/14/2013,KG,24,24,24
Onion Dry (Indian),7/14/2013,KG,44,46,45
Cabbage(Local),7/14/2013,KG,14,16,15
Garlic Dry Chinese,7/14/2013,KG,85,95,90
Tomato Big(Nepali),7/15/2013,KG,75,80,77.5
Potato Red,7/15/2013,KG,23,24,23.5
Onion Dry (Indian),7/15/2013,KG,44,46,45
Cabbage(Local),7/15/2013,KG,14,16,15
Garlic Dry Chinese,7/15/2013,KG,85,90,87.5
Tomato Big(Nepali),7/16/2013,KG,80,90,85
Potato Red,7/16/2013,KG,23,24,23.5
Onion Dry (Indian),7/16/2013,KG,46,48,47
Cabbage(Local),7/16/2013,KG,14,16,15
Garlic Dry Chinese,7/16/2013,KG,85,90,87.5
Tomato Big(Nepali),7/17/2013,KG,80,90,85
Potato Red,7/17/2013,KG,23,24,23.5
Onion Dry (Indian),7/17/2013,KG,48,50,49
Cabbage(Local),7/17/2013,KG,14,16,15
Garlic Dry Chinese,7/17/2013,KG,85,90,87.5
Tomato Big(Nepali),7/18/2013,KG,65,70,67.5
Potato Red,7/18/2013,KG,23,24,23.5
Onion Dry (Indian),7/18/2013,KG,52,55,53.5
Cabbage(Local),7/18/2013,KG,14,18,16
Garlic Dry Chinese,7/18/2013,KG,85,90,87.5
Tomato Big(Nepali),7/19/2013,KG,55,60,57.5
Potato Red,7/19/2013,KG,23,24,23.5
Onion Dry (Indian),7/19/2013,KG,50,53,51.5
Cabbage(Local),7/19/2013,KG,14,18,16
Garlic Dry Chinese,7/19/2013,KG,85,90,87.5
Tomato Big(Nepali),7/21/2013,KG,50,55,52.5
Potato Red,7/21/2013,KG,24,25,24.5
Onion Dry (Indian),7/21/2013,KG,50,53,51.5
Cabbage(Local),7/21/2013,KG,16,18,17
Garlic Dry Chinese,7/21/2013,KG,85,90,87.5
Tomato Big(Nepali),7/22/2013,KG,55,60,57.5
Potato Red,7/22/2013,KG,23,24,23.5
Onion Dry (Indian),7/22/2013,KG,50,52,51
Cabbage(Local),7/22/2013,KG,14,18,16
Garlic Dry Chinese,7/22/2013,KG,85,90,87.5
Tomato Big(Nepali),7/23/2013,KG,55,60,57.5
Potato Red,7/23/2013,KG,23,24,23.5
Onion Dry (Indian),7/23/2013,KG,50,52,51
Cabbage(Local),7/23/2013,KG,18,20,19
Garlic Dry Chinese,7/23/2013,KG,85,90,87.5
Tomato Big(Nepali),7/24/2013,KG,50,55,52.5
Potato Red,7/24/2013,KG,23,24,23.5
Onion Dry (Indian),7/24/2013,KG,50,52,51
Cabbage(Local),7/24/2013,KG,16,20,18
Garlic Dry Chinese,7/24/2013,KG,85,90,87.5
Tomato Big(Nepali),7/25/2013,KG,50,55,52.5
Potato Red,7/25/2013,KG,23,24,23.5
Onion Dry (Indian),7/25/2013,KG,49,52,50.5
Cabbage(Local),7/25/2013,KG,16,20,18
Garlic Dry Chinese,7/25/2013,KG,80,90,85
Tomato Big(Nepali),7/26/2013,KG,45,50,47.5
Potato Red,7/26/2013,KG,23,24,23.5
Onion Dry (Indian),7/26/2013,KG,49,52,50.5
Cabbage(Local),7/26/2013,KG,18,20,19
Garlic Dry Chinese,7/26/2013,KG,85,90,87.5
Tomato Big(Nepali),7/28/2013,KG,40,50,45
Potato Red,7/28/2013,KG,23,24,23.5
Onion Dry (Indian),7/28/2013,KG,50,51,50.5
Cabbage(Local),7/28/2013,KG,16,20,18
Garlic Dry Chinese,7/28/2013,KG,85,90,87.5
Tomato Big(Nepali),7/29/2013,KG,50,55,52.5
Potato Red,7/29/2013,KG,23,24,23.5
Onion Dry (Indian),7/29/2013,KG,50,52,51
Cabbage(Local),7/29/2013,KG,20,24,22
Garlic Dry Chinese,7/29/2013,KG,80,90,85
Tomato Big(Nepali),7/30/2013,KG,50,55,52.5
Potato Red,7/30/2013,KG,23,24,23.5
Onion Dry (Indian),7/30/2013,KG,50,52,51
Cabbage(Local),7/30/2013,KG,20,24,22
Garlic Dry Chinese,7/30/2013,KG,80,90,85
Tomato Big(Nepali),7/31/2013,KG,40,45,42.5
Potato Red,7/31/2013,KG,23,24,23.5
Onion Dry (Indian),7/31/2013,KG,50,52,51
Cabbage(Local),7/31/2013,KG,22,24,23
Garlic Dry Chinese,7/31/2013,KG,80,90,85
Tomato Big(Nepali),8/1/2013,KG,45,55,50
Potato Red,8/1/2013,KG,23,24,23.5
Onion Dry (Indian),8/1/2013,KG,51,53,52
Cabbage(Local),8/1/2013,KG,20,24,22
Garlic Dry Chinese,8/1/2013,KG,80,90,85
Tomato Big(Nepali),8/2/2013,KG,45,50,47.5
Potato Red,8/2/2013,KG,23,24,23.5
Onion Dry (Indian),8/2/2013,KG,51,53,52
Cabbage(Local),8/2/2013,KG,35,40,37.5
Garlic Dry Chinese,8/2/2013,KG,80,90,85
Tomato Big(Nepali),8/4/2013,KG,40,45,42.5
Potato Red,8/4/2013,KG,27,28,27.5
Onion Dry (Indian),8/4/2013,KG,56,58,57
Cabbage(Local),8/4/2013,KG,28,30,29
Garlic Dry Chinese,8/4/2013,KG,80,90,85
Tomato Big(Nepali),8/5/2013,KG,35,40,37.5
Potato Red,8/5/2013,KG,26,27,26.5
Onion Dry (Indian),8/5/2013,KG,58,60,59
Cabbage(Local),8/5/2013,KG,28,30,29
Garlic Dry Chinese,8/5/2013,KG,80,85,82.5
Tomato Big(Nepali),8/6/2013,KG,35,40,37.5
Potato Red,8/6/2013,KG,26,27,26.5
Onion Dry (Indian),8/6/2013,KG,60,62,61
Cabbage(Local),8/6/2013,KG,34,36,35
Garlic Dry Chinese,8/6/2013,KG,80,85,82.5
Tomato Big(Nepali),8/7/2013,KG,34,36,35
Potato Red,8/7/2013,KG,26,27,26.5
Onion Dry (Indian),8/7/2013,KG,60,62,61
Cabbage(Local),8/7/2013,KG,30,35,32.5
Garlic Dry Chinese,8/7/2013,KG,80,85,82.5
Tomato Big(Nepali),8/8/2013,KG,30,35,32.5
Potato Red,8/8/2013,KG,25,27,26
Onion Dry (Indian),8/8/2013,KG,60,62,61
Cabbage(Local),8/8/2013,KG,30,34,32
Garlic Dry Chinese,8/8/2013,KG,78,82,80
Tomato Big(Nepali),8/12/2013,KG,18,20,19
Potato Red,8/12/2013,KG,25,26,25.5
Onion Dry (Indian),8/12/2013,KG,80,82,81
Cabbage(Local),8/12/2013,KG,30,34,32
Tomato Big(Nepali),8/13/2013,KG,30,35,32.5
Potato Red,8/13/2013,KG,27,28,27.5
Onion Dry (Indian),8/13/2013,KG,88,90,89
Cabbage(Local),8/13/2013,KG,30,35,32.5
Garlic Dry Chinese,8/13/2013,KG,75,80,77.5
Tomato Big(Nepali),8/14/2013,KG,35,40,37.5
Potato Red,8/14/2013,KG,27,28,27.5
Onion Dry (Indian),8/14/2013,KG,88,92,90
Cabbage(Local),8/14/2013,KG,32,34,33
Garlic Dry Chinese,8/14/2013,KG,75,80,77.5
Tomato Big(Nepali),8/15/2013,KG,35,40,37.5
Potato Red,8/15/2013,KG,27,28,27.5
Onion Dry (Indian),8/15/2013,KG,88,90,89
Cabbage(Local),8/15/2013,KG,35,40,37.5
Garlic Dry Chinese,8/15/2013,KG,75,80,77.5
Tomato Big(Nepali),8/16/2013,KG,55,60,57.5
Potato Red,8/16/2013,KG,28,29,28.5
Onion Dry (Indian),8/16/2013,KG,85,90,87.5
Cabbage(Local),8/16/2013,KG,30,35,32.5
Garlic Dry Chinese,8/16/2013,KG,75,80,77.5
Tomato Big(Nepali),8/18/2013,KG,55,60,57.5
Potato Red,8/18/2013,KG,29,30,29.5
Onion Dry (Indian),8/18/2013,KG,80,85,82.5
Cabbage(Local),8/18/2013,KG,38,40,39
Garlic Dry Chinese,8/18/2013,KG,75,80,77.5
Tomato Big(Nepali),8/19/2013,KG,55,60,57.5
Potato Red,8/19/2013,KG,29,30,29.5
Onion Dry (Indian),8/19/2013,KG,80,85,82.5
Cabbage(Local),8/19/2013,KG,35,40,37.5
Garlic Dry Chinese,8/19/2013,KG,75,80,77.5
Tomato Big(Nepali),8/20/2013,KG,55,60,57.5
Potato Red,8/20/2013,KG,29,30,29.5
Onion Dry (Indian),8/20/2013,KG,80,82,81
Cabbage(Local),8/20/2013,KG,35,40,37.5
Garlic Dry Chinese,8/20/2013,KG,75,80,77.5
Tomato Big(Nepali),8/23/2013,KG,55,60,57.5
Potato Red,8/23/2013,KG,30,32,31
Onion Dry (Indian),8/23/2013,KG,75,80,77.5
Cabbage(Local),8/23/2013,KG,40,44,42
Garlic Dry Chinese,8/23/2013,KG,80,85,82.5
Tomato Big(Nepali),8/25/2013,KG,45,50,47.5
Potato Red,8/25/2013,KG,30,32,31
Onion Dry (Indian),8/25/2013,KG,75,80,77.5
Cabbage(Local),8/25/2013,KG,40,42,41
Garlic Dry Chinese,8/25/2013,KG,80,85,82.5
Tomato Big(Nepali),8/26/2013,KG,50,55,52.5
Potato Red,8/26/2013,KG,30,32,31
Onion Dry (Indian),8/26/2013,KG,75,80,77.5
Cabbage(Local),8/26/2013,KG,40,44,42
Garlic Dry Chinese,8/26/2013,KG,80,85,82.5
Tomato Big(Nepali),8/27/2013,KG,40,45,42.5
Potato Red,8/27/2013,KG,30,32,31
Onion Dry (Indian),8/27/2013,KG,75,80,77.5
Cabbage(Local),8/27/2013,KG,40,45,42.5
Garlic Dry Chinese,8/27/2013,KG,75,80,77.5
Tomato Big(Nepali),8/29/2013,KG,35,40,37.5
Potato Red,8/29/2013,KG,30,32,31
Onion Dry (Indian),8/29/2013,KG,80,82,81
Cabbage(Local),8/29/2013,KG,40,44,42
Garlic Dry Chinese,8/29/2013,KG,75,80,77.5
Tomato Big(Nepali),8/30/2013,KG,35,40,37.5
Potato Red,8/30/2013,KG,30,32,31
Onion Dry (Indian),8/30/2013,KG,75,80,77.5
Cabbage(Local),8/30/2013,KG,40,44,42
Garlic Dry Chinese,8/30/2013,KG,75,80,77.5
Tomato Big(Nepali),9/1/2013,KG,35,40,37.5
Potato Red,9/1/2013,KG,31,32,31.5
Onion Dry (Indian),9/1/2013,KG,75,80,77.5
Cabbage(Local),9/1/2013,KG,40,45,42.5
Garlic Dry Chinese,9/1/2013,KG,75,80,77.5
Tomato Big(Nepali),9/2/2013,KG,38,42,40
Potato Red,9/2/2013,KG,31,32,31.5
Onion Dry (Indian),9/2/2013,KG,78,80,79
Cabbage(Local),9/2/2013,KG,40,44,42
Garlic Dry Chinese,9/2/2013,KG,75,80,77.5
Tomato Big(Nepali),9/3/2013,KG,40,45,42.5
Potato Red,9/3/2013,KG,30,32,31
Onion Dry (Indian),9/3/2013,KG,78,82,80
Cabbage(Local),9/3/2013,KG,50,60,55
Garlic Dry Chinese,9/3/2013,KG,75,80,77.5
Tomato Big(Nepali),9/4/2013,KG,40,45,42.5
Potato Red,9/4/2013,KG,31,32,31.5
Onion Dry (Indian),9/4/2013,KG,75,80,77.5
Cabbage(Local),9/4/2013,KG,50,55,52.5
Garlic Dry Chinese,9/4/2013,KG,75,80,77.5
Tomato Big(Nepali),9/5/2013,KG,40,45,42.5
Potato Red,9/5/2013,KG,31,32,31.5
Onion Dry (Indian),9/5/2013,KG,80,85,82.5
Cabbage(Local),9/5/2013,KG,40,45,42.5
Garlic Dry Chinese,9/5/2013,KG,75,80,77.5
Tomato Big(Nepali),9/6/2013,KG,45,50,47.5
Potato Red,9/6/2013,KG,32,33,32.5
Onion Dry (Indian),9/6/2013,KG,80,85,82.5
Cabbage(Local),9/6/2013,KG,50,55,52.5
Garlic Dry Chinese,9/6/2013,KG,85,90,87.5
Tomato Big(Nepali),9/8/2013,KG,42,46,44
Potato Red,9/8/2013,KG,31,32,31.5
Onion Dry (Indian),9/8/2013,KG,78,80,79
Cabbage(Local),9/8/2013,KG,45,50,47.5
Garlic Dry Chinese,9/8/2013,KG,95,100,97.5
Tomato Big(Nepali),9/9/2013,KG,45,50,47.5
Potato Red,9/9/2013,KG,31,32,31.5
Onion Dry (Indian),9/9/2013,KG,80,82,81
Cabbage(Local),9/9/2013,KG,40,45,42.5
Garlic Dry Chinese,9/9/2013,KG,115,120,117.5
Tomato Big(Nepali),9/10/2013,KG,45,50,47.5
Potato Red,9/10/2013,KG,31,32,31.5
Onion Dry (Indian),9/10/2013,KG,80,82,81
Cabbage(Local),9/10/2013,KG,40,47,43.5
Garlic Dry Chinese,9/10/2013,KG,115,120,117.5
Tomato Big(Nepali),9/11/2013,KG,40,45,42.5
Potato Red,9/11/2013,KG,31,32,31.5
Onion Dry (Indian),9/11/2013,KG,80,85,82.5
Cabbage(Local),9/11/2013,KG,40,46,43
Garlic Dry Chinese,9/11/2013,KG,115,120,117.5
Tomato Big(Nepali),9/12/2013,KG,40,45,42.5
Potato Red,9/12/2013,KG,30,32,31
Onion Dry (Indian),9/12/2013,KG,85,90,87.5
Cabbage(Local),9/12/2013,KG,40,45,42.5
Garlic Dry Chinese,9/12/2013,KG,115,120,117.5
Tomato Big(Nepali),9/13/2013,KG,32,36,34
Potato Red,9/13/2013,KG,30,31,30.5
Onion Dry (Indian),9/13/2013,KG,85,90,87.5
Cabbage(Local),9/13/2013,KG,40,45,42.5
Garlic Dry Chinese,9/13/2013,KG,115,120,117.5
Tomato Big(Nepali),9/15/2013,KG,35,40,37.5
Potato Red,9/15/2013,KG,31,32,31.5
Onion Dry (Indian),9/15/2013,KG,95,100,97.5
Cabbage(Local),9/15/2013,KG,40,45,42.5
Garlic Dry Chinese,9/15/2013,KG,115,120,117.5
Tomato Big(Nepali),9/16/2013,KG,35,40,37.5
Potato Red,9/16/2013,KG,31,32,31.5
Onion Dry (Indian),9/16/2013,KG,95,97,96
Cabbage(Local),9/16/2013,KG,40,46,43
Garlic Dry Chinese,9/16/2013,KG,115,120,117.5
Tomato Big(Nepali),9/17/2013,KG,35,40,37.5
Potato Red,9/17/2013,KG,31,32,31.5
Onion Dry (Indian),9/17/2013,KG,100,105,102.5
Cabbage(Local),9/17/2013,KG,40,44,42
Garlic Dry Chinese,9/17/2013,KG,115,120,117.5
Tomato Big(Nepali),9/19/2013,KG,40,45,42.5
Potato Red,9/19/2013,KG,31,32,31.5
Onion Dry (Indian),9/19/2013,KG,100,105,102.5
Cabbage(Local),9/19/2013,KG,40,45,42.5
Garlic Dry Chinese,9/19/2013,KG,115,120,117.5
Tomato Big(Nepali),9/20/2013,KG,38,40,39
Potato Red,9/20/2013,KG,30,31,30.5
Onion Dry (Indian),9/20/2013,KG,100,105,102.5
Cabbage(Local),9/20/2013,KG,40,42,41
Garlic Dry Chinese,9/20/2013,KG,115,120,117.5
Tomato Big(Nepali),9/22/2013,KG,40,45,42.5
Potato Red,9/22/2013,KG,31,35,33
Onion Dry (Indian),9/22/2013,KG,100,105,102.5
Cabbage(Local),9/22/2013,KG,40,45,42.5
Garlic Dry Chinese,9/22/2013,KG,110,115,112.5
Tomato Big(Nepali),9/23/2013,KG,38,40,39
Potato Red,9/23/2013,KG,31,32,31.5
Onion Dry (Indian),9/23/2013,KG,100,105,102.5
Cabbage(Local),9/23/2013,KG,35,40,37.5
Garlic Dry Chinese,9/23/2013,KG,110,115,112.5
Tomato Big(Nepali),9/24/2013,KG,40,45,42.5
Potato Red,9/24/2013,KG,30,31,30.5
Onion Dry (Indian),9/24/2013,KG,95,100,97.5
Cabbage(Local),9/24/2013,KG,40,42,41
Garlic Dry Chinese,9/24/2013,KG,110,115,112.5
Tomato Big(Nepali),9/25/2013,KG,32,36,34
Potato Red,9/25/2013,KG,30,31,30.5
Onion Dry (Indian),9/25/2013,KG,95,100,97.5
Cabbage(Local),9/25/2013,KG,35,40,37.5
Garlic Dry Chinese,9/25/2013,KG,110,115,112.5
Tomato Big(Nepali),9/26/2013,KG,35,40,37.5
Potato Red,9/26/2013,KG,24,27,25.5
Onion Dry (Indian),9/26/2013,KG,95,100,97.5
Cabbage(Local),9/26/2013,KG,38,40,39
Garlic Dry Chinese,9/26/2013,KG,110,115,112.5
Tomato Big(Nepali),9/27/2013,KG,35,40,37.5
Potato Red,9/27/2013,KG,25,26,25.5
Onion Dry (Indian),9/27/2013,KG,90,95,92.5
Cabbage(Local),9/27/2013,KG,35,40,37.5
Garlic Dry Chinese,9/27/2013,KG,110,115,112.5
Tomato Big(Nepali),9/29/2013,KG,30,35,32.5
Potato Red,9/29/2013,KG,24,25,24.5
Onion Dry (Indian),9/29/2013,KG,90,95,92.5
Cabbage(Local),9/29/2013,KG,30,35,32.5
Garlic Dry Chinese,9/29/2013,KG,110,115,112.5
Tomato Big(Nepali),9/30/2013,KG,35,40,37.5
Potato Red,9/30/2013,KG,24,25,24.5
Onion Dry (Indian),9/30/2013,KG,90,95,92.5
Cabbage(Local),9/30/2013,KG,30,34,32
Garlic Dry Chinese,9/30/2013,KG,110,115,112.5
Tomato Big(Nepali),10/1/2013,KG,35,40,37.5
Potato Red,10/1/2013,KG,24,25,24.5
Onion Dry (Indian),10/1/2013,KG,90,95,92.5
Garlic Dry Chinese,10/1/2013,KG,110,115,112.5
Tomato Big(Nepali),10/2/2013,KG,40,45,42.5
Potato Red,10/2/2013,KG,25,26,25.5
Onion Dry (Indian),10/2/2013,KG,90,95,92.5
Cabbage(Local),10/2/2013,KG,32,36,34
Garlic Dry Chinese,10/2/2013,KG,105,110,107.5
Tomato Big(Nepali),10/3/2013,KG,40,45,42.5
Potato Red,10/3/2013,KG,25,26,25.5
Onion Dry (Indian),10/3/2013,KG,95,100,97.5
Cabbage(Local),10/3/2013,KG,30,32,31
Garlic Dry Chinese,10/3/2013,KG,105,110,107.5
Tomato Big(Nepali),10/4/2013,KG,40,45,42.5
Potato Red,10/4/2013,KG,26,27,26.5
Onion Dry (Indian),10/4/2013,KG,90,95,92.5
Cabbage(Local),10/4/2013,KG,28,32,30
Garlic Dry Chinese,10/4/2013,KG,105,110,107.5
Tomato Big(Nepali),10/6/2013,KG,50,55,52.5
Potato Red,10/6/2013,KG,26,28,27
Onion Dry (Indian),10/6/2013,KG,88,92,90
Cabbage(Local),10/6/2013,KG,35,40,37.5
Garlic Dry Chinese,10/6/2013,KG,105,110,107.5
Tomato Big(Nepali),10/7/2013,KG,75,80,77.5
Potato Red,10/7/2013,KG,26,28,27
Onion Dry (Indian),10/7/2013,KG,85,90,87.5
Cabbage(Local),10/7/2013,KG,30,35,32.5
Garlic Dry Chinese,10/7/2013,KG,105,110,107.5
Tomato Big(Nepali),10/8/2013,KG,55,60,57.5
Potato Red,10/8/2013,KG,28,30,29
Onion Dry (Indian),10/8/2013,KG,85,90,87.5
Cabbage(Local),10/8/2013,KG,28,32,30
Garlic Dry Chinese,10/8/2013,KG,105,110,107.5
Tomato Big(Nepali),10/9/2013,KG,60,65,62.5
Potato Red,10/9/2013,KG,30,32,31
Onion Dry (Indian),10/9/2013,KG,90,95,92.5
Cabbage(Local),10/9/2013,KG,30,32,31
Garlic Dry Chinese,10/9/2013,KG,105,110,107.5
Tomato Big(Nepali),10/10/2013,KG,55,60,57.5
Potato Red,10/10/2013,KG,30,32,31
Onion Dry (Indian),10/10/2013,KG,92,96,94
Cabbage(Local),10/10/2013,KG,30,35,32.5
Garlic Dry Chinese,10/10/2013,KG,105,110,107.5
Tomato Big(Nepali),10/11/2013,KG,55,60,57.5
Potato Red,10/11/2013,KG,30,32,31
Onion Dry (Indian),10/11/2013,KG,95,100,97.5
Cabbage(Local),10/11/2013,KG,30,35,32.5
Garlic Dry Chinese,10/11/2013,KG,105,110,107.5
Tomato Big(Nepali),10/12/2013,KG,50,55,52.5
Potato Red,10/12/2013,KG,30,32,31
Onion Dry (Indian),10/12/2013,KG,90,100,95
Cabbage(Local),10/12/2013,KG,28,30,29
Garlic Dry Chinese,10/12/2013,KG,105,110,107.5
Tomato Big(Nepali),10/13/2013,KG,50,55,52.5
Potato Red,10/13/2013,KG,30,32,31
Onion Dry (Indian),10/13/2013,KG,90,95,92.5
Cabbage(Local),10/13/2013,KG,35,40,37.5
Garlic Dry Chinese,10/13/2013,KG,105,110,107.5
Tomato Big(Nepali),10/14/2013,KG,45,50,47.5
Potato Red,10/14/2013,KG,30,32,31
Onion Dry (Indian),10/14/2013,KG,95,100,97.5
Cabbage(Local),10/14/2013,KG,35,40,37.5
Garlic Dry Chinese,10/14/2013,KG,105,110,107.5
Tomato Big(Nepali),10/15/2013,KG,40,45,42.5
Potato Red,10/15/2013,KG,30,32,31
Onion Dry (Indian),10/15/2013,KG,95,100,97.5
Cabbage(Local),10/15/2013,KG,38,40,39
Garlic Dry Chinese,10/15/2013,KG,105,110,107.5
Tomato Big(Nepali),10/16/2013,KG,40,45,42.5
Potato Red,10/16/2013,KG,30,32,31
Onion Dry (Indian),10/16/2013,KG,95,100,97.5
Cabbage(Local),10/16/2013,KG,35,40,37.5
Garlic Dry Chinese,10/16/2013,KG,105,110,107.5
Tomato Big(Nepali),10/17/2013,KG,35,40,37.5
Potato Red,10/17/2013,KG,30,32,31
Onion Dry (Indian),10/17/2013,KG,95,100,97.5
Cabbage(Local),10/17/2013,KG,35,40,37.5
Garlic Dry Chinese,10/17/2013,KG,100,105,102.5
Tomato Big(Nepali),10/20/2013,KG,35,40,37.5
Potato Red,10/20/2013,KG,45,47,46
Onion Dry (Indian),10/20/2013,KG,100,110,105
Cabbage(Local),10/20/2013,KG,24,28,26
Garlic Dry Chinese,10/20/2013,KG,100,105,102.5
Tomato Big(Nepali),10/21/2013,KG,35,40,37.5
Potato Red,10/21/2013,KG,45,47,46
Onion Dry (Indian),10/21/2013,KG,105,110,107.5
Cabbage(Local),10/21/2013,KG,20,25,22.5
Garlic Dry Chinese,10/21/2013,KG,100,105,102.5
Tomato Big(Nepali),10/22/2013,KG,40,45,42.5
Potato Red,10/22/2013,KG,44,46,45
Onion Dry (Indian),10/22/2013,KG,105,110,107.5
Cabbage(Local),10/22/2013,KG,25,30,27.5
Garlic Dry Chinese,10/22/2013,KG,100,105,102.5
Tomato Big(Nepali),10/23/2013,KG,40,45,42.5
Potato Red,10/23/2013,KG,48,50,49
Onion Dry (Indian),10/23/2013,KG,110,115,112.5
Cabbage(Local),10/23/2013,KG,25,30,27.5
Garlic Dry Chinese,10/23/2013,KG,100,105,102.5
Tomato Big(Nepali),10/24/2013,KG,50,55,52.5
Potato Red,10/24/2013,KG,50,55,52.5
Onion Dry (Indian),10/24/2013,KG,115,120,117.5
Cabbage(Local),10/24/2013,KG,30,35,32.5
Garlic Dry Chinese,10/24/2013,KG,100,105,102.5
Tomato Big(Nepali),10/25/2013,KG,55,60,57.5
Potato Red,10/25/2013,KG,52,55,53.5
Onion Dry (Indian),10/25/2013,KG,120,125,122.5
Cabbage(Local),10/25/2013,KG,25,30,27.5
Garlic Dry Chinese,10/25/2013,KG,100,105,102.5
Tomato Big(Nepali),10/27/2013,KG,60,65,62.5
Potato Red,10/27/2013,KG,52,55,53.5
Onion Dry (Indian),10/27/2013,KG,110,120,115
Cabbage(Local),10/27/2013,KG,25,30,27.5
Garlic Dry Chinese,10/27/2013,KG,95,100,97.5
Tomato Big(Nepali),10/28/2013,KG,50,60,55
Potato Red,10/28/2013,KG,50,52,51
Onion Dry (Indian),10/28/2013,KG,100,105,102.5
Cabbage(Local),10/28/2013,KG,28,32,30
Garlic Dry Chinese,10/28/2013,KG,90,100,95
Tomato Big(Nepali),10/29/2013,KG,50,60,55
Potato Red,10/29/2013,KG,45,50,47.5
Onion Dry (Indian),10/29/2013,KG,100,105,102.5
Cabbage(Local),10/29/2013,KG,35,40,37.5
Garlic Dry Chinese,10/29/2013,KG,90,100,95
Tomato Big(Nepali),10/30/2013,KG,55,60,57.5
Potato Red,10/30/2013,KG,40,45,42.5
Onion Dry (Indian),10/30/2013,KG,85,95,90
Cabbage(Local),10/30/2013,KG,34,38,36
Garlic Dry Chinese,10/30/2013,KG,90,100,95
Tomato Big(Nepali),10/31/2013,KG,55,60,57.5
Potato Red,10/31/2013,KG,40,45,42.5
Onion Dry (Indian),10/31/2013,KG,90,95,92.5
Cabbage(Local),10/31/2013,KG,30,35,32.5
Garlic Dry Chinese,10/31/2013,KG,90,95,92.5
Tomato Big(Nepali),11/1/2013,KG,55,60,57.5
Potato Red,11/1/2013,KG,35,40,37.5
Onion Dry (Indian),11/1/2013,KG,100,105,102.5
Cabbage(Local),11/1/2013,KG,30,35,32.5
Garlic Dry Chinese,11/1/2013,KG,90,95,92.5
Tomato Big(Nepali),11/3/2013,KG,55,60,57.5
Potato Red,11/3/2013,KG,40,42,41
Onion Dry (Indian),11/3/2013,KG,95,100,97.5
Cabbage(Local),11/3/2013,KG,30,35,32.5
Garlic Dry Chinese,11/3/2013,KG,90,95,92.5
Tomato Big(Nepali),11/4/2013,KG,55,60,57.5
Potato Red,11/4/2013,KG,40,45,42.5
Onion Dry (Indian),11/4/2013,KG,90,100,95
Cabbage(Local),11/4/2013,KG,30,35,32.5
Garlic Dry Chinese,11/4/2013,KG,90,95,92.5
Tomato Big(Nepali),11/5/2013,KG,60,70,65
Potato Red,11/5/2013,KG,40,45,42.5
Onion Dry (Indian),11/5/2013,KG,90,100,95
Cabbage(Local),11/5/2013,KG,35,40,37.5
Garlic Dry Chinese,11/5/2013,KG,90,95,92.5
Tomato Big(Nepali),11/6/2013,KG,90,100,95
Potato Red,11/6/2013,KG,40,45,42.5
Onion Dry (Indian),11/6/2013,KG,90,100,95
Cabbage(Local),11/6/2013,KG,35,40,37.5
Garlic Dry Chinese,11/6/2013,KG,90,95,92.5
Tomato Big(Nepali),11/7/2013,KG,90,100,95
Potato Red,11/7/2013,KG,40,45,42.5
Onion Dry (Indian),11/7/2013,KG,90,100,95
Cabbage(Local),11/7/2013,KG,40,45,42.5
Garlic Dry Chinese,11/7/2013,KG,90,95,92.5
Tomato Big(Nepali),11/10/2013,KG,80,90,85
Potato Red,11/10/2013,KG,40,42,41
Onion Dry (Indian),11/10/2013,KG,100,110,105
Cabbage(Local),11/10/2013,KG,35,36,35.5
Garlic Dry Chinese,11/10/2013,KG,100,105,102.5
Tomato Big(Nepali),11/11/2013,KG,80,90,85
Potato Red,11/11/2013,KG,35,36,35.5
Onion Dry (Indian),11/11/2013,KG,100,110,105
Cabbage(Local),11/11/2013,KG,35,38,36.5
Garlic Dry Chinese,11/11/2013,KG,100,110,105
Tomato Big(Nepali),11/12/2013,KG,85,90,87.5
Potato Red,11/12/2013,KG,35,36,35.5
Onion Dry (Indian),11/12/2013,KG,100,110,105
Cabbage(Local),11/12/2013,KG,35,38,36.5
Garlic Dry Chinese,11/12/2013,KG,100,105,102.5
Tomato Big(Nepali),11/13/2013,KG,85,90,87.5
Potato Red,11/13/2013,KG,35,40,37.5
Onion Dry (Indian),11/13/2013,KG,100,110,105
Cabbage(Local),11/13/2013,KG,45,52,48.5
Garlic Dry Chinese,11/13/2013,KG,100,105,102.5
Tomato Big(Nepali),11/14/2013,KG,95,100,97.5
Potato Red,11/14/2013,KG,41,44,42.5
Onion Dry (Indian),11/14/2013,KG,105,112,108.5
Cabbage(Local),11/14/2013,KG,48,50,49
Garlic Dry Chinese,11/14/2013,KG,100,110,105
Tomato Big(Nepali),11/15/2013,KG,90,100,95
Potato Red,11/15/2013,KG,40,45,42.5
Onion Dry (Indian),11/15/2013,KG,103,110,106.5
Cabbage(Local),11/15/2013,KG,40,45,42.5
Garlic Dry Chinese,11/15/2013,KG,100,105,102.5
Tomato Big(Nepali),11/16/2013,KG,85,100,92.5
Potato Red,11/16/2013,KG,40,44,42
Onion Dry (Indian),11/16/2013,KG,103,110,106.5
Cabbage(Local),11/16/2013,KG,38,42,40
Garlic Dry Chinese,11/16/2013,KG,100,105,102.5
Tomato Big(Nepali),11/17/2013,KG,90,100,95
Potato Red,11/17/2013,KG,40,44,42
Onion Dry (Indian),11/17/2013,KG,100,105,102.5
Cabbage(Local),11/17/2013,KG,45,50,47.5
Garlic Dry Chinese,11/17/2013,KG,90,100,95
Tomato Big(Nepali),11/18/2013,KG,85,100,92.5
Potato Red,11/18/2013,KG,40,45,42.5
Onion Dry (Indian),11/18/2013,KG,100,105,102.5
Cabbage(Local),11/18/2013,KG,50,56,53
Garlic Dry Chinese,11/18/2013,KG,90,100,95
Tomato Big(Nepali),11/20/2013,KG,90,100,95
Potato Red,11/20/2013,KG,38,41,39.5
Onion Dry (Indian),11/20/2013,KG,80,90,85
Garlic Dry Chinese,11/20/2013,KG,90,100,95
Tomato Big(Nepali),11/21/2013,KG,80,90,85
Potato Red,11/21/2013,KG,40,42,41
Onion Dry (Indian),11/21/2013,KG,80,85,82.5
Cabbage(Local),11/21/2013,KG,45,50,47.5
Garlic Dry Chinese,11/21/2013,KG,90,100,95
Tomato Big(Nepali),11/22/2013,KG,90,100,95
Potato Red,11/22/2013,KG,40,42,41
Onion Dry (Indian),11/22/2013,KG,75,80,77.5
Cabbage(Local),11/22/2013,KG,50,60,55
Garlic Dry Chinese,11/22/2013,KG,90,100,95
Tomato Big(Nepali),11/24/2013,KG,80,90,85
Potato Red,11/24/2013,KG,35,40,37.5
Onion Dry (Indian),11/24/2013,KG,65,70,67.5
Cabbage(Local),11/24/2013,KG,45,50,47.5
Garlic Dry Chinese,11/24/2013,KG,90,100,95
Tomato Big(Nepali),11/25/2013,KG,80,90,85
Potato Red,11/25/2013,KG,35,38,36.5
Onion Dry (Indian),11/25/2013,KG,65,70,67.5
Cabbage(Local),11/25/2013,KG,38,40,39
Garlic Dry Chinese,11/25/2013,KG,90,100,95
Tomato Big(Nepali),11/26/2013,KG,80,90,85
Potato Red,11/26/2013,KG,35,38,36.5
Onion Dry (Indian),11/26/2013,KG,62,65,63.5
Cabbage(Local),11/26/2013,KG,38,40,39
Garlic Dry Chinese,11/26/2013,KG,90,100,95
Tomato Big(Nepali),11/27/2013,KG,75,80,77.5
Potato Red,11/27/2013,KG,34,36,35
Onion Dry (Indian),11/27/2013,KG,60,65,62.5
Cabbage(Local),11/27/2013,KG,44,48,46
Garlic Dry Chinese,11/27/2013,KG,90,100,95
Tomato Big(Nepali),11/28/2013,KG,70,80,75
Potato Red,11/28/2013,KG,32,35,33.5
Onion Dry (Indian),11/28/2013,KG,58,60,59
Cabbage(Local),11/28/2013,KG,45,50,47.5
Garlic Dry Chinese,11/28/2013,KG,90,100,95
Tomato Big(Nepali),11/29/2013,KG,80,90,85
Potato Red,11/29/2013,KG,32,34,33
Onion Dry (Indian),11/29/2013,KG,58,60,59
Cabbage(Local),11/29/2013,KG,45,50,47.5
Garlic Dry Chinese,11/29/2013,KG,90,100,95
Tomato Big(Nepali),12/1/2013,KG,75,80,77.5
Potato Red,12/1/2013,KG,30,32,31
Onion Dry (Indian),12/1/2013,KG,55,60,57.5
Cabbage(Local),12/1/2013,KG,45,50,47.5
Garlic Dry Chinese,12/1/2013,KG,90,100,95
Tomato Big(Nepali),12/2/2013,KG,70,80,75
Potato Red,12/2/2013,KG,30,32,31
Onion Dry (Indian),12/2/2013,KG,45,50,47.5
Cabbage(Local),12/2/2013,KG,38,42,40
Garlic Dry Chinese,12/2/2013,KG,90,100,95
Tomato Big(Nepali),12/3/2013,KG,60,70,65
Potato Red,12/3/2013,KG,30,32,31
Onion Dry (Indian),12/3/2013,KG,45,50,47.5
Cabbage(Local),12/3/2013,KG,38,40,39
Garlic Dry Chinese,12/3/2013,KG,100,105,102.5
Tomato Big(Nepali),12/4/2013,KG,55,60,57.5
Potato Red,12/4/2013,KG,30,32,31
Onion Dry (Indian),12/4/2013,KG,45,50,47.5
Cabbage(Local),12/4/2013,KG,35,40,37.5
Garlic Dry Chinese,12/4/2013,KG,100,105,102.5
Tomato Big(Nepali),12/5/2013,KG,40,50,45
Potato Red,12/5/2013,KG,30,32,31
Onion Dry (Indian),12/5/2013,KG,45,50,47.5
Cabbage(Local),12/5/2013,KG,35,40,37.5
Garlic Dry Chinese,12/5/2013,KG,95,100,97.5
Tomato Big(Nepali),12/6/2013,KG,40,50,45
Potato Red,12/6/2013,KG,30,32,31
Onion Dry (Indian),12/6/2013,KG,45,50,47.5
Cabbage(Local),12/6/2013,KG,28,32,30
Garlic Dry Chinese,12/6/2013,KG,100,105,102.5
Tomato Big(Nepali),12/8/2013,KG,50,60,55
Potato Red,12/8/2013,KG,32,34,33
Onion Dry (Indian),12/8/2013,KG,45,50,47.5
Cabbage(Local),12/8/2013,KG,30,35,32.5
Garlic Dry Chinese,12/8/2013,KG,100,110,105
Tomato Big(Nepali),12/9/2013,KG,45,50,47.5
Potato Red,12/9/2013,KG,30,32,31
Onion Dry (Indian),12/9/2013,KG,45,50,47.5
Cabbage(Local),12/9/2013,KG,25,30,27.5
Garlic Dry Chinese,12/9/2013,KG,100,110,105
Tomato Big(Nepali),12/10/2013,KG,50,60,55
Potato Red,12/10/2013,KG,30,32,31
Onion Dry (Indian),12/10/2013,KG,48,50,49
Cabbage(Local),12/10/2013,KG,25,30,27.5
Garlic Dry Chinese,12/10/2013,KG,105,110,107.5
Tomato Big(Nepali),12/11/2013,KG,40,50,45
Potato Red,12/11/2013,KG,31,33,32
Onion Dry (Indian),12/11/2013,KG,48,50,49
Cabbage(Local),12/11/2013,KG,25,30,27.5
Garlic Dry Chinese,12/11/2013,KG,105,110,107.5
Tomato Big(Nepali),12/12/2013,KG,45,50,47.5
Potato Red,12/12/2013,KG,30,32,31
Onion Dry (Indian),12/12/2013,KG,48,50,49
Cabbage(Local),12/12/2013,KG,30,35,32.5
Garlic Dry Chinese,12/12/2013,KG,105,110,107.5
Tomato Big(Nepali),12/13/2013,KG,45,50,47.5
Potato Red,12/13/2013,KG,30,32,31
Onion Dry (Indian),12/13/2013,KG,48,50,49
Cabbage(Local),12/13/2013,KG,30,35,32.5
Garlic Dry Chinese,12/13/2013,KG,105,110,107.5
Tomato Big(Nepali),12/15/2013,KG,40,50,45
Potato Red,12/15/2013,KG,30,32,31
Onion Dry (Indian),12/15/2013,KG,42,45,43.5
Cabbage(Local),12/15/2013,KG,25,30,27.5
Garlic Dry Chinese,12/15/2013,KG,105,110,107.5
Tomato Big(Nepali),12/16/2013,KG,50,55,52.5
Potato Red,12/16/2013,KG,30,32,31
Onion Dry (Indian),12/16/2013,KG,40,42,41
Cabbage(Local),12/16/2013,KG,20,28,24
Garlic Dry Chinese,12/16/2013,KG,100,110,105
Tomato Big(Nepali),12/18/2013,KG,50,55,52.5
Potato Red,12/18/2013,KG,28,30,29
Onion Dry (Indian),12/18/2013,KG,38,40,39
Cabbage(Local),12/18/2013,KG,20,25,22.5
Garlic Dry Chinese,12/18/2013,KG,100,110,105
Tomato Big(Nepali),12/19/2013,KG,40,45,42.5
Potato Red,12/19/2013,KG,28,30,29
Onion Dry (Indian),12/19/2013,KG,37,40,38.5
Cabbage(Local),12/19/2013,KG,20,25,22.5
Garlic Dry Chinese,12/19/2013,KG,100,105,102.5
Tomato Big(Nepali),12/20/2013,KG,45,50,47.5
Potato Red,12/20/2013,KG,28,30,29
Onion Dry (Indian),12/20/2013,KG,37,40,38.5
Cabbage(Local),12/20/2013,KG,22,25,23.5
Garlic Dry Chinese,12/20/2013,KG,100,105,102.5
Tomato Big(Nepali),12/22/2013,KG,45,50,47.5
Potato Red,12/22/2013,KG,30,31,30.5
Onion Dry (Indian),12/22/2013,KG,35,37,36
Cabbage(Local),12/22/2013,KG,20,25,22.5
Garlic Dry Chinese,12/22/2013,KG,100,105,102.5
Tomato Big(Nepali),12/23/2013,KG,45,50,47.5
Potato Red,12/23/2013,KG,28,30,29
Onion Dry (Indian),12/23/2013,KG,34,36,35
Cabbage(Local),12/23/2013,KG,20,25,22.5
Garlic Dry Chinese,12/23/2013,KG,100,105,102.5
Tomato Big(Nepali),12/24/2013,KG,40,45,42.5
Potato Red,12/24/2013,KG,30,32,31
Onion Dry (Indian),12/24/2013,KG,34,36,35
Cabbage(Local),12/24/2013,KG,20,25,22.5
Garlic Dry Chinese,12/24/2013,KG,100,105,102.5
Tomato Big(Nepali),12/26/2013,KG,45,50,47.5
Potato Red,12/26/2013,KG,30,32,31
Onion Dry (Indian),12/26/2013,KG,31,33,32
Cabbage(Local),12/26/2013,KG,20,25,22.5
Garlic Dry Chinese,12/26/2013,KG,100,105,102.5
Tomato Big(Nepali),12/27/2013,KG,45,50,47.5
Potato Red,12/27/2013,KG,32,33,32.5
Onion Dry (Indian),12/27/2013,KG,31,33,32
Cabbage(Local),12/27/2013,KG,20,25,22.5
Garlic Dry Chinese,12/27/2013,KG,100,105,102.5
Tomato Big(Nepali),12/29/2013,KG,45,50,47.5
Potato Red,12/29/2013,KG,32,33,32.5
Onion Dry (Indian),12/29/2013,KG,31,33,32
Cabbage(Local),12/29/2013,KG,20,25,22.5
Garlic Dry Chinese,12/29/2013,KG,100,105,102.5
Tomato Big(Nepali),12/31/2013,KG,45,50,47.5
Potato Red,12/31/2013,KG,30,32,31
Onion Dry (Indian),12/31/2013,KG,32,35,33.5
Cabbage(Local),12/31/2013,KG,20,25,22.5
Garlic Dry Chinese,12/31/2013,KG,100,105,102.5
Tomato Big(Nepali),1/1/2014,KG,40,45,42.5
Potato Red,1/1/2014,KG,25,28,26.5
Onion Dry (Indian),1/1/2014,KG,35,36,35.5
Cabbage(Local),1/1/2014,KG,20,25,22.5
Garlic Dry Chinese,1/1/2014,KG,100,105,102.5
Tomato Big(Nepali),1/2/2014,KG,40,45,42.5
Potato Red,1/2/2014,KG,25,27,26
Onion Dry (Indian),1/2/2014,KG,34,35,34.5
Cabbage(Local),1/2/2014,KG,20,25,22.5
Garlic Dry Chinese,1/2/2014,KG,100,105,102.5
Tomato Big(Nepali),1/3/2014,KG,40,45,42.5
Potato Red,1/3/2014,KG,25,28,26.5
Onion Dry (Indian),1/3/2014,KG,34,36,35
Cabbage(Local),1/3/2014,KG,20,25,22.5
Garlic Dry Chinese,1/3/2014,KG,100,105,102.5
Tomato Big(Nepali),1/5/2014,KG,35,40,37.5
Potato Red,1/5/2014,KG,25,27,26
Onion Dry (Indian),1/5/2014,KG,34,35,34.5
Cabbage(Local),1/5/2014,KG,20,25,22.5
Garlic Dry Chinese,1/5/2014,KG,100,105,102.5
Tomato Big(Nepali),1/6/2014,KG,35,40,37.5
Potato Red,1/6/2014,KG,25,27,26
Onion Dry (Indian),1/6/2014,KG,34,35,34.5
Cabbage(Local),1/6/2014,KG,20,25,22.5
Garlic Dry Chinese,1/6/2014,KG,100,105,102.5
Tomato Big(Nepali),1/7/2014,KG,35,40,37.5
Potato Red,1/7/2014,KG,24,26,25
Onion Dry (Indian),1/7/2014,KG,33,34,33.5
Cabbage(Local),1/7/2014,KG,20,25,22.5
Garlic Dry Chinese,1/7/2014,KG,100,105,102.5
Tomato Big(Nepali),1/8/2014,KG,30,35,32.5
Potato Red,1/8/2014,KG,24,25,24.5
Onion Dry (Indian),1/8/2014,KG,33,34,33.5
Cabbage(Local),1/8/2014,KG,18,20,19
Garlic Dry Chinese,1/8/2014,KG,100,105,102.5
Tomato Big(Nepali),1/9/2014,KG,30,35,32.5
Potato Red,1/9/2014,KG,22,23,22.5
Onion Dry (Indian),1/9/2014,KG,34,36,35
Cabbage(Local),1/9/2014,KG,20,25,22.5
Garlic Dry Chinese,1/9/2014,KG,100,105,102.5
Tomato Big(Nepali),1/10/2014,KG,30,35,32.5
Potato Red,1/10/2014,KG,23,25,24
Onion Dry (Indian),1/10/2014,KG,33,35,34
Cabbage(Local),1/10/2014,KG,16,20,18
Garlic Dry Chinese,1/10/2014,KG,100,105,102.5
Tomato Big(Nepali),1/12/2014,KG,30,35,32.5
Potato Red,1/12/2014,KG,24,25,24.5
Onion Dry (Indian),1/12/2014,KG,33,34,33.5
Cabbage(Local),1/12/2014,KG,20,25,22.5
Garlic Dry Chinese,1/12/2014,KG,100,105,102.5
Tomato Big(Nepali),1/13/2014,KG,40,45,42.5
Potato Red,1/13/2014,KG,23,24,23.5
Onion Dry (Indian),1/13/2014,KG,33,34,33.5
Cabbage(Local),1/13/2014,KG,18,22,20
Garlic Dry Chinese,1/13/2014,KG,100,105,102.5
Tomato Big(Nepali),1/14/2014,KG,40,45,42.5
Potato Red,1/14/2014,KG,23,25,24
Onion Dry (Indian),1/14/2014,KG,30,32,31
Cabbage(Local),1/14/2014,KG,18,22,20
Garlic Dry Chinese,1/14/2014,KG,100,105,102.5
Tomato Big(Nepali),1/16/2014,KG,40,45,42.5
Potato Red,1/16/2014,KG,22,23,22.5
Onion Dry (Indian),1/16/2014,KG,30,32,31
Cabbage(Local),1/16/2014,KG,20,24,22
Garlic Dry Chinese,1/16/2014,KG,100,105,102.5
Tomato Big(Nepali),1/17/2014,KG,40,45,42.5
Potato Red,1/17/2014,KG,22,23,22.5
Onion Dry (Indian),1/17/2014,KG,30,32,31
Cabbage(Local),1/17/2014,KG,20,24,22
Garlic Dry Chinese,1/17/2014,KG,100,105,102.5
Tomato Big(Nepali),1/19/2014,KG,35,40,37.5
Potato Red,1/19/2014,KG,22,23,22.5
Onion Dry (Indian),1/19/2014,KG,29,30,29.5
Cabbage(Local),1/19/2014,KG,18,20,19
Garlic Dry Chinese,1/19/2014,KG,100,105,102.5
Tomato Big(Nepali),1/20/2014,KG,35,40,37.5
Potato Red,1/20/2014,KG,22,23,22.5
Onion Dry (Indian),1/20/2014,KG,29,30,29.5
Cabbage(Local),1/20/2014,KG,16,20,18
Garlic Dry Chinese,1/20/2014,KG,95,100,97.5
Tomato Big(Nepali),1/21/2014,KG,30,35,32.5
Potato Red,1/21/2014,KG,22,23,22.5
Onion Dry (Indian),1/21/2014,KG,29,30,29.5
Cabbage(Local),1/21/2014,KG,16,20,18
Garlic Dry Chinese,1/21/2014,KG,95,100,97.5
Tomato Big(Nepali),1/22/2014,KG,30,35,32.5
Potato Red,1/22/2014,KG,22,23,22.5
Onion Dry (Indian),1/22/2014,KG,29,30,29.5
Cabbage(Local),1/22/2014,KG,18,20,19
Garlic Dry Chinese,1/22/2014,KG,95,100,97.5
Tomato Big(Nepali),1/23/2014,KG,30,35,32.5
Potato Red,1/23/2014,KG,22,23,22.5
Onion Dry (Indian),1/23/2014,KG,29,30,29.5
Cabbage(Local),1/23/2014,KG,20,24,22
Garlic Dry Chinese,1/23/2014,KG,90,100,95
Tomato Big(Nepali),1/24/2014,KG,25,30,27.5
Potato Red,1/24/2014,KG,22,23,22.5
Onion Dry (Indian),1/24/2014,KG,29,30,29.5
Cabbage(Local),1/24/2014,KG,15,18,16.5
Garlic Dry Chinese,1/24/2014,KG,90,100,95
Tomato Big(Nepali),1/26/2014,KG,30,35,32.5
Potato Red,1/26/2014,KG,21,23,22
Onion Dry (Indian),1/26/2014,KG,29,30,29.5
Cabbage(Local),1/26/2014,KG,18,20,19
Garlic Dry Chinese,1/26/2014,KG,95,100,97.5
Tomato Big(Nepali),1/27/2014,KG,30,35,32.5
Potato Red,1/27/2014,KG,22,23,22.5
Onion Dry (Indian),1/27/2014,KG,29,30,29.5
Cabbage(Local),1/27/2014,KG,18,20,19
Garlic Dry Chinese,1/27/2014,KG,95,105,100
Tomato Big(Nepali),1/28/2014,KG,25,30,27.5
Potato Red,1/28/2014,KG,22,23,22.5
Onion Dry (Indian),1/28/2014,KG,29,30,29.5
Cabbage(Local),1/28/2014,KG,14,16,15
Garlic Dry Chinese,1/28/2014,KG,90,95,92.5
Tomato Big(Nepali),1/29/2014,KG,25,30,27.5
Potato Red,1/29/2014,KG,22,23,22.5
Onion Dry (Indian),1/29/2014,KG,29,30,29.5
Cabbage(Local),1/29/2014,KG,12,16,14
Garlic Dry Chinese,1/29/2014,KG,90,100,95
Tomato Big(Nepali),2/2/2014,KG,30,35,32.5
Potato Red,2/2/2014,KG,20,22,21
Onion Dry (Indian),2/2/2014,KG,27,29,28
Cabbage(Local),2/2/2014,KG,14,18,16
Garlic Dry Chinese,2/2/2014,KG,90,95,92.5
Tomato Big(Nepali),2/3/2014,KG,30,35,32.5
Potato Red,2/3/2014,KG,18,20,19
Onion Dry (Indian),2/3/2014,KG,27,29,28
Cabbage(Local),2/3/2014,KG,18,22,20
Garlic Dry Chinese,2/3/2014,KG,90,95,92.5
Tomato Big(Nepali),2/4/2014,KG,30,35,32.5
Potato Red,2/4/2014,KG,19,20,19.5
Onion Dry (Indian),2/4/2014,KG,27,28,27.5
Cabbage(Local),2/4/2014,KG,18,20,19
Garlic Dry Chinese,2/4/2014,KG,88,92,90
Tomato Big(Nepali),2/5/2014,KG,35,40,37.5
Potato Red,2/5/2014,KG,16,18,17
Onion Dry (Indian),2/5/2014,KG,27,28,27.5
Cabbage(Local),2/5/2014,KG,18,22,20
Garlic Dry Chinese,2/5/2014,KG,85,92,88.5
Tomato Big(Nepali),2/6/2014,KG,35,40,37.5
Potato Red,2/6/2014,KG,16,18,17
Onion Dry (Indian),2/6/2014,KG,27,28,27.5
Cabbage(Local),2/6/2014,KG,20,25,22.5
Garlic Dry Chinese,2/6/2014,KG,85,90,87.5
Tomato Big(Nepali),2/7/2014,KG,35,40,37.5
Potato Red,2/7/2014,KG,16,18,17
Onion Dry (Indian),2/7/2014,KG,27,28,27.5
Cabbage(Local),2/7/2014,KG,18,22,20
Garlic Dry Chinese,2/7/2014,KG,85,90,87.5
Tomato Big(Nepali),2/8/2014,KG,32,40,36
Potato Red,2/8/2014,KG,20,26,23
Onion Dry (Indian),2/8/2014,KG,28,34,31
Cabbage(Local),2/8/2014,KG,18,20,19
Garlic Dry Chinese,2/8/2014,KG,85,100,92.5
Tomato Big(Nepali),2/9/2014,KG,35,40,37.5
Potato Red,2/9/2014,KG,16,18,17
Onion Dry (Indian),2/9/2014,KG,27,28,27.5
Cabbage(Local),2/9/2014,KG,16,20,18
Garlic Dry Chinese,2/9/2014,KG,90,95,92.5
Tomato Big(Nepali),2/10/2014,KG,30,35,32.5
Potato Red,2/10/2014,KG,17,18,17.5
Onion Dry (Indian),2/10/2014,KG,27,28,27.5
Cabbage(Local),2/10/2014,KG,16,20,18
Garlic Dry Chinese,2/10/2014,KG,90,95,92.5
Tomato Big(Nepali),2/11/2014,KG,30,35,32.5
Potato Red,2/11/2014,KG,17,18,17.5
Onion Dry (Indian),2/11/2014,KG,26,27,26.5
Cabbage(Local),2/11/2014,KG,18,20,19
Garlic Dry Chinese,2/11/2014,KG,90,95,92.5
Tomato Big(Nepali),2/12/2014,KG,30,35,32.5
Potato Red,2/12/2014,KG,19,20,19.5
Onion Dry (Indian),2/12/2014,KG,26,27,26.5
Cabbage(Local),2/12/2014,KG,18,20,19
Garlic Dry Chinese,2/12/2014,KG,90,95,92.5
Tomato Big(Nepali),2/13/2014,KG,25,30,27.5
Potato Red,2/13/2014,KG,18,20,19
Onion Dry (Indian),2/13/2014,KG,25,26,25.5
Cabbage(Local),2/13/2014,KG,16,20,18
Garlic Dry Chinese,2/13/2014,KG,90,95,92.5
Tomato Big(Nepali),2/14/2014,KG,20,25,22.5
Potato Red,2/14/2014,KG,19,20,19.5
Onion Dry (Indian),2/14/2014,KG,24,25,24.5
Cabbage(Local),2/14/2014,KG,16,20,18
Garlic Dry Chinese,2/14/2014,KG,90,95,92.5
Tomato Big(Nepali),2/16/2014,KG,30,35,32.5
Potato Red,2/16/2014,KG,19,20,19.5
Onion Dry (Indian),2/16/2014,KG,22,24,23
Cabbage(Local),2/16/2014,KG,18,20,19
Garlic Dry Chinese,2/16/2014,KG,90,95,92.5
Tomato Big(Nepali),2/17/2014,KG,25,30,27.5
Potato Red,2/17/2014,KG,19,20,19.5
Onion Dry (Indian),2/17/2014,KG,22,24,23
Cabbage(Local),2/17/2014,KG,16,20,18
Garlic Dry Chinese,2/17/2014,KG,90,95,92.5
Tomato Big(Nepali),2/18/2014,KG,35,40,37.5
Potato Red,2/18/2014,KG,19,20,19.5
Onion Dry (Indian),2/18/2014,KG,22,24,23
Cabbage(Local),2/18/2014,KG,20,24,22
Garlic Dry Chinese,2/18/2014,KG,90,95,92.5
Tomato Big(Nepali),2/20/2014,KG,30,35,32.5
Potato Red,2/20/2014,KG,19,20,19.5
Onion Dry (Indian),2/20/2014,KG,24,25,24.5
Cabbage(Local),2/20/2014,KG,24,26,25
Garlic Dry Chinese,2/20/2014,KG,90,95,92.5
Tomato Big(Nepali),2/21/2014,KG,30,35,32.5
Potato Red,2/21/2014,KG,19,20,19.5
Onion Dry (Indian),2/21/2014,KG,25,26,25.5
Cabbage(Local),2/21/2014,KG,18,22,20
Garlic Dry Chinese,2/21/2014,KG,90,95,92.5
Tomato Big(Nepali),2/23/2014,KG,25,30,27.5
Potato Red,2/23/2014,KG,19,20,19.5
Onion Dry (Indian),2/23/2014,KG,26,27,26.5
Cabbage(Local),2/23/2014,KG,18,20,19
Garlic Dry Chinese,2/23/2014,KG,90,100,95
Tomato Big(Nepali),2/24/2014,KG,25,30,27.5
Potato Red,2/24/2014,KG,19,20,19.5
Onion Dry (Indian),2/24/2014,KG,26,28,27
Cabbage(Local),2/24/2014,KG,18,22,20
Garlic Dry Chinese,2/24/2014,KG,90,100,95
Tomato Big(Nepali),2/25/2014,KG,25,30,27.5
Potato Red,2/25/2014,KG,19,20,19.5
Onion Dry (Indian),2/25/2014,KG,28,29,28.5
Cabbage(Local),2/25/2014,KG,18,22,20
Garlic Dry Chinese,2/25/2014,KG,90,100,95
Tomato Big(Nepali),2/26/2014,KG,25,30,27.5
Potato Red,2/26/2014,KG,20,21,20.5
Onion Dry (Indian),2/26/2014,KG,28,29,28.5
Cabbage(Local),2/26/2014,KG,20,25,22.5
Garlic Dry Chinese,2/26/2014,KG,95,105,100
Tomato Big(Nepali),2/28/2014,KG,30,35,32.5
Potato Red,2/28/2014,KG,20,21,20.5
Onion Dry (Indian),2/28/2014,KG,29,30,29.5
Cabbage(Local),2/28/2014,KG,20,25,22.5
Garlic Dry Chinese,2/28/2014,KG,95,105,100
Tomato Big(Nepali),3/3/2014,KG,40,45,42.5
Potato Red,3/3/2014,KG,20,21,20.5
Onion Dry (Indian),3/3/2014,KG,29,30,29.5
Cabbage(Local),3/3/2014,KG,20,25,22.5
Garlic Dry Chinese,3/3/2014,KG,100,105,102.5
Tomato Big(Nepali),3/5/2014,KG,40,45,42.5
Potato Red,3/5/2014,KG,21,22,21.5
Onion Dry (Indian),3/5/2014,KG,28,30,29
Cabbage(Local),3/5/2014,KG,18,22,20
Garlic Dry Chinese,3/5/2014,KG,100,105,102.5
Tomato Big(Nepali),3/6/2014,KG,35,40,37.5
Potato Red,3/6/2014,KG,22,23,22.5
Onion Dry (Indian),3/6/2014,KG,28,29,28.5
Cabbage(Local),3/6/2014,KG,16,20,18
Garlic Dry Chinese,3/6/2014,KG,100,105,102.5
Tomato Big(Nepali),3/7/2014,KG,35,40,37.5
Potato Red,3/7/2014,KG,22,23,22.5
Onion Dry (Indian),3/7/2014,KG,28,29,28.5
Cabbage(Local),3/7/2014,KG,16,20,18
Garlic Dry Chinese,3/7/2014,KG,100,105,102.5
Tomato Big(Nepali),3/9/2014,KG,30,35,32.5
Potato Red,3/9/2014,KG,21,23,22
Onion Dry (Indian),3/9/2014,KG,28,29,28.5
Cabbage(Local),3/9/2014,KG,20,25,22.5
Garlic Dry Chinese,3/9/2014,KG,100,110,105
Tomato Big(Nepali),3/10/2014,KG,30,35,32.5
Potato Red,3/10/2014,KG,21,22,21.5
Onion Dry (Indian),3/10/2014,KG,28,29,28.5
Cabbage(Local),3/10/2014,KG,18,20,19
Garlic Dry Chinese,3/10/2014,KG,100,110,105
Tomato Big(Nepali),3/11/2014,KG,35,40,37.5
Potato Red,3/11/2014,KG,21,22,21.5
Onion Dry (Indian),3/11/2014,KG,28,30,29
Cabbage(Local),3/11/2014,KG,16,20,18
Garlic Dry Chinese,3/11/2014,KG,100,110,105
Tomato Big(Nepali),3/12/2014,KG,30,35,32.5
Potato Red,3/12/2014,KG,21,22,21.5
Onion Dry (Indian),3/12/2014,KG,29,30,29.5
Cabbage(Local),3/12/2014,KG,18,22,20
Garlic Dry Chinese,3/12/2014,KG,105,110,107.5
Tomato Big(Nepali),3/13/2014,KG,40,45,42.5
Potato Red,3/13/2014,KG,21,22,21.5
Onion Dry (Indian),3/13/2014,KG,29,30,29.5
Cabbage(Local),3/13/2014,KG,18,22,20
Garlic Dry Chinese,3/13/2014,KG,100,110,105
Tomato Big(Nepali),3/14/2014,KG,40,45,42.5
Potato Red,3/14/2014,KG,20,21,20.5
Onion Dry (Indian),3/14/2014,KG,29,30,29.5
Cabbage(Local),3/14/2014,KG,18,22,20
Garlic Dry Chinese,3/14/2014,KG,100,110,105
Tomato Big(Nepali),3/17/2014,KG,35,40,37.5
Potato Red,3/17/2014,KG,22,23,22.5
Onion Dry (Indian),3/17/2014,KG,29,30,29.5
Cabbage(Local),3/17/2014,KG,24,30,27
Garlic Dry Chinese,3/17/2014,KG,105,110,107.5
Tomato Big(Nepali),3/18/2014,KG,30,35,32.5
Potato Red,3/18/2014,KG,22,24,23
Onion Dry (Indian),3/18/2014,KG,29,30,29.5
Cabbage(Local),3/18/2014,KG,20,25,22.5
Garlic Dry Chinese,3/18/2014,KG,110,115,112.5
Tomato Big(Nepali),3/19/2014,KG,30,35,32.5
Potato Red,3/19/2014,KG,22,24,23
Onion Dry (Indian),3/19/2014,KG,28,29,28.5
Cabbage(Local),3/19/2014,KG,20,25,22.5
Garlic Dry Chinese,3/19/2014,KG,110,115,112.5
Tomato Big(Nepali),3/20/2014,KG,35,40,37.5
Potato Red,3/20/2014,KG,23,24,23.5
Onion Dry (Indian),3/20/2014,KG,28,30,29
Cabbage(Local),3/20/2014,KG,20,25,22.5
Garlic Dry Chinese,3/20/2014,KG,110,115,112.5
Tomato Big(Nepali),3/21/2014,KG,35,40,37.5
Potato Red,3/21/2014,KG,23,24,23.5
Onion Dry (Indian),3/21/2014,KG,29,30,29.5
Cabbage(Local),3/21/2014,KG,24,26,25
Garlic Dry Chinese,3/21/2014,KG,110,120,115
Tomato Big(Nepali),3/23/2014,KG,30,35,32.5
Potato Red,3/23/2014,KG,23,24,23.5
Onion Dry (Indian),3/23/2014,KG,28,29,28.5
Cabbage(Local),3/23/2014,KG,22,25,23.5
Garlic Dry Chinese,3/23/2014,KG,120,130,125
Tomato Big(Nepali),3/24/2014,KG,35,40,37.5
Potato Red,3/24/2014,KG,22,24,23
Onion Dry (Indian),3/24/2014,KG,27,28,27.5
Cabbage(Local),3/24/2014,KG,20,22,21
Garlic Dry Chinese,3/24/2014,KG,115,120,117.5
Tomato Big(Nepali),3/25/2014,KG,35,40,37.5
Potato Red,3/25/2014,KG,23,24,23.5
Onion Dry (Indian),3/25/2014,KG,27,28,27.5
Cabbage(Local),3/25/2014,KG,18,22,20
Garlic Dry Chinese,3/25/2014,KG,115,120,117.5
Tomato Big(Nepali),3/26/2014,KG,30,35,32.5
Potato Red,3/26/2014,KG,23,24,23.5
Onion Dry (Indian),3/26/2014,KG,27,28,27.5
Cabbage(Local),3/26/2014,KG,20,22,21
Garlic Dry Chinese,3/26/2014,KG,115,120,117.5
Tomato Big(Nepali),3/27/2014,KG,30,35,32.5
Potato Red,3/27/2014,KG,22,24,23
Onion Dry (Indian),3/27/2014,KG,27,28,27.5
Cabbage(Local),3/27/2014,KG,20,22,21
Garlic Dry Chinese,3/27/2014,KG,120,130,125
Tomato Big(Nepali),3/28/2014,KG,30,35,32.5
Potato Red,3/28/2014,KG,23,24,23.5
Onion Dry (Indian),3/28/2014,KG,26,27,26.5
Cabbage(Local),3/28/2014,KG,18,20,19
Garlic Dry Chinese,3/28/2014,KG,120,130,125
Tomato Big(Nepali),3/31/2014,KG,34,40,37
Potato Red,3/31/2014,KG,23,24,23.5
Onion Dry (Indian),3/31/2014,KG,26,27,26.5
Cabbage(Local),3/31/2014,KG,15,20,17.5
Garlic Dry Chinese,3/31/2014,KG,120,130,125
Tomato Big(Nepali),4/1/2014,KG,30,36,33
Potato Red,4/1/2014,KG,23,24,23.5
Onion Dry (Indian),4/1/2014,KG,26,27,26.5
Cabbage(Local),4/1/2014,KG,16,20,18
Garlic Dry Chinese,4/1/2014,KG,120,125,122.5
Tomato Big(Nepali),4/2/2014,KG,28,30,29
Potato Red,4/2/2014,KG,22,24,23
Onion Dry (Indian),4/2/2014,KG,27,29,28
Cabbage(Local),4/2/2014,KG,18,20,19
Garlic Dry Chinese,4/2/2014,KG,120,130,125
Tomato Big(Nepali),4/3/2014,KG,30,35,32.5
Potato Red,4/3/2014,KG,23,24,23.5
Onion Dry (Indian),4/3/2014,KG,27,29,28
Cabbage(Local),4/3/2014,KG,16,20,18
Garlic Dry Chinese,4/3/2014,KG,115,120,117.5
Tomato Big(Nepali),4/4/2014,KG,30,35,32.5
Potato Red,4/4/2014,KG,23,24,23.5
Onion Dry (Indian),4/4/2014,KG,27,29,28
Cabbage(Local),4/4/2014,KG,16,20,18
Garlic Dry Chinese,4/4/2014,KG,115,120,117.5
Tomato Big(Nepali),4/6/2014,KG,30,35,32.5
Potato Red,4/6/2014,KG,24,25,24.5
Onion Dry (Indian),4/6/2014,KG,28,30,29
Cabbage(Local),4/6/2014,KG,16,20,18
Garlic Dry Chinese,4/6/2014,KG,115,120,117.5
Tomato Big(Nepali),4/7/2014,KG,30,35,32.5
Potato Red,4/7/2014,KG,25,26,25.5
Onion Dry (Indian),4/7/2014,KG,28,30,29
Cabbage(Local),4/7/2014,KG,16,20,18
Garlic Dry Chinese,4/7/2014,KG,115,120,117.5
Tomato Big(Nepali),4/9/2014,KG,35,40,37.5
Potato Red,4/9/2014,KG,27,28,27.5
Onion Dry (Indian),4/9/2014,KG,28,29,28.5
Cabbage(Local),4/9/2014,KG,15,18,16.5
Garlic Dry Chinese,4/9/2014,KG,115,120,117.5
Tomato Big(Nepali),4/10/2014,KG,35,40,37.5
Potato Red,4/10/2014,KG,28,29,28.5
Onion Dry (Indian),4/10/2014,KG,28,29,28.5
Cabbage(Local),4/10/2014,KG,15,18,16.5
Garlic Dry Chinese,4/10/2014,KG,110,115,112.5
Tomato Big(Nepali),4/11/2014,KG,30,35,32.5
Potato Red,4/11/2014,KG,28,29,28.5
Onion Dry (Indian),4/11/2014,KG,28,29,28.5
Cabbage(Local),4/11/2014,KG,15,18,16.5
Garlic Dry Chinese,4/11/2014,KG,105,110,107.5
Tomato Big(Nepali),4/13/2014,KG,35,40,37.5
Potato Red,4/13/2014,KG,26,28,27
Onion Dry (Indian),4/13/2014,KG,27,28,27.5
Cabbage(Local),4/13/2014,KG,18,20,19
Garlic Dry Chinese,4/13/2014,KG,105,110,107.5
Tomato Big(Nepali),4/15/2014,KG,30,35,32.5
Potato Red,4/15/2014,KG,27,28,27.5
Onion Dry (Indian),4/15/2014,KG,27,28,27.5
Cabbage(Local),4/15/2014,KG,18,20,19
Garlic Dry Chinese,4/15/2014,KG,105,110,107.5
Tomato Big(Nepali),4/16/2014,KG,30,35,32.5
Potato Red,4/16/2014,KG,27,28,27.5
Onion Dry (Indian),4/16/2014,KG,27,29,28
Cabbage(Local),4/16/2014,KG,22,25,23.5
Garlic Dry Chinese,4/16/2014,KG,105,110,107.5
Tomato Big(Nepali),4/17/2014,KG,30,35,32.5
Potato Red,4/17/2014,KG,27,29,28
Onion Dry (Indian),4/17/2014,KG,27,28,27.5
Cabbage(Local),4/17/2014,KG,22,25,23.5
Garlic Dry Chinese,4/17/2014,KG,105,110,107.5
Tomato Big(Nepali),4/18/2014,KG,25,30,27.5
Potato Red,4/18/2014,KG,28,30,29
Onion Dry (Indian),4/18/2014,KG,27,28,27.5
Cabbage(Local),4/18/2014,KG,22,25,23.5
Garlic Dry Chinese,4/18/2014,KG,105,110,107.5
Tomato Big(Nepali),4/20/2014,KG,20,25,22.5
Potato Red,4/20/2014,KG,28,30,29
Onion Dry (Indian),4/20/2014,KG,27,28,27.5
Cabbage(Local),4/20/2014,KG,18,22,20
Garlic Dry Chinese,4/20/2014,KG,105,110,107.5
Tomato Big(Nepali),4/21/2014,KG,20,25,22.5
Potato Red,4/21/2014,KG,27,28,27.5
Onion Dry (Indian),4/21/2014,KG,27,28,27.5
Cabbage(Local),4/21/2014,KG,18,22,20
Garlic Dry Chinese,4/21/2014,KG,105,110,107.5
Tomato Big(Nepali),4/22/2014,KG,30,35,32.5
Potato Red,4/22/2014,KG,25,27,26
Onion Dry (Indian),4/22/2014,KG,28,30,29
Cabbage(Local),4/22/2014,KG,18,20,19
Garlic Dry Chinese,4/22/2014,KG,105,110,107.5
Tomato Big(Nepali),4/23/2014,KG,30,35,32.5
Potato Red,4/23/2014,KG,25,27,26
Onion Dry (Indian),4/23/2014,KG,28,30,29
Cabbage(Local),4/23/2014,KG,18,20,19
Garlic Dry Chinese,4/23/2014,KG,105,110,107.5
Tomato Big(Nepali),4/25/2014,KG,25,30,27.5
Potato Red,4/25/2014,KG,25,26,25.5
Onion Dry (Indian),4/25/2014,KG,30,31,30.5
Cabbage(Local),4/25/2014,KG,20,22,21
Garlic Dry Chinese,4/25/2014,KG,105,110,107.5
Tomato Big(Nepali),4/27/2014,KG,30,35,32.5
Potato Red,4/27/2014,KG,25,26,25.5
Onion Dry (Indian),4/27/2014,KG,30,35,32.5
Cabbage(Local),4/27/2014,KG,18,22,20
Garlic Dry Chinese,4/27/2014,KG,105,110,107.5
Tomato Big(Nepali),4/28/2014,KG,30,35,32.5
Potato Red,4/28/2014,KG,24,25,24.5
Onion Dry (Indian),4/28/2014,KG,30,31,30.5
Cabbage(Local),4/28/2014,KG,18,22,20
Garlic Dry Chinese,4/28/2014,KG,100,110,105
Tomato Big(Nepali),4/29/2014,KG,25,30,27.5
Potato Red,4/29/2014,KG,24,25,24.5
Onion Dry (Indian),4/29/2014,KG,30,31,30.5
Cabbage(Local),4/29/2014,KG,18,20,19
Garlic Dry Chinese,4/29/2014,KG,100,105,102.5
Tomato Big(Nepali),4/30/2014,KG,30,32,31
Potato Red,4/30/2014,KG,24,25,24.5
Onion Dry (Indian),4/30/2014,KG,29,30,29.5
Cabbage(Local),4/30/2014,KG,24,26,25
Garlic Dry Chinese,4/30/2014,KG,100,105,102.5
Tomato Big(Nepali),5/2/2014,KG,30,35,32.5
Potato Red,5/2/2014,KG,27,28,27.5
Onion Dry (Indian),5/2/2014,KG,28,29,28.5
Cabbage(Local),5/2/2014,KG,22,25,23.5
Garlic Dry Chinese,5/2/2014,KG,100,105,102.5
Tomato Big(Nepali),5/4/2014,KG,30,35,32.5
Potato Red,5/4/2014,KG,27,29,28
Onion Dry (Indian),5/4/2014,KG,28,29,28.5
Cabbage(Local),5/4/2014,KG,24,28,26
Garlic Dry Chinese,5/4/2014,KG,100,108,104
Tomato Big(Nepali),5/5/2014,KG,20,25,22.5
Potato Red,5/5/2014,KG,28,30,29
Onion Dry (Indian),5/5/2014,KG,28,30,29
Cabbage(Local),5/5/2014,KG,22,25,23.5
Garlic Dry Chinese,5/5/2014,KG,100,106,103
Tomato Big(Nepali),5/6/2014,KG,20,25,22.5
Potato Red,5/6/2014,KG,28,30,29
Onion Dry (Indian),5/6/2014,KG,28,30,29
Cabbage(Local),5/6/2014,KG,18,22,20
Garlic Dry Chinese,5/6/2014,KG,100,105,102.5
Tomato Big(Nepali),5/7/2014,KG,14,18,16
Potato Red,5/7/2014,KG,28,30,29
Onion Dry (Indian),5/7/2014,KG,28,29,28.5
Cabbage(Local),5/7/2014,KG,20,25,22.5
Garlic Dry Chinese,5/7/2014,KG,100,105,102.5
Tomato Big(Nepali),5/8/2014,KG,18,22,20
Potato Red,5/8/2014,KG,29,30,29.5
Onion Dry (Indian),5/8/2014,KG,29,30,29.5
Cabbage(Local),5/8/2014,KG,18,20,19
Garlic Dry Chinese,5/8/2014,KG,100,105,102.5
Tomato Big(Nepali),5/9/2014,KG,20,25,22.5
Potato Red,5/9/2014,KG,28,30,29
Onion Dry (Indian),5/9/2014,KG,28,30,29
Cabbage(Local),5/9/2014,KG,15,20,17.5
Garlic Dry Chinese,5/9/2014,KG,100,105,102.5
Tomato Big(Nepali),5/11/2014,KG,18,22,20
Potato Red,5/11/2014,KG,28,30,29
Onion Dry (Indian),5/11/2014,KG,28,29,28.5
Cabbage(Local),5/11/2014,KG,15,20,17.5
Garlic Dry Chinese,5/11/2014,KG,100,105,102.5
Tomato Big(Nepali),5/12/2014,KG,18,20,19
Potato Red,5/12/2014,KG,28,30,29
Onion Dry (Indian),5/12/2014,KG,27,29,28
Cabbage(Local),5/12/2014,KG,15,20,17.5
Garlic Dry Chinese,5/12/2014,KG,100,105,102.5
Tomato Big(Nepali),5/13/2014,KG,20,22,21
Potato Red,5/13/2014,KG,27,28,27.5
Onion Dry (Indian),5/13/2014,KG,28,29,28.5
Cabbage(Local),5/13/2014,KG,15,18,16.5
Garlic Dry Chinese,5/13/2014,KG,100,105,102.5
Tomato Big(Nepali),5/15/2014,KG,20,25,22.5
Potato Red,5/15/2014,KG,27,29,28
Onion Dry (Indian),5/15/2014,KG,27,28,27.5
Cabbage(Local),5/15/2014,KG,18,22,20
Garlic Dry Chinese,5/15/2014,KG,100,105,102.5
Tomato Big(Nepali),5/16/2014,KG,25,30,27.5
Potato Red,5/16/2014,KG,27,29,28
Onion Dry (Indian),5/16/2014,KG,27,29,28
Cabbage(Local),5/16/2014,KG,18,22,20
Garlic Dry Chinese,5/16/2014,KG,100,105,102.5
Tomato Big(Nepali),5/18/2014,KG,25,30,27.5
Potato Red,5/18/2014,KG,27,29,28
Onion Dry (Indian),5/18/2014,KG,28,30,29
Cabbage(Local),5/18/2014,KG,18,22,20
Garlic Dry Chinese,5/18/2014,KG,100,105,102.5
Tomato Big(Nepali),5/19/2014,KG,20,25,22.5
Potato Red,5/19/2014,KG,27,29,28
Onion Dry (Indian),5/19/2014,KG,27,29,28
Cabbage(Local),5/19/2014,KG,20,24,22
Garlic Dry Chinese,5/19/2014,KG,100,104,102
Tomato Big(Nepali),5/20/2014,KG,18,22,20
Potato Red,5/20/2014,KG,27,28,27.5
Onion Dry (Indian),5/20/2014,KG,27,29,28
Cabbage(Local),5/20/2014,KG,18,22,20
Garlic Dry Chinese,5/20/2014,KG,100,105,102.5
Tomato Big(Nepali),5/21/2014,KG,20,22,21
Potato Red,5/21/2014,KG,24,28,26
Onion Dry (Indian),5/21/2014,KG,28,30,29
Cabbage(Local),5/21/2014,KG,16,20,18
Garlic Dry Chinese,5/21/2014,KG,100,105,102.5
Tomato Big(Nepali),5/22/2014,KG,15,20,17.5
Potato Red,5/22/2014,KG,28,30,29
Onion Dry (Indian),5/22/2014,KG,28,30,29
Cabbage(Local),5/22/2014,KG,18,22,20
Garlic Dry Chinese,5/22/2014,KG,100,105,102.5
Tomato Big(Nepali),5/23/2014,KG,18,20,19
Potato Red,5/23/2014,KG,27,29,28
Onion Dry (Indian),5/23/2014,KG,28,30,29
Cabbage(Local),5/23/2014,KG,20,24,22
Garlic Dry Chinese,5/23/2014,KG,100,105,102.5
Tomato Big(Nepali),5/25/2014,KG,15,20,17.5
Potato Red,5/25/2014,KG,27,29,28
Onion Dry (Indian),5/25/2014,KG,28,30,29
Cabbage(Local),5/25/2014,KG,22,26,24
Garlic Dry Chinese,5/25/2014,KG,95,105,100
Tomato Big(Nepali),5/26/2014,KG,18,22,20
Potato Red,5/26/2014,KG,28,30,29
Onion Dry (Indian),5/26/2014,KG,29,30,29.5
Cabbage(Local),5/26/2014,KG,20,24,22
Garlic Dry Chinese,5/26/2014,KG,95,100,97.5
Tomato Big(Nepali),5/27/2014,KG,20,25,22.5
Potato Red,5/27/2014,KG,28,30,29
Onion Dry (Indian),5/27/2014,KG,29,30,29.5
Cabbage(Local),5/27/2014,KG,20,25,22.5
Garlic Dry Chinese,5/27/2014,KG,95,100,97.5
Tomato Big(Nepali),5/28/2014,KG,25,30,27.5
Potato Red,5/28/2014,KG,28,30,29
Onion Dry (Indian),5/28/2014,KG,29,30,29.5
Cabbage(Local),5/28/2014,KG,25,30,27.5
Garlic Dry Chinese,5/28/2014,KG,95,100,97.5
Tomato Big(Nepali),5/30/2014,KG,25,30,27.5
Potato Red,5/30/2014,KG,30,32,31
Onion Dry (Indian),5/30/2014,KG,28,30,29
Cabbage(Local),5/30/2014,KG,22,25,23.5
Garlic Dry Chinese,5/30/2014,KG,95,100,97.5
Tomato Big(Nepali),6/1/2014,KG,20,25,22.5
Potato Red,6/1/2014,KG,30,32,31
Onion Dry (Indian),6/1/2014,KG,29,30,29.5
Cabbage(Local),6/1/2014,KG,22,26,24
Garlic Dry Chinese,6/1/2014,KG,95,100,97.5
Tomato Big(Nepali),6/2/2014,KG,25,30,27.5
Potato Red,6/2/2014,KG,32,33,32.5
Onion Dry (Indian),6/2/2014,KG,29,30,29.5
Cabbage(Local),6/2/2014,KG,25,28,26.5
Garlic Dry Chinese,6/2/2014,KG,95,100,97.5
Tomato Big(Nepali),6/3/2014,KG,28,30,29
Potato Red,6/3/2014,KG,32,34,33
Onion Dry (Indian),6/3/2014,KG,28,30,29
Cabbage(Local),6/3/2014,KG,24,28,26
Garlic Dry Chinese,6/3/2014,KG,95,100,97.5
Tomato Big(Nepali),6/4/2014,KG,32,36,34
Potato Red,6/4/2014,KG,32,34,33
Onion Dry (Indian),6/4/2014,KG,28,30,29
Cabbage(Local),6/4/2014,KG,24,26,25
Garlic Dry Chinese,6/4/2014,KG,90,95,92.5
Tomato Big(Nepali),6/5/2014,KG,35,40,37.5
Potato Red,6/5/2014,KG,32,34,33
Onion Dry (Indian),6/5/2014,KG,28,30,29
Cabbage(Local),6/5/2014,KG,22,25,23.5
Garlic Dry Chinese,6/5/2014,KG,90,95,92.5
Tomato Big(Nepali),6/6/2014,KG,32,36,34
Potato Red,6/6/2014,KG,33,35,34
Onion Dry (Indian),6/6/2014,KG,28,30,29
Cabbage(Local),6/6/2014,KG,24,28,26
Garlic Dry Chinese,6/6/2014,KG,90,95,92.5
Tomato Big(Nepali),6/8/2014,KG,28,30,29
Potato Red,6/8/2014,KG,33,35,34
Onion Dry (Indian),6/8/2014,KG,30,32,31
Cabbage(Local),6/8/2014,KG,25,28,26.5
Garlic Dry Chinese,6/8/2014,KG,90,95,92.5
Tomato Big(Nepali),6/9/2014,KG,25,30,27.5
Potato Red,6/9/2014,KG,33,35,34
Onion Dry (Indian),6/9/2014,KG,30,32,31
Cabbage(Local),6/9/2014,KG,25,28,26.5
Garlic Dry Chinese,6/9/2014,KG,90,95,92.5
Tomato Big(Nepali),6/10/2014,KG,25,30,27.5
Potato Red,6/10/2014,KG,34,35,34.5
Onion Dry (Indian),6/10/2014,KG,32,33,32.5
Cabbage(Local),6/10/2014,KG,24,28,26
Garlic Dry Chinese,6/10/2014,KG,90,95,92.5
Tomato Big(Nepali),6/11/2014,KG,20,25,22.5
Potato Red,6/11/2014,KG,34,35,34.5
Onion Dry (Indian),6/11/2014,KG,31,33,32
Cabbage(Local),6/11/2014,KG,24,28,26
Garlic Dry Chinese,6/11/2014,KG,90,95,92.5
Tomato Big(Nepali),6/12/2014,KG,20,25,22.5
Potato Red,6/12/2014,KG,34,35,34.5
Onion Dry (Indian),6/12/2014,KG,30,32,31
Cabbage(Local),6/12/2014,KG,24,28,26
Garlic Dry Chinese,6/12/2014,KG,85,90,87.5
Tomato Big(Nepali),6/13/2014,KG,25,30,27.5
Potato Red,6/13/2014,KG,34,35,34.5
Onion Dry (Indian),6/13/2014,KG,31,33,32
Cabbage(Local),6/13/2014,KG,24,28,26
Garlic Dry Chinese,6/13/2014,KG,85,90,87.5
Tomato Big(Nepali),6/15/2014,KG,20,25,22.5
Potato Red,6/15/2014,KG,36,38,37
Onion Dry (Indian),6/15/2014,KG,34,35,34.5
Cabbage(Local),6/15/2014,KG,25,28,26.5
Garlic Dry Chinese,6/15/2014,KG,85,90,87.5
Tomato Big(Nepali),6/16/2014,KG,20,25,22.5
Potato Red,6/16/2014,KG,36,38,37
Onion Dry (Indian),6/16/2014,KG,34,35,34.5
Cabbage(Local),6/16/2014,KG,25,30,27.5
Garlic Dry Chinese,6/16/2014,KG,85,90,87.5
Tomato Big(Nepali),6/17/2014,KG,20,25,22.5
Potato Red,6/17/2014,KG,36,38,37
Onion Dry (Indian),6/17/2014,KG,34,35,34.5
Cabbage(Local),6/17/2014,KG,28,32,30
Garlic Dry Chinese,6/17/2014,KG,85,90,87.5
Tomato Big(Nepali),6/18/2014,KG,18,22,20
Potato Red,6/18/2014,KG,36,38,37
Onion Dry (Indian),6/18/2014,KG,33,35,34
Cabbage(Local),6/18/2014,KG,30,40,35
Garlic Dry Chinese,6/18/2014,KG,85,90,87.5
Tomato Big(Nepali),6/19/2014,KG,18,22,20
Potato Red,6/19/2014,KG,38,40,39
Onion Dry (Indian),6/19/2014,KG,34,35,34.5
Cabbage(Local),6/19/2014,KG,32,36,34
Garlic Dry Chinese,6/19/2014,KG,90,95,92.5
Tomato Big(Nepali),6/20/2014,KG,20,25,22.5
Potato Red,6/20/2014,KG,36,40,38
Onion Dry (Indian),6/20/2014,KG,35,37,36
Cabbage(Local),6/20/2014,KG,38,42,40
Garlic Dry Chinese,6/20/2014,KG,90,95,92.5
Tomato Big(Nepali),6/23/2014,KG,20,25,22.5
Potato Red,6/23/2014,KG,38,42,40
Onion Dry (Indian),6/23/2014,KG,35,40,37.5
Cabbage(Local),6/23/2014,KG,32,35,33.5
Garlic Dry Chinese,6/23/2014,KG,90,95,92.5
Tomato Big(Nepali),6/24/2014,KG,20,25,22.5
Potato Red,6/24/2014,KG,37,40,38.5
Onion Dry (Indian),6/24/2014,KG,37,40,38.5
Cabbage(Local),6/24/2014,KG,28,32,30
Garlic Dry Chinese,6/24/2014,KG,90,100,95
Tomato Big(Nepali),6/25/2014,KG,20,25,22.5
Potato Red,6/25/2014,KG,40,42,41
Onion Dry (Indian),6/25/2014,KG,37,40,38.5
Cabbage(Local),6/25/2014,KG,25,30,27.5
Garlic Dry Chinese,6/25/2014,KG,95,100,97.5
Tomato Big(Nepali),6/26/2014,KG,20,25,22.5
Potato Red,6/26/2014,KG,38,40,39
Onion Dry (Indian),6/26/2014,KG,38,40,39
Cabbage(Local),6/26/2014,KG,25,30,27.5
Garlic Dry Chinese,6/26/2014,KG,100,110,105
Tomato Big(Nepali),6/27/2014,KG,25,30,27.5
Potato Red,6/27/2014,KG,40,42,41
Onion Dry (Indian),6/27/2014,KG,38,40,39
Cabbage(Local),6/27/2014,KG,28,32,30
Garlic Dry Chinese,6/27/2014,KG,100,110,105
Tomato Big(Nepali),6/29/2014,KG,25,30,27.5
Potato Red,6/29/2014,KG,40,42,41
Onion Dry (Indian),6/29/2014,KG,38,40,39
Cabbage(Local),6/29/2014,KG,30,34,32
Garlic Dry Chinese,6/29/2014,KG,100,110,105
Tomato Big(Nepali),6/30/2014,KG,20,26,23
Potato Red,6/30/2014,KG,40,42,41
Onion Dry (Indian),6/30/2014,KG,40,42,41
Cabbage(Local),6/30/2014,KG,28,32,30
Garlic Dry Chinese,6/30/2014,KG,100,110,105
Tomato Big(Nepali),7/1/2014,KG,22,25,23.5
Potato Red,7/1/2014,KG,40,42,41
Onion Dry (Indian),7/1/2014,KG,44,45,44.5
Cabbage(Local),7/1/2014,KG,30,35,32.5
Garlic Dry Chinese,7/1/2014,KG,100,110,105
Tomato Big(Nepali),7/2/2014,KG,22,25,23.5
Potato Red,7/2/2014,KG,40,42,41
Onion Dry (Indian),7/2/2014,KG,45,47,46
Cabbage(Local),7/2/2014,KG,35,40,37.5
Garlic Dry Chinese,7/2/2014,KG,105,110,107.5
Tomato Big(Nepali),7/3/2014,KG,20,24,22
Potato Red,7/3/2014,KG,40,42,41
Onion Dry (Indian),7/3/2014,KG,45,48,46.5
Cabbage(Local),7/3/2014,KG,36,40,38
Garlic Dry Chinese,7/3/2014,KG,105,110,107.5
Tomato Big(Nepali),7/4/2014,KG,20,22,21
Potato Red,7/4/2014,KG,40,42,41
Onion Dry (Indian),7/4/2014,KG,45,46,45.5
Cabbage(Local),7/4/2014,KG,40,45,42.5
Garlic Dry Chinese,7/4/2014,KG,105,110,107.5
Tomato Big(Nepali),7/5/2014,KG,20,24,22
Potato Red,7/5/2014,KG,40,42,41
Onion Dry (Indian),7/5/2014,KG,45,47,46
Cabbage(Local),7/5/2014,KG,40,45,42.5
Garlic Dry Chinese,7/5/2014,KG,105,110,107.5
Tomato Big(Nepali),7/6/2014,KG,20,22,21
Potato Red,7/6/2014,KG,45,46,45.5
Onion Dry (Indian),7/6/2014,KG,45,50,47.5
Cabbage(Local),7/6/2014,KG,40,42,41
Garlic Dry Chinese,7/6/2014,KG,105,110,107.5
Tomato Big(Nepali),7/7/2014,KG,18,22,20
Potato Red,7/7/2014,KG,37,40,38.5
Onion Dry (Indian),7/7/2014,KG,47,49,48
Cabbage(Local),7/7/2014,KG,40,45,42.5
Garlic Dry Chinese,7/7/2014,KG,105,110,107.5
Tomato Big(Nepali),7/8/2014,KG,16,20,18
Potato Red,7/8/2014,KG,35,37,36
Onion Dry (Indian),7/8/2014,KG,45,50,47.5
Cabbage(Local),7/8/2014,KG,44,48,46
Garlic Dry Chinese,7/8/2014,KG,105,110,107.5
Tomato Big(Nepali),7/9/2014,KG,18,22,20
Potato Red,7/9/2014,KG,36,37,36.5
Onion Dry (Indian),7/9/2014,KG,45,50,47.5
Cabbage(Local),7/9/2014,KG,40,42,41
Garlic Dry Chinese,7/9/2014,KG,100,108,104
Tomato Big(Nepali),7/10/2014,KG,16,20,18
Potato Red,7/10/2014,KG,35,37,36
Onion Dry (Indian),7/10/2014,KG,46,48,47
Cabbage(Local),7/10/2014,KG,44,48,46
Garlic Dry Chinese,7/10/2014,KG,100,110,105
Tomato Big(Nepali),7/11/2014,KG,18,20,19
Potato Red,7/11/2014,KG,35,36,35.5
Onion Dry (Indian),7/11/2014,KG,45,48,46.5
Cabbage(Local),7/11/2014,KG,40,45,42.5
Garlic Dry Chinese,7/11/2014,KG,100,110,105
Tomato Big(Nepali),7/12/2014,KG,16,18,17
Potato Red,7/12/2014,KG,36,37,36.5
Onion Dry (Indian),7/12/2014,KG,46,48,47
Cabbage(Local),7/12/2014,KG,40,45,42.5
Garlic Dry Chinese,7/12/2014,KG,100,108,104
Tomato Big(Nepali),7/13/2014,KG,16,20,18
Potato Red,7/13/2014,KG,43,45,44
Onion Dry (Indian),7/13/2014,KG,45,50,47.5
Cabbage(Local),7/13/2014,KG,35,40,37.5
Garlic Dry Chinese,7/13/2014,KG,100,108,104
Tomato Big(Nepali),7/14/2014,KG,18,20,19
Potato Red,7/14/2014,KG,36,37,36.5
Onion Dry (Indian),7/14/2014,KG,45,48,46.5
Cabbage(Local),7/14/2014,KG,34,36,35
Garlic Dry Chinese,7/14/2014,KG,100,108,104
Tomato Big(Nepali),7/15/2014,KG,15,18,16.5
Potato Red,7/15/2014,KG,36,37,36.5
Onion Dry (Indian),7/15/2014,KG,45,48,46.5
Cabbage(Local),7/15/2014,KG,30,35,32.5
Garlic Dry Chinese,7/15/2014,KG,105,110,107.5
Tomato Big(Nepali),7/16/2014,KG,16,20,18
Potato Red,7/16/2014,KG,36,37,36.5
Onion Dry (Indian),7/16/2014,KG,45,48,46.5
Cabbage(Local),7/16/2014,KG,28,32,30
Garlic Dry Chinese,7/16/2014,KG,105,110,107.5
Tomato Big(Nepali),7/17/2014,KG,16,20,18
Potato Red,7/17/2014,KG,36,37,36.5
Onion Dry (Indian),7/17/2014,KG,45,48,46.5
Cabbage(Local),7/17/2014,KG,25,30,27.5
Garlic Dry Chinese,7/17/2014,KG,103,110,106.5
Tomato Big(Nepali),7/18/2014,KG,25,30,27.5
Potato Red,7/18/2014,KG,36,38,37
Onion Dry (Indian),7/18/2014,KG,45,48,46.5
Cabbage(Local),7/18/2014,KG,25,30,27.5
Garlic Dry Chinese,7/18/2014,KG,105,110,107.5
Tomato Big(Nepali),7/19/2014,KG,25,30,27.5
Potato Red,7/19/2014,KG,40,42,41
Onion Dry (Indian),7/19/2014,KG,45,48,46.5
Cabbage(Local),7/19/2014,KG,25,30,27.5
Garlic Dry Chinese,7/19/2014,KG,105,110,107.5
Tomato Big(Nepali),7/20/2014,KG,24,25,24.5
Potato Red,7/20/2014,KG,40,42,41
Onion Dry (Indian),7/20/2014,KG,45,48,46.5
Cabbage(Local),7/20/2014,KG,28,30,29
Garlic Dry Chinese,7/20/2014,KG,105,110,107.5
Tomato Big(Nepali),7/21/2014,KG,26,28,27
Potato Red,7/21/2014,KG,40,42,41
Onion Dry (Indian),7/21/2014,KG,45,48,46.5
Cabbage(Local),7/21/2014,KG,24,28,26
Garlic Dry Chinese,7/21/2014,KG,105,110,107.5
Tomato Big(Nepali),7/22/2014,KG,25,30,27.5
Potato Red,7/22/2014,KG,40,42,41
Onion Dry (Indian),7/22/2014,KG,45,48,46.5
Cabbage(Local),7/22/2014,KG,22,26,24
Garlic Dry Chinese,7/22/2014,KG,105,110,107.5
Tomato Big(Nepali),7/23/2014,KG,25,30,27.5
Potato Red,7/23/2014,KG,40,42,41
Onion Dry (Indian),7/23/2014,KG,44,46,45
Cabbage(Local),7/23/2014,KG,20,25,22.5
Garlic Dry Chinese,7/23/2014,KG,105,110,107.5
Tomato Big(Nepali),7/24/2014,KG,28,30,29
Potato Red,7/24/2014,KG,40,42,41
Onion Dry (Indian),7/24/2014,KG,44,46,45
Cabbage(Local),7/24/2014,KG,20,22,21
Garlic Dry Chinese,7/24/2014,KG,105,110,107.5
Tomato Big(Nepali),7/25/2014,KG,32,34,33
Potato Red,7/25/2014,KG,40,42,41
Onion Dry (Indian),7/25/2014,KG,44,44,44
Cabbage(Local),7/25/2014,KG,22,26,24
Garlic Dry Chinese,7/25/2014,KG,105,110,107.5
Tomato Big(Nepali),7/26/2014,KG,35,40,37.5
Potato Red,7/26/2014,KG,40,42,41
Onion Dry (Indian),7/26/2014,KG,44,47,45.5
Cabbage(Local),7/26/2014,KG,22,24,23
Garlic Dry Chinese,7/26/2014,KG,105,110,107.5
Tomato Big(Nepali),7/27/2014,KG,35,40,37.5
Potato Red,7/27/2014,KG,40,42,41
Onion Dry (Indian),7/27/2014,KG,44,47,45.5
Cabbage(Local),7/27/2014,KG,22,24,23
Garlic Dry Chinese,7/27/2014,KG,105,110,107.5
Tomato Big(Nepali),7/28/2014,KG,40,45,42.5
Potato Red,7/28/2014,KG,40,42,41
Onion Dry (Indian),7/28/2014,KG,44,46,45
Cabbage(Local),7/28/2014,KG,20,22,21
Garlic Dry Chinese,7/28/2014,KG,105,110,107.5
Tomato Big(Nepali),7/29/2014,KG,40,45,42.5
Potato Red,7/29/2014,KG,40,42,41
Onion Dry (Indian),7/29/2014,KG,44,46,45
Cabbage(Local),7/29/2014,KG,20,22,21
Garlic Dry Chinese,7/29/2014,KG,105,108,106.5
Tomato Big(Nepali),7/30/2014,KG,45,50,47.5
Potato Red,7/30/2014,KG,40,42,41
Onion Dry (Indian),7/30/2014,KG,44,46,45
Cabbage(Local),7/30/2014,KG,18,22,20
Garlic Dry Chinese,7/30/2014,KG,105,110,107.5
Tomato Big(Nepali),7/31/2014,KG,45,50,47.5
Potato Red,7/31/2014,KG,40,43,41.5
Onion Dry (Indian),7/31/2014,KG,44,46,45
Cabbage(Local),7/31/2014,KG,18,22,20
Garlic Dry Chinese,7/31/2014,KG,105,110,107.5
Tomato Big(Nepali),8/1/2014,KG,45,50,47.5
Potato Red,8/1/2014,KG,40,42,41
Onion Dry (Indian),8/1/2014,KG,44,46,45
Cabbage(Local),8/1/2014,KG,18,22,20
Garlic Dry Chinese,8/1/2014,KG,110,115,112.5
Tomato Big(Nepali),8/2/2014,KG,40,45,42.5
Potato Red,8/2/2014,KG,40,42,41
Onion Dry (Indian),8/2/2014,KG,44,46,45
Cabbage(Local),8/2/2014,KG,18,22,20
Garlic Dry Chinese,8/2/2014,KG,110,115,112.5
Tomato Big(Nepali),8/3/2014,KG,40,45,42.5
Potato Red,8/3/2014,KG,42,44,43
Onion Dry (Indian),8/3/2014,KG,44,45,44.5
Cabbage(Local),8/3/2014,KG,16,20,18
Garlic Dry Chinese,8/3/2014,KG,110,115,112.5
Tomato Big(Nepali),8/4/2014,KG,50,55,52.5
Potato Red,8/4/2014,KG,42,44,43
Onion Dry (Indian),8/4/2014,KG,44,45,44.5
Cabbage(Local),8/4/2014,KG,16,20,18
Garlic Dry Chinese,8/4/2014,KG,110,115,112.5
Tomato Big(Nepali),8/5/2014,KG,50,55,52.5
Potato Red,8/5/2014,KG,42,44,43
Onion Dry (Indian),8/5/2014,KG,43,44,43.5
Cabbage(Local),8/5/2014,KG,18,22,20
Garlic Dry Chinese,8/5/2014,KG,110,115,112.5
Tomato Big(Nepali),8/6/2014,KG,45,50,47.5
Potato Red,8/6/2014,KG,44,46,45
Onion Dry (Indian),8/6/2014,KG,42,44,43
Cabbage(Local),8/6/2014,KG,16,20,18
Garlic Dry Chinese,8/6/2014,KG,110,115,112.5
Tomato Big(Nepali),8/7/2014,KG,40,45,42.5
Potato Red,8/7/2014,KG,44,46,45
Onion Dry (Indian),8/7/2014,KG,42,44,43
Cabbage(Local),8/7/2014,KG,16,20,18
Garlic Dry Chinese,8/7/2014,KG,110,115,112.5
Tomato Big(Nepali),8/8/2014,KG,45,50,47.5
Potato Red,8/8/2014,KG,44,46,45
Onion Dry (Indian),8/8/2014,KG,42,44,43
Cabbage(Local),8/8/2014,KG,16,20,18
Garlic Dry Chinese,8/8/2014,KG,110,115,112.5
Tomato Big(Nepali),8/9/2014,KG,40,45,42.5
Potato Red,8/9/2014,KG,44,46,45
Onion Dry (Indian),8/9/2014,KG,42,44,43
Cabbage(Local),8/9/2014,KG,16,20,18
Garlic Dry Chinese,8/9/2014,KG,110,115,112.5
Tomato Big(Nepali),8/10/2014,KG,45,50,47.5
Potato Red,8/10/2014,KG,44,46,45
Onion Dry (Indian),8/10/2014,KG,42,44,43
Cabbage(Local),8/10/2014,KG,16,20,18
Garlic Dry Chinese,8/10/2014,KG,110,120,115
Tomato Big(Nepali),8/11/2014,KG,40,45,42.5
Potato Red,8/11/2014,KG,45,47,46
Onion Dry (Indian),8/11/2014,KG,42,44,43
Cabbage(Local),8/11/2014,KG,16,18,17
Garlic Dry Chinese,8/11/2014,KG,110,120,115
Tomato Big(Nepali),8/12/2014,KG,40,45,42.5
Potato Red,8/12/2014,KG,45,47,46
Onion Dry (Indian),8/12/2014,KG,42,44,43
Cabbage(Local),8/12/2014,KG,14,18,16
Garlic Dry Chinese,8/12/2014,KG,110,115,112.5
Tomato Big(Nepali),8/13/2014,KG,40,45,42.5
Potato Red,8/13/2014,KG,45,48,46.5
Onion Dry (Indian),8/13/2014,KG,42,44,43
Cabbage(Local),8/13/2014,KG,12,16,14
Garlic Dry Chinese,8/13/2014,KG,110,115,112.5
Tomato Big(Nepali),8/14/2014,KG,35,40,37.5
Potato Red,8/14/2014,KG,46,48,47
Onion Dry (Indian),8/14/2014,KG,41,43,42
Cabbage(Local),8/14/2014,KG,12,16,14
Garlic Dry Chinese,8/14/2014,KG,110,115,112.5
Tomato Big(Nepali),8/15/2014,KG,40,45,42.5
Potato Red,8/15/2014,KG,48,50,49
Onion Dry (Indian),8/15/2014,KG,42,44,43
Cabbage(Local),8/15/2014,KG,25,30,27.5
Garlic Dry Chinese,8/15/2014,KG,110,115,112.5
Tomato Big(Nepali),8/16/2014,KG,34,36,35
Potato Red,8/16/2014,KG,48,50,49
Onion Dry (Indian),8/16/2014,KG,40,42,41
Cabbage(Local),8/16/2014,KG,14,18,16
Garlic Dry Chinese,8/16/2014,KG,110,115,112.5
Tomato Big(Nepali),8/17/2014,KG,34,36,35
Potato Red,8/17/2014,KG,48,50,49
Onion Dry (Indian),8/17/2014,KG,40,42,41
Cabbage(Local),8/17/2014,KG,14,18,16
Garlic Dry Chinese,8/17/2014,KG,110,115,112.5
Tomato Big(Nepali),8/18/2014,KG,40,45,42.5
Potato Red,8/18/2014,KG,48,50,49
Onion Dry (Indian),8/18/2014,KG,40,42,41
Cabbage(Local),8/18/2014,KG,12,16,14
Garlic Dry Chinese,8/18/2014,KG,110,115,112.5
Tomato Big(Nepali),8/19/2014,KG,40,45,42.5
Potato Red,8/19/2014,KG,50,55,52.5
Onion Dry (Indian),8/19/2014,KG,40,42,41
Cabbage(Local),8/19/2014,KG,12,16,14
Garlic Dry Chinese,8/19/2014,KG,110,115,112.5
Tomato Big(Nepali),8/20/2014,KG,45,50,47.5
Potato Red,8/20/2014,KG,50,52,51
Onion Dry (Indian),8/20/2014,KG,40,42,41
Cabbage(Local),8/20/2014,KG,12,14,13
Garlic Dry Chinese,8/20/2014,KG,108,112,110
Tomato Big(Nepali),8/21/2014,KG,40,45,42.5
Potato Red,8/21/2014,KG,45,47,46
Onion Dry (Indian),8/21/2014,KG,40,42,41
Cabbage(Local),8/21/2014,KG,15,18,16.5
Garlic Dry Chinese,8/21/2014,KG,108,112,110
Tomato Big(Nepali),8/22/2014,KG,60,70,65
Potato Red,8/22/2014,KG,45,47,46
Onion Dry (Indian),8/22/2014,KG,39,40,39.5
Cabbage(Local),8/22/2014,KG,14,18,16
Garlic Dry Chinese,8/22/2014,KG,108,115,111.5
Tomato Big(Nepali),8/23/2014,KG,55,60,57.5
Potato Red,8/23/2014,KG,45,47,46
Onion Dry (Indian),8/23/2014,KG,40,41,40.5
Cabbage(Local),8/23/2014,KG,14,18,16
Garlic Dry Chinese,8/23/2014,KG,110,112,111
Tomato Big(Nepali),8/24/2014,KG,55,60,57.5
Potato Red,8/24/2014,KG,45,47,46
Onion Dry (Indian),8/24/2014,KG,40,41,40.5
Cabbage(Local),8/24/2014,KG,14,18,16
Garlic Dry Chinese,8/24/2014,KG,110,112,111
Tomato Big(Nepali),8/25/2014,KG,65,70,67.5
Potato Red,8/25/2014,KG,45,47,46
Onion Dry (Indian),8/25/2014,KG,40,41,40.5
Cabbage(Local),8/25/2014,KG,14,18,16
Garlic Dry Chinese,8/25/2014,KG,108,112,110
Tomato Big(Nepali),8/26/2014,KG,65,70,67.5
Potato Red,8/26/2014,KG,45,47,46
Onion Dry (Indian),8/26/2014,KG,39,41,40
Cabbage(Local),8/26/2014,KG,18,24,21
Garlic Dry Chinese,8/26/2014,KG,108,112,110
Tomato Big(Nepali),8/27/2014,KG,65,70,67.5
Potato Red,8/27/2014,KG,45,47,46
Onion Dry (Indian),8/27/2014,KG,39,40,39.5
Cabbage(Local),8/27/2014,KG,15,20,17.5
Garlic Dry Chinese,8/27/2014,KG,108,112,110
Tomato Big(Nepali),8/28/2014,KG,65,70,67.5
Potato Red,8/28/2014,KG,45,47,46
Onion Dry (Indian),8/28/2014,KG,39,40,39.5
Cabbage(Local),8/28/2014,KG,16,20,18
Garlic Dry Chinese,8/28/2014,KG,108,112,110
Tomato Big(Nepali),8/29/2014,KG,65,70,67.5
Potato Red,8/29/2014,KG,45,47,46
Onion Dry (Indian),8/29/2014,KG,39,40,39.5
Cabbage(Local),8/29/2014,KG,15,18,16.5
Garlic Dry Chinese,8/29/2014,KG,108,112,110
Potato Red,8/31/2014,KG,48,53,50.5
Onion Dry (Indian),8/31/2014,KG,40,41,40.5
Cabbage(Local),8/31/2014,KG,12,18,15
Garlic Dry Chinese,8/31/2014,KG,108,112,110
Tomato Big(Nepali),9/1/2014,KG,70,80,75
Potato Red,9/1/2014,KG,45,47,46
Onion Dry (Indian),9/1/2014,KG,39,40,39.5
Cabbage(Local),9/1/2014,KG,12,16,14
Garlic Dry Chinese,9/1/2014,KG,108,112,110
Tomato Big(Nepali),9/2/2014,KG,65,70,67.5
Potato Red,9/2/2014,KG,45,46,45.5
Onion Dry (Indian),9/2/2014,KG,40,41,40.5
Cabbage(Local),9/2/2014,KG,10,14,12
Garlic Dry Chinese,9/2/2014,KG,108,112,110
Tomato Big(Nepali),9/3/2014,KG,55,60,57.5
Potato Red,9/3/2014,KG,44,46,45
Onion Dry (Indian),9/3/2014,KG,40,41,40.5
Cabbage(Local),9/3/2014,KG,10,14,12
Garlic Dry Chinese,9/3/2014,KG,108,112,110
Tomato Big(Nepali),9/4/2014,KG,55,60,57.5
Potato Red,9/4/2014,KG,44,46,45
Onion Dry (Indian),9/4/2014,KG,40,41,40.5
Cabbage(Local),9/4/2014,KG,10,14,12
Garlic Dry Chinese,9/4/2014,KG,108,112,110
Tomato Big(Nepali),9/5/2014,KG,50,55,52.5
Potato Red,9/5/2014,KG,45,46,45.5
Onion Dry (Indian),9/5/2014,KG,39,40,39.5
Cabbage(Local),9/5/2014,KG,10,12,11
Garlic Dry Chinese,9/5/2014,KG,108,112,110
Tomato Big(Nepali),9/6/2014,KG,45,50,47.5
Potato Red,9/6/2014,KG,45,46,45.5
Onion Dry (Indian),9/6/2014,KG,39,40,39.5
Cabbage(Local),9/6/2014,KG,10,14,12
Garlic Dry Chinese,9/6/2014,KG,108,112,110
Tomato Big(Nepali),9/7/2014,KG,50,60,55
Potato Red,9/7/2014,KG,50,56,53
Onion Dry (Indian),9/7/2014,KG,38,42,40
Cabbage(Local),9/7/2014,KG,10,14,12
Garlic Dry Chinese,9/7/2014,KG,108,112,110
Tomato Big(Nepali),9/8/2014,KG,45,50,47.5
Potato Red,9/8/2014,KG,45,46,45.5
Onion Dry (Indian),9/8/2014,KG,39,40,39.5
Cabbage(Local),9/8/2014,KG,10,14,12
Garlic Dry Chinese,9/8/2014,KG,108,112,110
Tomato Big(Nepali),9/9/2014,KG,35,40,37.5
Potato Red,9/9/2014,KG,45,46,45.5
Onion Dry (Indian),9/9/2014,KG,39,40,39.5
Cabbage(Local),9/9/2014,KG,10,14,12
Garlic Dry Chinese,9/9/2014,KG,108,112,110
Tomato Big(Nepali),9/10/2014,KG,35,40,37.5
Potato Red,9/10/2014,KG,45,46,45.5
Onion Dry (Indian),9/10/2014,KG,38,40,39
Cabbage(Local),9/10/2014,KG,12,14,13
Garlic Dry Chinese,9/10/2014,KG,108,112,110
Tomato Big(Nepali),9/11/2014,KG,35,40,37.5
Potato Red,9/11/2014,KG,44,46,45
Onion Dry (Indian),9/11/2014,KG,38,40,39
Cabbage(Local),9/11/2014,KG,12,14,13
Garlic Dry Chinese,9/11/2014,KG,108,110,109
Tomato Big(Nepali),9/12/2014,KG,35,40,37.5
Potato Red,9/12/2014,KG,44,45,44.5
Onion Dry (Indian),9/12/2014,KG,38,40,39
Cabbage(Local),9/12/2014,KG,12,14,13
Garlic Dry Chinese,9/12/2014,KG,110,115,112.5
Tomato Big(Nepali),9/13/2014,KG,35,40,37.5
Potato Red,9/13/2014,KG,45,46,45.5
Onion Dry (Indian),9/13/2014,KG,38,40,39
Cabbage(Local),9/13/2014,KG,12,16,14
Garlic Dry Chinese,9/13/2014,KG,108,112,110
Tomato Big(Nepali),9/14/2014,KG,50,60,55
Potato Red,9/14/2014,KG,50,55,52.5
Onion Dry (Indian),9/14/2014,KG,38,40,39
Cabbage(Local),9/14/2014,KG,10,12,11
Garlic Dry Chinese,9/14/2014,KG,108,110,109
Potato Red,9/15/2014,KG,45,46,45.5
Onion Dry (Indian),9/15/2014,KG,38,40,39
Cabbage(Local),9/15/2014,KG,14,18,16
Garlic Dry Chinese,9/15/2014,KG,110,112,111
Tomato Big(Nepali),9/16/2014,KG,55,60,57.5
Potato Red,9/16/2014,KG,44,45,44.5
Onion Dry (Indian),9/16/2014,KG,38,40,39
Cabbage(Local),9/16/2014,KG,14,16,15
Garlic Dry Chinese,9/16/2014,KG,110,112,111
Potato Red,9/17/2014,KG,45,46,45.5
Onion Dry (Indian),9/17/2014,KG,38,39,38.5
Cabbage(Local),9/17/2014,KG,12,16,14
Garlic Dry Chinese,9/17/2014,KG,105,110,107.5
Tomato Big(Nepali),9/18/2014,KG,60,65,62.5
Potato Red,9/18/2014,KG,44,46,45
Onion Dry (Indian),9/18/2014,KG,38,39,38.5
Cabbage(Local),9/18/2014,KG,14,18,16
Garlic Dry Chinese,9/18/2014,KG,110,112,111
Potato Red,9/19/2014,KG,44,46,45
Onion Dry (Indian),9/19/2014,KG,38,40,39
Cabbage(Local),9/19/2014,KG,14,18,16
Garlic Dry Chinese,9/19/2014,KG,105,110,107.5
Tomato Big(Nepali),9/20/2014,KG,60,70,65
Potato Red,9/20/2014,KG,44,46,45
Onion Dry (Indian),9/20/2014,KG,38,39,38.5
Cabbage(Local),9/20/2014,KG,14,16,15
Garlic Dry Chinese,9/20/2014,KG,105,110,107.5
Tomato Big(Nepali),9/21/2014,KG,60,70,65
Potato Red,9/21/2014,KG,44,45,44.5
Onion Dry (Indian),9/21/2014,KG,38,39,38.5
Cabbage(Local),9/21/2014,KG,14,16,15
Garlic Dry Chinese,9/21/2014,KG,105,110,107.5
Tomato Big(Nepali),9/22/2014,KG,55,60,57.5
Potato Red,9/22/2014,KG,44,46,45
Onion Dry (Indian),9/22/2014,KG,38,39,38.5
Cabbage(Local),9/22/2014,KG,14,18,16
Garlic Dry Chinese,9/22/2014,KG,105,110,107.5
Tomato Big(Nepali),9/23/2014,KG,55,60,57.5
Potato Red,9/23/2014,KG,45,47,46
Onion Dry (Indian),9/23/2014,KG,37,38,37.5
Cabbage(Local),9/23/2014,KG,14,18,16
Garlic Dry Chinese,9/23/2014,KG,105,110,107.5
Tomato Big(Nepali),9/24/2014,KG,50,55,52.5
Potato Red,9/24/2014,KG,45,46,45.5
Onion Dry (Indian),9/24/2014,KG,37,38,37.5
Cabbage(Local),9/24/2014,KG,14,16,15
Garlic Dry Chinese,9/24/2014,KG,105,110,107.5
Tomato Big(Nepali),9/26/2014,KG,50,55,52.5
Potato Red,9/26/2014,KG,48,50,49
Onion Dry (Indian),9/26/2014,KG,37,38,37.5
Cabbage(Local),9/26/2014,KG,15,20,17.5
Garlic Dry Chinese,9/26/2014,KG,105,110,107.5
Tomato Big(Nepali),9/28/2014,KG,70,75,72.5
Potato Red,9/28/2014,KG,46,50,48
Onion Dry (Indian),9/28/2014,KG,37,38,37.5
Cabbage(Local),9/28/2014,KG,16,20,18
Garlic Dry Chinese,9/28/2014,KG,107,115,111
Tomato Big(Nepali),9/29/2014,KG,55,60,57.5
Potato Red,9/29/2014,KG,48,50,49
Onion Dry (Indian),9/29/2014,KG,37,38,37.5
Cabbage(Local),9/29/2014,KG,16,20,18
Garlic Dry Chinese,9/29/2014,KG,115,120,117.5
Tomato Big(Nepali),9/30/2014,KG,65,70,67.5
Potato Red,9/30/2014,KG,47,48,47.5
Onion Dry (Indian),9/30/2014,KG,37,38,37.5
Cabbage(Local),9/30/2014,KG,18,20,19
Garlic Dry Chinese,9/30/2014,KG,115,120,117.5
Tomato Big(Nepali),10/8/2014,KG,32,36,34
Potato Red,10/8/2014,KG,48,50,49
Onion Dry (Indian),10/8/2014,KG,35,36,35.5
Cabbage(Local),10/8/2014,KG,16,20,18
Garlic Dry Chinese,10/8/2014,KG,115,120,117.5
Tomato Big(Nepali),10/9/2014,KG,35,40,37.5
Potato Red,10/9/2014,KG,48,50,49
Onion Dry (Indian),10/9/2014,KG,34,35,34.5
Cabbage(Local),10/9/2014,KG,16,18,17
Garlic Dry Chinese,10/9/2014,KG,115,120,117.5
Tomato Big(Nepali),10/10/2014,KG,35,40,37.5
Potato Red,10/10/2014,KG,50,52,51
Onion Dry (Indian),10/10/2014,KG,35,37,36
Cabbage(Local),10/10/2014,KG,16,20,18
Garlic Dry Chinese,10/10/2014,KG,115,120,117.5
Tomato Big(Nepali),10/12/2014,KG,35,40,37.5
Potato Red,10/12/2014,KG,53,55,54
Onion Dry (Indian),10/12/2014,KG,37,38,37.5
Cabbage(Local),10/12/2014,KG,18,20,19
Garlic Dry Chinese,10/12/2014,KG,115,120,117.5
Tomato Big(Nepali),10/13/2014,KG,42,45,43.5
Potato Red,10/13/2014,KG,52,54,53
Onion Dry (Indian),10/13/2014,KG,39,40,39.5
Cabbage(Local),10/13/2014,KG,18,22,20
Garlic Dry Chinese,10/13/2014,KG,115,120,117.5
Tomato Big(Nepali),10/14/2014,KG,65,70,67.5
Potato Red,10/14/2014,KG,52,54,53
Onion Dry (Indian),10/14/2014,KG,40,41,40.5
Cabbage(Local),10/14/2014,KG,22,26,24
Garlic Dry Chinese,10/14/2014,KG,118,122,120
Tomato Big(Nepali),10/15/2014,KG,65,70,67.5
Potato Red,10/15/2014,KG,52,55,53.5
Onion Dry (Indian),10/15/2014,KG,40,41,40.5
Garlic Dry Chinese,10/15/2014,KG,120,122,121
Tomato Big(Nepali),10/16/2014,KG,45,50,47.5
Potato Red,10/16/2014,KG,52,54,53
Onion Dry (Indian),10/16/2014,KG,40,41,40.5
Cabbage(Local),10/16/2014,KG,25,30,27.5
Garlic Dry Chinese,10/16/2014,KG,118,122,120
Tomato Big(Nepali),10/17/2014,KG,50,55,52.5
Potato Red,10/17/2014,KG,50,52,51
Onion Dry (Indian),10/17/2014,KG,40,41,40.5
Cabbage(Local),10/17/2014,KG,18,22,20
Garlic Dry Chinese,10/17/2014,KG,118,122,120
Tomato Big(Nepali),10/19/2014,KG,50,55,52.5
Potato Red,10/19/2014,KG,50,65,57.5
Onion Dry (Indian),10/19/2014,KG,38,40,39
Cabbage(Local),10/19/2014,KG,16,18,17
Garlic Dry Chinese,10/19/2014,KG,118,120,119
Tomato Big(Nepali),10/20/2014,KG,50,55,52.5
Potato Red,10/20/2014,KG,63,65,64
Onion Dry (Indian),10/20/2014,KG,39,41,40
Cabbage(Local),10/20/2014,KG,16,20,18
Garlic Dry Chinese,10/20/2014,KG,118,122,120
Tomato Big(Nepali),10/21/2014,KG,55,60,57.5
Potato Red,10/21/2014,KG,65,70,67.5
Onion Dry (Indian),10/21/2014,KG,35,40,37.5
Cabbage(Local),10/21/2014,KG,18,22,20
Garlic Dry Chinese,10/21/2014,KG,120,125,122.5
Tomato Big(Nepali),10/22/2014,KG,60,70,65
Potato Red,10/22/2014,KG,50,55,52.5
Onion Dry (Indian),10/22/2014,KG,40,45,42.5
Cabbage(Local),10/22/2014,KG,20,25,22.5
Garlic Dry Chinese,10/22/2014,KG,130,135,132.5
Tomato Big(Nepali),10/23/2014,KG,28,40,34
Potato Red,10/23/2014,KG,50,55,52.5
Onion Dry (Indian),10/23/2014,KG,40,45,42.5
Cabbage(Local),10/23/2014,KG,20,25,22.5
Garlic Dry Chinese,10/23/2014,KG,124,130,127
Tomato Big(Nepali),10/24/2014,KG,35,42,38.5
Potato Red,10/24/2014,KG,42,50,46
Onion Dry (Indian),10/24/2014,KG,37,40,38.5
Cabbage(Local),10/24/2014,KG,18,25,21.5
Garlic Dry Chinese,10/24/2014,KG,123,128,125.5
Tomato Big(Nepali),10/25/2014,KG,35,40,37.5
Potato Red,10/25/2014,KG,40,48,44
Onion Dry (Indian),10/25/2014,KG,38,40,39
Cabbage(Local),10/25/2014,KG,18,22,20
Garlic Dry Chinese,10/25/2014,KG,124,128,126
Tomato Big(Nepali),10/26/2014,KG,30,35,32.5
Potato Red,10/26/2014,KG,50,52,51
Onion Dry (Indian),10/26/2014,KG,37,39,38
Cabbage(Local),10/26/2014,KG,20,24,22
Garlic Dry Chinese,10/26/2014,KG,118,122,120
Tomato Big(Nepali),10/27/2014,KG,40,45,42.5
Potato Red,10/27/2014,KG,46,48,47
Onion Dry (Indian),10/27/2014,KG,37,40,38.5
Cabbage(Local),10/27/2014,KG,25,30,27.5
Garlic Dry Chinese,10/27/2014,KG,118,120,119
Tomato Big(Nepali),10/28/2014,KG,35,40,37.5
Potato Red,10/28/2014,KG,40,42,41
Onion Dry (Indian),10/28/2014,KG,40,41,40.5
Cabbage(Local),10/28/2014,KG,28,30,29
Garlic Dry Chinese,10/28/2014,KG,118,120,119
Tomato Big(Nepali),10/29/2014,KG,35,40,37.5
Potato Red,10/29/2014,KG,39,40,39.5
Onion Dry (Indian),10/29/2014,KG,39,40,39.5
Cabbage(Local),10/29/2014,KG,20,25,22.5
Garlic Dry Chinese,10/29/2014,KG,120,125,122.5
Tomato Big(Nepali),10/30/2014,KG,32,36,34
Potato Red,10/30/2014,KG,39,40,39.5
Onion Dry (Indian),10/30/2014,KG,45,46,45.5
Cabbage(Local),10/30/2014,KG,18,22,20
Garlic Dry Chinese,10/30/2014,KG,120,122,121
Tomato Big(Nepali),10/31/2014,KG,30,35,32.5
Potato Red,10/31/2014,KG,52,56,54
Onion Dry (Indian),10/31/2014,KG,44,45,44.5
Cabbage(Local),10/31/2014,KG,16,20,18
Garlic Dry Chinese,10/31/2014,KG,116,120,118
Tomato Big(Nepali),11/1/2014,KG,30,35,32.5
Potato Red,11/1/2014,KG,50,55,52.5
Onion Dry (Indian),11/1/2014,KG,44,45,44.5
Cabbage(Local),11/1/2014,KG,16,20,18
Garlic Dry Chinese,11/1/2014,KG,118,120,119
Tomato Big(Nepali),11/2/2014,KG,40,50,45
Potato Red,11/2/2014,KG,50,52,51
Onion Dry (Indian),11/2/2014,KG,44,45,44.5
Cabbage(Local),11/2/2014,KG,16,20,18
Garlic Dry Chinese,11/2/2014,KG,118,120,119
Tomato Big(Nepali),11/3/2014,KG,25,30,27.5
Potato Red,11/3/2014,KG,45,50,47.5
Onion Dry (Indian),11/3/2014,KG,41,43,42
Cabbage(Local),11/3/2014,KG,25,30,27.5
Garlic Dry Chinese,11/3/2014,KG,115,120,117.5
Tomato Big(Nepali),11/4/2014,KG,30,32,31
Potato Red,11/4/2014,KG,45,50,47.5
Onion Dry (Indian),11/4/2014,KG,42,44,43
Cabbage(Local),11/4/2014,KG,26,30,28
Garlic Dry Chinese,11/4/2014,KG,115,120,117.5
Tomato Big(Nepali),11/5/2014,KG,26,30,28
Potato Red,11/5/2014,KG,45,50,47.5
Onion Dry (Indian),11/5/2014,KG,42,44,43
Cabbage(Local),11/5/2014,KG,20,24,22
Garlic Dry Chinese,11/5/2014,KG,115,120,117.5
Tomato Big(Nepali),11/6/2014,KG,28,30,29
Potato Red,11/6/2014,KG,46,48,47
Onion Dry (Indian),11/6/2014,KG,42,44,43
Cabbage(Local),11/6/2014,KG,18,22,20
Garlic Dry Chinese,11/6/2014,KG,115,120,117.5
Tomato Big(Nepali),11/7/2014,KG,28,30,29
Potato Red,11/7/2014,KG,45,50,47.5
Onion Dry (Indian),11/7/2014,KG,41,43,42
Cabbage(Local),11/7/2014,KG,18,20,19
Garlic Dry Chinese,11/7/2014,KG,115,120,117.5
Tomato Big(Nepali),11/8/2014,KG,30,32,31
Potato Red,11/8/2014,KG,48,50,49
Onion Dry (Indian),11/8/2014,KG,42,44,43
Cabbage(Local),11/8/2014,KG,18,22,20
Garlic Dry Chinese,11/8/2014,KG,115,120,117.5
Tomato Big(Nepali),11/9/2014,KG,40,50,45
Potato Red,11/9/2014,KG,45,50,47.5
Onion Dry (Indian),11/9/2014,KG,43,45,44
Cabbage(Local),11/9/2014,KG,18,22,20
Garlic Dry Chinese,11/9/2014,KG,115,120,117.5
Tomato Big(Nepali),11/10/2014,KG,25,30,27.5
Potato Red,11/10/2014,KG,44,48,46
Onion Dry (Indian),11/10/2014,KG,41,43,42
Cabbage(Local),11/10/2014,KG,16,20,18
Garlic Dry Chinese,11/10/2014,KG,115,120,117.5
Tomato Big(Nepali),11/11/2014,KG,30,32,31
Potato Red,11/11/2014,KG,42,44,43
Onion Dry (Indian),11/11/2014,KG,41,42,41.5
Cabbage(Local),11/11/2014,KG,22,25,23.5
Garlic Dry Chinese,11/11/2014,KG,115,120,117.5
Tomato Big(Nepali),11/12/2014,KG,30,34,32
Potato Red,11/12/2014,KG,40,45,42.5
Onion Dry (Indian),11/12/2014,KG,40,42,41
Cabbage(Local),11/12/2014,KG,20,24,22
Garlic Dry Chinese,11/12/2014,KG,115,120,117.5
Tomato Big(Nepali),11/13/2014,KG,28,32,30
Potato Red,11/13/2014,KG,40,45,42.5
Onion Dry (Indian),11/13/2014,KG,40,42,41
Cabbage(Local),11/13/2014,KG,22,24,23
Garlic Dry Chinese,11/13/2014,KG,115,120,117.5
Tomato Big(Nepali),11/14/2014,KG,30,32,31
Potato Red,11/14/2014,KG,40,42,41
Onion Dry (Indian),11/14/2014,KG,40,41,40.5
Cabbage(Local),11/14/2014,KG,18,22,20
Garlic Dry Chinese,11/14/2014,KG,115,120,117.5
Tomato Big(Nepali),11/15/2014,KG,30,32,31
Potato Red,11/15/2014,KG,40,44,42
Onion Dry (Indian),11/15/2014,KG,38,40,39
Cabbage(Local),11/15/2014,KG,18,20,19
Garlic Dry Chinese,11/15/2014,KG,115,120,117.5
Tomato Big(Nepali),11/16/2014,KG,30,32,31
Potato Red,11/16/2014,KG,40,42,41
Onion Dry (Indian),11/16/2014,KG,40,42,41
Cabbage(Local),11/16/2014,KG,20,24,22
Garlic Dry Chinese,11/16/2014,KG,115,120,117.5
Tomato Big(Nepali),11/17/2014,KG,25,30,27.5
Potato Red,11/17/2014,KG,38,40,39
Onion Dry (Indian),11/17/2014,KG,38,40,39
Cabbage(Local),11/17/2014,KG,16,20,18
Garlic Dry Chinese,11/17/2014,KG,115,120,117.5
Tomato Big(Nepali),11/18/2014,KG,25,30,27.5
Potato Red,11/18/2014,KG,38,40,39
Onion Dry (Indian),11/18/2014,KG,38,40,39
Cabbage(Local),11/18/2014,KG,18,20,19
Garlic Dry Chinese,11/18/2014,KG,115,120,117.5
Tomato Big(Nepali),11/19/2014,KG,24,28,26
Potato Red,11/19/2014,KG,35,38,36.5
Onion Dry (Indian),11/19/2014,KG,38,40,39
Cabbage(Local),11/19/2014,KG,18,20,19
Garlic Dry Chinese,11/19/2014,KG,115,120,117.5
Tomato Big(Nepali),11/20/2014,KG,25,30,27.5
Potato Red,11/20/2014,KG,35,38,36.5
Onion Dry (Indian),11/20/2014,KG,38,40,39
Cabbage(Local),11/20/2014,KG,18,22,20
Garlic Dry Chinese,11/20/2014,KG,115,120,117.5
Tomato Big(Nepali),11/21/2014,KG,26,28,27
Potato Red,11/21/2014,KG,35,38,36.5
Onion Dry (Indian),11/21/2014,KG,39,40,39.5
Cabbage(Local),11/21/2014,KG,20,24,22
Garlic Dry Chinese,11/21/2014,KG,115,120,117.5
Tomato Big(Nepali),11/22/2014,KG,26,28,27
Potato Red,11/22/2014,KG,40,44,42
Onion Dry (Indian),11/22/2014,KG,38,40,39
Cabbage(Local),11/22/2014,KG,18,20,19
Garlic Dry Chinese,11/22/2014,KG,115,120,117.5
Tomato Big(Nepali),11/23/2014,KG,25,30,27.5
Potato Red,11/23/2014,KG,35,40,37.5
Onion Dry (Indian),11/23/2014,KG,34,36,35
Cabbage(Local),11/23/2014,KG,20,22,21
Garlic Dry Chinese,11/23/2014,KG,115,120,117.5
Tomato Big(Nepali),11/24/2014,KG,30,35,32.5
Potato Red,11/24/2014,KG,40,42,41
Onion Dry (Indian),11/24/2014,KG,38,39,38.5
Cabbage(Local),11/24/2014,KG,18,20,19
Garlic Dry Chinese,11/24/2014,KG,115,120,117.5
Tomato Big(Nepali),11/25/2014,KG,35,40,37.5
Potato Red,11/25/2014,KG,40,42,41
Onion Dry (Indian),11/25/2014,KG,38,40,39
Cabbage(Local),11/25/2014,KG,18,20,19
Garlic Dry Chinese,11/25/2014,KG,115,120,117.5
Tomato Big(Nepali),11/26/2014,KG,35,40,37.5
Potato Red,11/26/2014,KG,40,42,41
Onion Dry (Indian),11/26/2014,KG,38,40,39
Cabbage(Local),11/26/2014,KG,14,18,16
Garlic Dry Chinese,11/26/2014,KG,115,120,117.5
Tomato Big(Nepali),11/27/2014,KG,35,40,37.5
Potato Red,11/27/2014,KG,40,42,41
Onion Dry (Indian),11/27/2014,KG,38,40,39
Cabbage(Local),11/27/2014,KG,16,20,18
Garlic Dry Chinese,11/27/2014,KG,120,125,122.5
Tomato Big(Nepali),11/28/2014,KG,40,50,45
Potato Red,11/28/2014,KG,38,40,39
Onion Dry (Indian),11/28/2014,KG,37,38,37.5
Cabbage(Local),11/28/2014,KG,15,18,16.5
Garlic Dry Chinese,11/28/2014,KG,120,124,122
Tomato Big(Nepali),11/29/2014,KG,40,45,42.5
Potato Red,11/29/2014,KG,35,38,36.5
Onion Dry (Indian),11/29/2014,KG,37,38,37.5
Cabbage(Local),11/29/2014,KG,20,22,21
Garlic Dry Chinese,11/29/2014,KG,120,124,122
Tomato Big(Nepali),11/30/2014,KG,35,40,37.5
Potato Red,11/30/2014,KG,40,42,41
Onion Dry (Indian),11/30/2014,KG,38,40,39
Cabbage(Local),11/30/2014,KG,16,20,18
Garlic Dry Chinese,11/30/2014,KG,120,125,122.5
Tomato Big(Nepali),12/1/2014,KG,35,40,37.5
Potato Red,12/1/2014,KG,38,40,39
Onion Dry (Indian),12/1/2014,KG,37,38,37.5
Cabbage(Local),12/1/2014,KG,14,16,15
Garlic Dry Chinese,12/1/2014,KG,118,122,120
Tomato Big(Nepali),12/2/2014,KG,35,40,37.5
Potato Red,12/2/2014,KG,32,35,33.5
Onion Dry (Indian),12/2/2014,KG,37,38,37.5
Cabbage(Local),12/2/2014,KG,16,20,18
Garlic Dry Chinese,12/2/2014,KG,118,124,121
Tomato Big(Nepali),12/3/2014,KG,35,40,37.5
Potato Red,12/3/2014,KG,32,35,33.5
Onion Dry (Indian),12/3/2014,KG,37,38,37.5
Cabbage(Local),12/3/2014,KG,14,16,15
Garlic Dry Chinese,12/3/2014,KG,110,120,115
Tomato Big(Nepali),12/4/2014,KG,35,40,37.5
Potato Red,12/4/2014,KG,34,36,35
Onion Dry (Indian),12/4/2014,KG,38,40,39
Cabbage(Local),12/4/2014,KG,12,15,13.5
Garlic Dry Chinese,12/4/2014,KG,118,122,120
Tomato Big(Nepali),12/5/2014,KG,35,40,37.5
Potato Red,12/5/2014,KG,35,38,36.5
Onion Dry (Indian),12/5/2014,KG,39,40,39.5
Cabbage(Local),12/5/2014,KG,14,18,16
Garlic Dry Chinese,12/5/2014,KG,118,122,120
Tomato Big(Nepali),12/6/2014,KG,35,40,37.5
Potato Red,12/6/2014,KG,35,38,36.5
Onion Dry (Indian),12/6/2014,KG,39,40,39.5
Cabbage(Local),12/6/2014,KG,15,18,16.5
Garlic Dry Chinese,12/6/2014,KG,118,120,119
Tomato Big(Nepali),12/7/2014,KG,35,40,37.5
Potato Red,12/7/2014,KG,34,36,35
Onion Dry (Indian),12/7/2014,KG,38,40,39
Cabbage(Local),12/7/2014,KG,12,15,13.5
Garlic Dry Chinese,12/7/2014,KG,118,122,120
Tomato Big(Nepali),12/8/2014,KG,35,40,37.5
Potato Red,12/8/2014,KG,32,36,34
Onion Dry (Indian),12/8/2014,KG,38,40,39
Cabbage(Local),12/8/2014,KG,15,18,16.5
Garlic Dry Chinese,12/8/2014,KG,110,125,117.5
Tomato Big(Nepali),12/9/2014,KG,45,50,47.5
Potato Red,12/9/2014,KG,38,40,39
Onion Dry (Indian),12/9/2014,KG,40,41,40.5
Cabbage(Local),12/9/2014,KG,16,20,18
Garlic Dry Chinese,12/9/2014,KG,120,122,121
Tomato Big(Nepali),12/10/2014,KG,45,50,47.5
Potato Red,12/10/2014,KG,38,40,39
Onion Dry (Indian),12/10/2014,KG,40,41,40.5
Cabbage(Local),12/10/2014,KG,15,18,16.5
Garlic Dry Chinese,12/10/2014,KG,120,122,121
Tomato Big(Nepali),12/11/2014,KG,40,45,42.5
Potato Red,12/11/2014,KG,30,34,32
Onion Dry (Indian),12/11/2014,KG,39,40,39.5
Cabbage(Local),12/11/2014,KG,10,15,12.5
Garlic Dry Chinese,12/11/2014,KG,120,125,122.5
Tomato Big(Nepali),12/12/2014,KG,30,40,35
Potato Red,12/12/2014,KG,28,30,29
Onion Dry (Indian),12/12/2014,KG,39,40,39.5
Cabbage(Local),12/12/2014,KG,12,16,14
Garlic Dry Chinese,12/12/2014,KG,118,122,120
Tomato Big(Nepali),12/13/2014,KG,35,40,37.5
Potato Red,12/13/2014,KG,28,30,29
Onion Dry (Indian),12/13/2014,KG,39,40,39.5
Cabbage(Local),12/13/2014,KG,10,14,12
Garlic Dry Chinese,12/13/2014,KG,118,120,119
Tomato Big(Nepali),12/14/2014,KG,35,40,37.5
Potato Red,12/14/2014,KG,28,30,29
Onion Dry (Indian),12/14/2014,KG,39,40,39.5
Cabbage(Local),12/14/2014,KG,10,14,12
Garlic Dry Chinese,12/14/2014,KG,118,120,119
Tomato Big(Nepali),12/15/2014,KG,35,40,37.5
Potato Red,12/15/2014,KG,28,32,30
Onion Dry (Indian),12/15/2014,KG,40,42,41
Cabbage(Local),12/15/2014,KG,22,24,23
Garlic Dry Chinese,12/15/2014,KG,120,125,122.5
Tomato Big(Nepali),12/16/2014,KG,35,40,37.5
Potato Red,12/16/2014,KG,28,30,29
Onion Dry (Indian),12/16/2014,KG,42,45,43.5
Cabbage(Local),12/16/2014,KG,18,22,20
Garlic Dry Chinese,12/16/2014,KG,122,126,124
Tomato Big(Nepali),12/17/2014,KG,40,45,42.5
Potato Red,12/17/2014,KG,30,32,31
Onion Dry (Indian),12/17/2014,KG,44,45,44.5
Cabbage(Local),12/17/2014,KG,18,20,19
Garlic Dry Chinese,12/17/2014,KG,124,126,125
Tomato Big(Nepali),12/18/2014,KG,35,40,37.5
Potato Red,12/18/2014,KG,28,31,29.5
Onion Dry (Indian),12/18/2014,KG,44,45,44.5
Cabbage(Local),12/18/2014,KG,14,16,15
Garlic Dry Chinese,12/18/2014,KG,122,125,123.5
Tomato Big(Nepali),12/19/2014,KG,35,40,37.5
Potato Red,12/19/2014,KG,25,30,27.5
Onion Dry (Indian),12/19/2014,KG,44,45,44.5
Cabbage(Local),12/19/2014,KG,10,14,12
Garlic Dry Chinese,12/19/2014,KG,122,126,124
Tomato Big(Nepali),12/21/2014,KG,35,40,37.5
Potato Red,12/21/2014,KG,25,30,27.5
Onion Dry (Indian),12/21/2014,KG,44,45,44.5
Cabbage(Local),12/21/2014,KG,12,15,13.5
Garlic Dry Chinese,12/21/2014,KG,124,126,125
Tomato Big(Nepali),12/22/2014,KG,35,40,37.5
Potato Red,12/22/2014,KG,24,26,25
Onion Dry (Indian),12/22/2014,KG,44,45,44.5
Cabbage(Local),12/22/2014,KG,8,12,10
Garlic Dry Chinese,12/22/2014,KG,122,124,123
Tomato Big(Nepali),12/23/2014,KG,40,45,42.5
Potato Red,12/23/2014,KG,25,30,27.5
Onion Dry (Indian),12/23/2014,KG,45,46,45.5
Cabbage(Local),12/23/2014,KG,14,18,16
Garlic Dry Chinese,12/23/2014,KG,122,126,124
Tomato Big(Nepali),12/24/2014,KG,40,45,42.5
Potato Red,12/24/2014,KG,22,25,23.5
Onion Dry (Indian),12/24/2014,KG,44,46,45
Cabbage(Local),12/24/2014,KG,15,18,16.5
Garlic Dry Chinese,12/24/2014,KG,122,126,124
Tomato Big(Nepali),12/25/2014,KG,40,45,42.5
Potato Red,12/25/2014,KG,20,24,22
Onion Dry (Indian),12/25/2014,KG,43,44,43.5
Cabbage(Local),12/25/2014,KG,14,18,16
Garlic Dry Chinese,12/25/2014,KG,122,125,123.5
Tomato Big(Nepali),12/26/2014,KG,40,50,45
Potato Red,12/26/2014,KG,22,26,24
Onion Dry (Indian),12/26/2014,KG,43,44,43.5
Cabbage(Local),12/26/2014,KG,12,16,14
Garlic Dry Chinese,12/26/2014,KG,120,125,122.5
Tomato Big(Nepali),12/27/2014,KG,40,45,42.5
Potato Red,12/27/2014,KG,20,25,22.5
Onion Dry (Indian),12/27/2014,KG,39,40,39.5
Cabbage(Local),12/27/2014,KG,10,14,12
Garlic Dry Chinese,12/27/2014,KG,120,125,122.5
Potato Red,12/28/2014,KG,23,26,24.5
Onion Dry (Indian),12/28/2014,KG,45,46,45.5
Cabbage(Local),12/28/2014,KG,14,18,16
Garlic Dry Chinese,12/28/2014,KG,120,125,122.5
Tomato Big(Nepali),12/29/2014,KG,38,40,39
Potato Red,12/29/2014,KG,20,25,22.5
Onion Dry (Indian),12/29/2014,KG,38,40,39
Cabbage(Local),12/29/2014,KG,12,16,14
Garlic Dry Chinese,12/29/2014,KG,120,125,122.5
Tomato Big(Nepali),12/30/2014,KG,40,45,42.5
Potato Red,12/30/2014,KG,20,25,22.5
Onion Dry (Indian),12/30/2014,KG,39,40,39.5
Cabbage(Local),12/30/2014,KG,10,14,12
Garlic Dry Chinese,12/30/2014,KG,120,125,122.5
Tomato Big(Nepali),12/31/2014,KG,35,40,37.5
Potato Red,12/31/2014,KG,18,22,20
Onion Dry (Indian),12/31/2014,KG,38,39,38.5
Cabbage(Local),12/31/2014,KG,14,16,15
Garlic Dry Chinese,12/31/2014,KG,120,124,122
Tomato Big(Nepali),1/1/2015,KG,35,40,37.5
Potato Red,1/1/2015,KG,20,22,21
Onion Dry (Indian),1/1/2015,KG,38,40,39
Cabbage(Local),1/1/2015,KG,12,16,14
Garlic Dry Chinese,1/1/2015,KG,120,124,122
Tomato Big(Nepali),1/2/2015,KG,35,40,37.5
Potato Red,1/2/2015,KG,20,22,21
Onion Dry (Indian),1/2/2015,KG,39,40,39.5
Cabbage(Local),1/2/2015,KG,12,15,13.5
Garlic Dry Chinese,1/2/2015,KG,120,124,122
Tomato Big(Nepali),1/3/2015,KG,40,45,42.5
Potato Red,1/3/2015,KG,20,25,22.5
Onion Dry (Indian),1/3/2015,KG,39,40,39.5
Cabbage(Local),1/3/2015,KG,10,14,12
Garlic Dry Chinese,1/3/2015,KG,120,125,122.5
Tomato Big(Nepali),1/4/2015,KG,35,40,37.5
Potato Red,1/4/2015,KG,20,22,21
Onion Dry (Indian),1/4/2015,KG,38,39,38.5
Cabbage(Local),1/4/2015,KG,12,15,13.5
Garlic Dry Chinese,1/4/2015,KG,120,124,122
Tomato Big(Nepali),1/5/2015,KG,35,40,37.5
Potato Red,1/5/2015,KG,20,23,21.5
Onion Dry (Indian),1/5/2015,KG,38,39,38.5
Cabbage(Local),1/5/2015,KG,14,18,16
Garlic Dry Chinese,1/5/2015,KG,120,125,122.5
Tomato Big(Nepali),1/6/2015,KG,40,45,42.5
Potato Red,1/6/2015,KG,20,22,21
Onion Dry (Indian),1/6/2015,KG,38,39,38.5
Cabbage(Local),1/6/2015,KG,12,16,14
Garlic Dry Chinese,1/6/2015,KG,120,124,122
Tomato Big(Nepali),1/7/2015,KG,38,40,39
Potato Red,1/7/2015,KG,20,24,22
Onion Dry (Indian),1/7/2015,KG,37,39,38
Cabbage(Local),1/7/2015,KG,12,16,14
Garlic Dry Chinese,1/7/2015,KG,120,125,122.5
Tomato Big(Nepali),1/8/2015,KG,35,40,37.5
Potato Red,1/8/2015,KG,20,24,22
Onion Dry (Indian),1/8/2015,KG,38,39,38.5
Cabbage(Local),1/8/2015,KG,10,14,12
Garlic Dry Chinese,1/8/2015,KG,120,125,122.5
Tomato Big(Nepali),1/9/2015,KG,38,42,40
Potato Red,1/9/2015,KG,20,24,22
Onion Dry (Indian),1/9/2015,KG,38,39,38.5
Cabbage(Local),1/9/2015,KG,12,16,14
Garlic Dry Chinese,1/9/2015,KG,120,125,122.5
Tomato Big(Nepali),1/11/2015,KG,18,20,19
Potato Red,1/11/2015,KG,20,24,22
Onion Dry (Indian),1/11/2015,KG,35,38,36.5
Cabbage(Local),1/11/2015,KG,14,16,15
Garlic Dry Chinese,1/11/2015,KG,118,122,120
Tomato Big(Nepali),1/12/2015,KG,25,30,27.5
Potato Red,1/12/2015,KG,18,22,20
Onion Dry (Indian),1/12/2015,KG,36,38,37
Cabbage(Local),1/12/2015,KG,14,18,16
Garlic Dry Chinese,1/12/2015,KG,120,124,122
Tomato Big(Nepali),1/13/2015,KG,28,30,29
Potato Red,1/13/2015,KG,20,22,21
Onion Dry (Indian),1/13/2015,KG,36,38,37
Cabbage(Local),1/13/2015,KG,16,18,17
Garlic Dry Chinese,1/13/2015,KG,120,124,122
Tomato Big(Nepali),1/14/2015,KG,28,30,29
Potato Red,1/14/2015,KG,20,22,21
Onion Dry (Indian),1/14/2015,KG,36,38,37
Cabbage(Local),1/14/2015,KG,16,20,18
Garlic Dry Chinese,1/14/2015,KG,120,125,122.5
Tomato Big(Nepali),1/15/2015,KG,25,30,27.5
Potato Red,1/15/2015,KG,20,22,21
Onion Dry (Indian),1/15/2015,KG,36,37,36.5
Cabbage(Local),1/15/2015,KG,15,18,16.5
Garlic Dry Chinese,1/15/2015,KG,120,125,122.5
Tomato Big(Nepali),1/16/2015,KG,28,30,29
Potato Red,1/16/2015,KG,20,24,22
Onion Dry (Indian),1/16/2015,KG,35,36,35.5
Cabbage(Local),1/16/2015,KG,15,18,16.5
Garlic Dry Chinese,1/16/2015,KG,120,125,122.5
Tomato Big(Nepali),1/17/2015,KG,25,30,27.5
Potato Red,1/17/2015,KG,20,22,21
Onion Dry (Indian),1/17/2015,KG,36,37,36.5
Cabbage(Local),1/17/2015,KG,15,18,16.5
Garlic Dry Chinese,1/17/2015,KG,118,122,120
Tomato Big(Nepali),1/18/2015,KG,40,50,45
Potato Red,1/18/2015,KG,20,23,21.5
Onion Dry (Indian),1/18/2015,KG,38,40,39
Cabbage(Local),1/18/2015,KG,16,20,18
Garlic Dry Chinese,1/18/2015,KG,118,120,119
Tomato Big(Nepali),1/19/2015,KG,30,40,35
Potato Red,1/19/2015,KG,20,22,21
Onion Dry (Indian),1/19/2015,KG,35,36,35.5
Cabbage(Local),1/19/2015,KG,12,16,14
Garlic Dry Chinese,1/19/2015,KG,118,122,120
Tomato Big(Nepali),1/20/2015,KG,30,30,30
Potato Red,1/20/2015,KG,19,21,20
Onion Dry (Indian),1/20/2015,KG,35,36,35.5
Cabbage(Local),1/20/2015,KG,12,16,14
Garlic Dry Chinese,1/20/2015,KG,118,122,120
Tomato Big(Nepali),1/21/2015,KG,30,35,32.5
Potato Red,1/21/2015,KG,20,22,21
Onion Dry (Indian),1/21/2015,KG,36,37,36.5
Cabbage(Local),1/21/2015,KG,16,18,17
Garlic Dry Chinese,1/21/2015,KG,118,122,120
Tomato Big(Nepali),1/22/2015,KG,30,35,32.5
Potato Red,1/22/2015,KG,20,22,21
Onion Dry (Indian),1/22/2015,KG,35,37,36
Cabbage(Local),1/22/2015,KG,12,16,14
Garlic Dry Chinese,1/22/2015,KG,118,120,119
Tomato Big(Nepali),1/23/2015,KG,30,35,32.5
Potato Red,1/23/2015,KG,20,22,21
Onion Dry (Indian),1/23/2015,KG,35,37,36
Cabbage(Local),1/23/2015,KG,12,16,14
Garlic Dry Chinese,1/23/2015,KG,118,120,119
Tomato Big(Nepali),1/25/2015,KG,30,35,32.5
Potato Red,1/25/2015,KG,23,24,23.5
Onion Dry (Indian),1/25/2015,KG,35,38,36.5
Cabbage(Local),1/25/2015,KG,13,14,13.5
Garlic Dry Chinese,1/25/2015,KG,118,120,119
Tomato Big(Nepali),1/26/2015,KG,30,35,32.5
Potato Red,1/26/2015,KG,20,22,21
Onion Dry (Indian),1/26/2015,KG,35,36,35.5
Cabbage(Local),1/26/2015,KG,10,14,12
Garlic Dry Chinese,1/26/2015,KG,118,120,119
Tomato Big(Nepali),1/27/2015,KG,28,30,29
Potato Red,1/27/2015,KG,18,21,19.5
Onion Dry (Indian),1/27/2015,KG,34,36,35
Cabbage(Local),1/27/2015,KG,12,14,13
Garlic Dry Chinese,1/27/2015,KG,118,120,119
Tomato Big(Nepali),1/28/2015,KG,25,30,27.5
Potato Red,1/28/2015,KG,19,20,19.5
Onion Dry (Indian),1/28/2015,KG,34,36,35
Cabbage(Local),1/28/2015,KG,10,13,11.5
Garlic Dry Chinese,1/28/2015,KG,125,130,127.5
Tomato Big(Nepali),1/29/2015,KG,30,40,35
Potato Red,1/29/2015,KG,20,22,21
Onion Dry (Indian),1/29/2015,KG,34,36,35
Cabbage(Local),1/29/2015,KG,10,14,12
Garlic Dry Chinese,1/29/2015,KG,125,130,127.5
Tomato Big(Nepali),1/31/2015,KG,35,40,37.5
Potato Red,1/31/2015,KG,20,22,21
Onion Dry (Indian),1/31/2015,KG,35,36,35.5
Cabbage(Local),1/31/2015,KG,10,14,12
Garlic Dry Chinese,1/31/2015,KG,125,130,127.5
Tomato Big(Nepali),2/1/2015,KG,35,40,37.5
Potato Red,2/1/2015,KG,20,22,21
Onion Dry (Indian),2/1/2015,KG,38,40,39
Cabbage(Local),2/1/2015,KG,12,14,13
Garlic Dry Chinese,2/1/2015,KG,125,130,127.5
Tomato Big(Nepali),2/2/2015,KG,30,35,32.5
Potato Red,2/2/2015,KG,20,22,21
Onion Dry (Indian),2/2/2015,KG,39,40,39.5
Cabbage(Local),2/2/2015,KG,10,14,12
Garlic Dry Chinese,2/2/2015,KG,125,130,127.5
Tomato Big(Nepali),2/3/2015,KG,30,35,32.5
Potato Red,2/3/2015,KG,20,22,21
Onion Dry (Indian),2/3/2015,KG,39,40,39.5
Cabbage(Local),2/3/2015,KG,9,12,10.5
Garlic Dry Chinese,2/3/2015,KG,125,130,127.5
Tomato Big(Nepali),2/4/2015,KG,25,30,27.5
Potato Red,2/4/2015,KG,20,22,21
Onion Dry (Indian),2/4/2015,KG,39,40,39.5
Cabbage(Local),2/4/2015,KG,9,12,10.5
Garlic Dry Chinese,2/4/2015,KG,125,130,127.5
Tomato Big(Nepali),2/5/2015,KG,25,30,27.5
Potato Red,2/5/2015,KG,18,20,19
Onion Dry (Indian),2/5/2015,KG,39,40,39.5
Cabbage(Local),2/5/2015,KG,10,14,12
Garlic Dry Chinese,2/5/2015,KG,125,130,127.5
Tomato Big(Nepali),2/6/2015,KG,25,30,27.5
Potato Red,2/6/2015,KG,18,20,19
Onion Dry (Indian),2/6/2015,KG,39,40,39.5
Cabbage(Local),2/6/2015,KG,10,14,12
Garlic Dry Chinese,2/6/2015,KG,125,130,127.5
Tomato Big(Nepali),2/7/2015,KG,25,30,27.5
Potato Red,2/7/2015,KG,18,20,19
Onion Dry (Indian),2/7/2015,KG,39,40,39.5
Cabbage(Local),2/7/2015,KG,10,14,12
Garlic Dry Chinese,2/7/2015,KG,125,130,127.5
Tomato Big(Nepali),2/8/2015,KG,25,30,27.5
Potato Red,2/8/2015,KG,18,20,19
Onion Dry (Indian),2/8/2015,KG,39,40,39.5
Cabbage(Local),2/8/2015,KG,10,14,12
Garlic Dry Chinese,2/8/2015,KG,125,130,127.5
Tomato Big(Nepali),2/9/2015,KG,25,30,27.5
Potato Red,2/9/2015,KG,18,20,19
Onion Dry (Indian),2/9/2015,KG,38,40,39
Cabbage(Local),2/9/2015,KG,10,14,12
Garlic Dry Chinese,2/9/2015,KG,130,135,132.5
Tomato Big(Nepali),2/10/2015,KG,25,30,27.5
Potato Red,2/10/2015,KG,18,20,19
Onion Dry (Indian),2/10/2015,KG,39,40,39.5
Cabbage(Local),2/10/2015,KG,10,14,12
Garlic Dry Chinese,2/10/2015,KG,125,130,127.5
Tomato Big(Nepali),2/11/2015,KG,25,30,27.5
Potato Red,2/11/2015,KG,18,20,19
Onion Dry (Indian),2/11/2015,KG,38,40,39
Cabbage(Local),2/11/2015,KG,10,14,12
Garlic Dry Chinese,2/11/2015,KG,130,135,132.5
Tomato Big(Nepali),2/12/2015,KG,25,30,27.5
Potato Red,2/12/2015,KG,18,20,19
Onion Dry (Indian),2/12/2015,KG,38,40,39
Cabbage(Local),2/12/2015,KG,10,14,12
Garlic Dry Chinese,2/12/2015,KG,130,135,132.5
Tomato Big(Nepali),2/13/2015,KG,25,30,27.5
Potato Red,2/13/2015,KG,18,20,19
Onion Dry (Indian),2/13/2015,KG,38,40,39
Cabbage(Local),2/13/2015,KG,12,14,13
Garlic Dry Chinese,2/13/2015,KG,130,135,132.5
Tomato Big(Nepali),2/14/2015,KG,25,30,27.5
Potato Red,2/14/2015,KG,17,19,18
Onion Dry (Indian),2/14/2015,KG,41,42,41.5
Cabbage(Local),2/14/2015,KG,10,14,12
Garlic Dry Chinese,2/14/2015,KG,135,140,137.5
Tomato Big(Nepali),2/15/2015,KG,25,30,27.5
Potato Red,2/15/2015,KG,17,19,18
Onion Dry (Indian),2/15/2015,KG,41,42,41.5
Cabbage(Local),2/15/2015,KG,10,14,12
Garlic Dry Chinese,2/15/2015,KG,130,140,135
Tomato Big(Nepali),2/16/2015,KG,25,30,27.5
Potato Red,2/16/2015,KG,17,19,18
Onion Dry (Indian),2/16/2015,KG,41,42,41.5
Cabbage(Local),2/16/2015,KG,10,13,11.5
Garlic Dry Chinese,2/16/2015,KG,135,140,137.5
Tomato Big(Nepali),2/18/2015,KG,25,30,27.5
Potato Red,2/18/2015,KG,16,19,17.5
Onion Dry (Indian),2/18/2015,KG,41,42,41.5
Cabbage(Local),2/18/2015,KG,12,14,13
Garlic Dry Chinese,2/18/2015,KG,135,140,137.5
Tomato Big(Nepali),2/19/2015,KG,25,30,27.5
Potato Red,2/19/2015,KG,16,18,17
Onion Dry (Indian),2/19/2015,KG,41,42,41.5
Cabbage(Local),2/19/2015,KG,12,14,13
Garlic Dry Chinese,2/19/2015,KG,135,140,137.5
Tomato Big(Nepali),2/20/2015,KG,25,30,27.5
Potato Red,2/20/2015,KG,18,20,19
Onion Dry (Indian),2/20/2015,KG,42,43,42.5
Cabbage(Local),2/20/2015,KG,12,15,13.5
Garlic Dry Chinese,2/20/2015,KG,135,140,137.5
Tomato Big(Nepali),2/22/2015,KG,25,30,27.5
Potato Red,2/22/2015,KG,18,20,19
Onion Dry (Indian),2/22/2015,KG,42,43,42.5
Cabbage(Local),2/22/2015,KG,12,14,13
Garlic Dry Chinese,2/22/2015,KG,135,140,137.5
Tomato Big(Nepali),2/23/2015,KG,25,30,27.5
Potato Red,2/23/2015,KG,18,20,19
Onion Dry (Indian),2/23/2015,KG,42,43,42.5
Cabbage(Local),2/23/2015,KG,12,14,13
Garlic Dry Chinese,2/23/2015,KG,135,140,137.5
Tomato Big(Nepali),2/24/2015,KG,25,30,27.5
Potato Red,2/24/2015,KG,18,20,19
Onion Dry (Indian),2/24/2015,KG,39,40,39.5
Cabbage(Local),2/24/2015,KG,8,12,10
Garlic Dry Chinese,2/24/2015,KG,135,140,137.5
Tomato Big(Nepali),2/25/2015,KG,25,30,27.5
Potato Red,2/25/2015,KG,18,20,19
Onion Dry (Indian),2/25/2015,KG,39,40,39.5
Cabbage(Local),2/25/2015,KG,10,14,12
Garlic Dry Chinese,2/25/2015,KG,134,138,136
Tomato Big(Nepali),2/26/2015,KG,25,30,27.5
Potato Red,2/26/2015,KG,18,20,19
Onion Dry (Indian),2/26/2015,KG,38,40,39
Cabbage(Local),2/26/2015,KG,10,12,11
Garlic Dry Chinese,2/26/2015,KG,130,135,132.5
Tomato Big(Nepali),2/27/2015,KG,25,30,27.5
Potato Red,2/27/2015,KG,18,20,19
Onion Dry (Indian),2/27/2015,KG,39,40,39.5
Cabbage(Local),2/27/2015,KG,10,12,11
Garlic Dry Chinese,2/27/2015,KG,130,135,132.5
Tomato Big(Nepali),3/1/2015,KG,25,30,27.5
Potato Red,3/1/2015,KG,18,20,19
Onion Dry (Indian),3/1/2015,KG,39,40,39.5
Cabbage(Local),3/1/2015,KG,12,14,13
Garlic Dry Chinese,3/1/2015,KG,130,135,132.5
Tomato Big(Nepali),3/2/2015,KG,25,30,27.5
Potato Red,3/2/2015,KG,18,20,19
Onion Dry (Indian),3/2/2015,KG,38,40,39
Cabbage(Local),3/2/2015,KG,12,14,13
Garlic Dry Chinese,3/2/2015,KG,130,135,132.5
Tomato Big(Nepali),3/3/2015,KG,30,35,32.5
Potato Red,3/3/2015,KG,18,20,19
Onion Dry (Indian),3/3/2015,KG,39,40,39.5
Cabbage(Local),3/3/2015,KG,18,20,19
Garlic Dry Chinese,3/3/2015,KG,130,135,132.5
Tomato Big(Nepali),3/6/2015,KG,30,35,32.5
Potato Red,3/6/2015,KG,18,20,19
Onion Dry (Indian),3/6/2015,KG,39,40,39.5
Cabbage(Local),3/6/2015,KG,18,20,19
Garlic Dry Chinese,3/6/2015,KG,130,135,132.5
Tomato Big(Nepali),3/9/2015,KG,30,36,33
Potato Red,3/9/2015,KG,18,20,19
Onion Dry (Indian),3/9/2015,KG,35,38,36.5
Cabbage(Local),3/9/2015,KG,12,14,13
Garlic Dry Chinese,3/9/2015,KG,130,135,132.5
Tomato Big(Nepali),3/10/2015,KG,30,36,33
Potato Red,3/10/2015,KG,18,20,19
Onion Dry (Indian),3/10/2015,KG,35,38,36.5
Cabbage(Local),3/10/2015,KG,12,14,13
Garlic Dry Chinese,3/10/2015,KG,130,135,132.5
Tomato Big(Nepali),3/11/2015,KG,35,42,38.5
Potato Red,3/11/2015,KG,18,20,19
Onion Dry (Indian),3/11/2015,KG,38,39,38.5
Cabbage(Local),3/11/2015,KG,12,14,13
Garlic Dry Chinese,3/11/2015,KG,130,135,132.5
Tomato Big(Nepali),3/12/2015,KG,35,45,40
Potato Red,3/12/2015,KG,18,20,19
Onion Dry (Indian),3/12/2015,KG,36,38,37
Cabbage(Local),3/12/2015,KG,12,14,13
Garlic Dry Chinese,3/12/2015,KG,130,135,132.5
Tomato Big(Nepali),3/13/2015,KG,40,45,42.5
Potato Red,3/13/2015,KG,18,20,19
Onion Dry (Indian),3/13/2015,KG,36,38,37
Cabbage(Local),3/13/2015,KG,12,14,13
Garlic Dry Chinese,3/13/2015,KG,130,135,132.5
Tomato Big(Nepali),3/14/2015,KG,40,45,42.5
Potato Red,3/14/2015,KG,18,20,19
Onion Dry (Indian),3/14/2015,KG,38,40,39
Cabbage(Local),3/14/2015,KG,10,14,12
Garlic Dry Chinese,3/14/2015,KG,130,135,132.5
Tomato Big(Nepali),3/15/2015,KG,40,45,42.5
Potato Red,3/15/2015,KG,18,20,19
Onion Dry (Indian),3/15/2015,KG,38,40,39
Cabbage(Local),3/15/2015,KG,10,14,12
Tomato Big(Nepali),3/16/2015,KG,38,40,39
Potato Red,3/16/2015,KG,18,20,19
Onion Dry (Indian),3/16/2015,KG,39,40,39.5
Cabbage(Local),3/16/2015,KG,10,14,12
Garlic Dry Chinese,3/16/2015,KG,130,135,132.5
Tomato Big(Nepali),3/17/2015,KG,35,40,37.5
Potato Red,3/17/2015,KG,16,18,17
Onion Dry (Indian),3/17/2015,KG,39,40,39.5
Cabbage(Local),3/17/2015,KG,12,16,14
Garlic Dry Chinese,3/17/2015,KG,130,135,132.5
Tomato Big(Nepali),3/18/2015,KG,35,40,37.5
Potato Red,3/18/2015,KG,16,18,17
Onion Dry (Indian),3/18/2015,KG,38,40,39
Cabbage(Local),3/18/2015,KG,9,12,10.5
Garlic Dry Chinese,3/18/2015,KG,130,135,132.5
Tomato Big(Nepali),3/19/2015,KG,38,40,39
Potato Red,3/19/2015,KG,16,18,17
Onion Dry (Indian),3/19/2015,KG,35,38,36.5
Cabbage(Local),3/19/2015,KG,12,14,13
Garlic Dry Chinese,3/19/2015,KG,130,135,132.5
Tomato Big(Nepali),3/20/2015,KG,35,40,37.5
Potato Red,3/20/2015,KG,18,20,19
Onion Dry (Indian),3/20/2015,KG,35,38,36.5
Cabbage(Local),3/20/2015,KG,12,15,13.5
Garlic Dry Chinese,3/20/2015,KG,130,135,132.5
Tomato Big(Nepali),3/21/2015,KG,35,40,37.5
Potato Red,3/21/2015,KG,18,20,19
Onion Dry (Indian),3/21/2015,KG,35,38,36.5
Cabbage(Local),3/21/2015,KG,12,16,14
Garlic Dry Chinese,3/21/2015,KG,130,135,132.5
Tomato Big(Nepali),3/22/2015,KG,35,40,37.5
Potato Red,3/22/2015,KG,18,20,19
Onion Dry (Indian),3/22/2015,KG,35,38,36.5
Cabbage(Local),3/22/2015,KG,12,16,14
Garlic Dry Chinese,3/22/2015,KG,130,135,132.5
Tomato Big(Nepali),3/23/2015,KG,35,40,37.5
Potato Red,3/23/2015,KG,18,20,19
Onion Dry (Indian),3/23/2015,KG,35,38,36.5
Cabbage(Local),3/23/2015,KG,12,14,13
Garlic Dry Chinese,3/23/2015,KG,130,135,132.5
Tomato Big(Nepali),3/24/2015,KG,35,40,37.5
Potato Red,3/24/2015,KG,16,18,17
Onion Dry (Indian),3/24/2015,KG,35,36,35.5
Cabbage(Local),3/24/2015,KG,12,15,13.5
Garlic Dry Chinese,3/24/2015,KG,130,135,132.5
Tomato Big(Nepali),3/25/2015,KG,35,40,37.5
Potato Red,3/25/2015,KG,16,18,17
Onion Dry (Indian),3/25/2015,KG,35,36,35.5
Cabbage(Local),3/25/2015,KG,10,13,11.5
Garlic Dry Chinese,3/25/2015,KG,130,135,132.5
Tomato Big(Nepali),3/26/2015,KG,35,40,37.5
Potato Red,3/26/2015,KG,17,18,17.5
Onion Dry (Indian),3/26/2015,KG,33,35,34
Cabbage(Local),3/26/2015,KG,8,12,10
Garlic Dry Chinese,3/26/2015,KG,130,135,132.5
Tomato Big(Nepali),3/27/2015,KG,35,42,38.5
Potato Red,3/27/2015,KG,17,19,18
Onion Dry (Indian),3/27/2015,KG,33,36,34.5
Cabbage(Local),3/27/2015,KG,8,10,9
Garlic Dry Chinese,3/27/2015,KG,130,135,132.5
Tomato Big(Nepali),3/28/2015,KG,45,50,47.5
Potato Red,3/28/2015,KG,17,18,17.5
Onion Dry (Indian),3/28/2015,KG,33,35,34
Cabbage(Local),3/28/2015,KG,7,10,8.5
Garlic Dry Chinese,3/28/2015,KG,130,135,132.5
Tomato Big(Nepali),3/29/2015,KG,55,60,57.5
Potato Red,3/29/2015,KG,16,18,17
Onion Dry (Indian),3/29/2015,KG,32,34,33
Cabbage(Local),3/29/2015,KG,10,12,11
Garlic Dry Chinese,3/29/2015,KG,130,135,132.5
Tomato Big(Nepali),3/30/2015,KG,50,55,52.5
Potato Red,3/30/2015,KG,14,17,15.5
Onion Dry (Indian),3/30/2015,KG,33,34,33.5
Cabbage(Local),3/30/2015,KG,8,10,9
Garlic Dry Chinese,3/30/2015,KG,130,135,132.5
Tomato Big(Nepali),3/31/2015,KG,40,45,42.5
Potato Red,3/31/2015,KG,16,18,17
Onion Dry (Indian),3/31/2015,KG,32,34,33
Cabbage(Local),3/31/2015,KG,10,12,11
Garlic Dry Chinese,3/31/2015,KG,130,135,132.5
Tomato Big(Nepali),4/1/2015,KG,40,45,42.5
Potato Red,4/1/2015,KG,15,18,16.5
Onion Dry (Indian),4/1/2015,KG,32,33,32.5
Cabbage(Local),4/1/2015,KG,12,15,13.5
Garlic Dry Chinese,4/1/2015,KG,130,135,132.5
Tomato Big(Nepali),4/2/2015,KG,38,45,41.5
Potato Red,4/2/2015,KG,15,18,16.5
Onion Dry (Indian),4/2/2015,KG,31,33,32
Cabbage(Local),4/2/2015,KG,10,12,11
Garlic Dry Chinese,4/2/2015,KG,130,135,132.5
Tomato Big(Nepali),4/3/2015,KG,30,35,32.5
Potato Red,4/3/2015,KG,16,18,17
Onion Dry (Indian),4/3/2015,KG,32,34,33
Cabbage(Local),4/3/2015,KG,10,12,11
Garlic Dry Chinese,4/3/2015,KG,130,135,132.5
Tomato Big(Nepali),4/4/2015,KG,30,35,32.5
Potato Red,4/4/2015,KG,16,18,17
Onion Dry (Indian),4/4/2015,KG,32,34,33
Cabbage(Local),4/4/2015,KG,10,14,12
Garlic Dry Chinese,4/4/2015,KG,130,135,132.5
Tomato Big(Nepali),4/5/2015,KG,30,35,32.5
Potato Red,4/5/2015,KG,16,18,17
Onion Dry (Indian),4/5/2015,KG,32,34,33
Cabbage(Local),4/5/2015,KG,10,14,12
Garlic Dry Chinese,4/5/2015,KG,130,135,132.5
Tomato Big(Nepali),4/6/2015,KG,30,35,32.5
Potato Red,4/6/2015,KG,16,18,17
Onion Dry (Indian),4/6/2015,KG,31,32,31.5
Cabbage(Local),4/6/2015,KG,10,12,11
Garlic Dry Chinese,4/6/2015,KG,130,135,132.5
Tomato Big(Nepali),4/7/2015,KG,30,35,32.5
Potato Red,4/7/2015,KG,16,18,17
Onion Dry (Indian),4/7/2015,KG,31,32,31.5
Cabbage(Local),4/7/2015,KG,8,10,9
Garlic Dry Chinese,4/7/2015,KG,125,130,127.5
Tomato Big(Nepali),4/8/2015,KG,30,35,32.5
Potato Red,4/8/2015,KG,16,18,17
Onion Dry (Indian),4/8/2015,KG,31,32,31.5
Cabbage(Local),4/8/2015,KG,10,14,12
Garlic Dry Chinese,4/8/2015,KG,125,130,127.5
Tomato Big(Nepali),4/10/2015,KG,38,40,39
Potato Red,4/10/2015,KG,18,19,18.5
Onion Dry (Indian),4/10/2015,KG,40,42,41
Cabbage(Local),4/10/2015,KG,10,12,11
Garlic Dry Chinese,4/10/2015,KG,125,130,127.5
Tomato Big(Nepali),4/12/2015,KG,45,50,47.5
Potato Red,4/12/2015,KG,16,18,17
Onion Dry (Indian),4/12/2015,KG,35,36,35.5
Cabbage(Local),4/12/2015,KG,8,10,9
Garlic Dry Chinese,4/12/2015,KG,125,130,127.5
Tomato Big(Nepali),4/13/2015,KG,40,45,42.5
Potato Red,4/13/2015,KG,16,18,17
Onion Dry (Indian),4/13/2015,KG,35,36,35.5
Cabbage(Local),4/13/2015,KG,8,10,9
Garlic Dry Chinese,4/13/2015,KG,130,135,132.5
Tomato Big(Nepali),4/14/2015,KG,40,42,41
Potato Red,4/14/2015,KG,16,18,17
Onion Dry (Indian),4/14/2015,KG,35,40,37.5
Cabbage(Local),4/14/2015,KG,8,10,9
Garlic Dry Chinese,4/14/2015,KG,130,135,132.5
Tomato Big(Nepali),4/15/2015,KG,35,40,37.5
Potato Red,4/15/2015,KG,15,17,16
Onion Dry (Indian),4/15/2015,KG,35,37,36
Cabbage(Local),4/15/2015,KG,7,9,8
Garlic Dry Chinese,4/15/2015,KG,130,135,132.5
Tomato Big(Nepali),4/16/2015,KG,35,40,37.5
Potato Red,4/16/2015,KG,16,18,17
Onion Dry (Indian),4/16/2015,KG,35,36,35.5
Cabbage(Local),4/16/2015,KG,10,12,11
Garlic Dry Chinese,4/16/2015,KG,130,140,135
Tomato Big(Nepali),4/17/2015,KG,35,40,37.5
Potato Red,4/17/2015,KG,16,18,17
Onion Dry (Indian),4/17/2015,KG,35,36,35.5
Cabbage(Local),4/17/2015,KG,10,12,11
Garlic Dry Chinese,4/17/2015,KG,130,135,132.5
Tomato Big(Nepali),4/18/2015,KG,32,36,34
Potato Red,4/18/2015,KG,16,18,17
Onion Dry (Indian),4/18/2015,KG,35,36,35.5
Cabbage(Local),4/18/2015,KG,8,11,9.5
Garlic Dry Chinese,4/18/2015,KG,140,142,141
Tomato Big(Nepali),4/19/2015,KG,35,40,37.5
Potato Red,4/19/2015,KG,16,18,17
Onion Dry (Indian),4/19/2015,KG,33,34,33.5
Cabbage(Local),4/19/2015,KG,10,12,11
Garlic Dry Chinese,4/19/2015,KG,130,140,135
Tomato Big(Nepali),4/20/2015,KG,28,30,29
Potato Red,4/20/2015,KG,17,18,17.5
Onion Dry (Indian),4/20/2015,KG,34,35,34.5
Cabbage(Local),4/20/2015,KG,8,10,9
Garlic Dry Chinese,4/20/2015,KG,130,140,135
Tomato Big(Nepali),4/21/2015,KG,30,35,32.5
Potato Red,4/21/2015,KG,17,18,17.5
Onion Dry (Indian),4/21/2015,KG,33,35,34
Cabbage(Local),4/21/2015,KG,8,10,9
Garlic Dry Chinese,4/21/2015,KG,130,140,135
Tomato Big(Nepali),4/22/2015,KG,35,40,37.5
Potato Red,4/22/2015,KG,17,18,17.5
Onion Dry (Indian),4/22/2015,KG,33,34,33.5
Cabbage(Local),4/22/2015,KG,8,10,9
Garlic Dry Chinese,4/22/2015,KG,130,140,135
Tomato Big(Nepali),4/23/2015,KG,35,40,37.5
Potato Red,4/23/2015,KG,17,18,17.5
Onion Dry (Indian),4/23/2015,KG,33,34,33.5
Cabbage(Local),4/23/2015,KG,8,10,9
Garlic Dry Chinese,4/23/2015,KG,130,140,135
Tomato Big(Nepali),4/24/2015,KG,35,40,37.5
Potato Red,4/24/2015,KG,16,18,17
Onion Dry (Indian),4/24/2015,KG,33,34,33.5
Cabbage(Local),4/24/2015,KG,8,10,9
Garlic Dry Chinese,4/24/2015,KG,130,135,132.5
Tomato Big(Nepali),4/25/2015,KG,35,40,37.5
Potato Red,4/25/2015,KG,16,18,17
Onion Dry (Indian),4/25/2015,KG,33,34,33.5
Cabbage(Local),4/25/2015,KG,8,10,9
Garlic Dry Chinese,4/25/2015,KG,130,135,132.5
Tomato Big(Nepali),4/26/2015,KG,35,45,40
Potato Red,4/26/2015,KG,18,20,19
Onion Dry (Indian),4/26/2015,KG,35,40,37.5
Cabbage(Local),4/26/2015,KG,10,15,12.5
Garlic Dry Chinese,4/26/2015,KG,130,140,135
Tomato Big(Nepali),4/27/2015,KG,35,45,40
Potato Red,4/27/2015,KG,18,20,19
Onion Dry (Indian),4/27/2015,KG,35,40,37.5
Cabbage(Local),4/27/2015,KG,10,15,12.5
Garlic Dry Chinese,4/27/2015,KG,130,140,135
Tomato Big(Nepali),4/28/2015,KG,60,65,62.5
Potato Red,4/28/2015,KG,17,18,17.5
Onion Dry (Indian),4/28/2015,KG,34,35,34.5
Cabbage(Local),4/28/2015,KG,20,25,22.5
Garlic Dry Chinese,4/28/2015,KG,130,140,135
Tomato Big(Nepali),4/29/2015,KG,45,50,47.5
Potato Red,4/29/2015,KG,18,20,19
Onion Dry (Indian),4/29/2015,KG,35,38,36.5
Cabbage(Local),4/29/2015,KG,15,20,17.5
Garlic Dry Chinese,4/29/2015,KG,130,140,135
Tomato Big(Nepali),4/30/2015,KG,40,45,42.5
Potato Red,4/30/2015,KG,17,20,18.5
Onion Dry (Indian),4/30/2015,KG,35,40,37.5
Cabbage(Local),4/30/2015,KG,10,12,11
Garlic Dry Chinese,4/30/2015,KG,130,140,135
Tomato Big(Nepali),5/1/2015,KG,40,45,42.5
Potato Red,5/1/2015,KG,20,22,21
Onion Dry (Indian),5/1/2015,KG,36,38,37
Cabbage(Local),5/1/2015,KG,8,10,9
Garlic Dry Chinese,5/1/2015,KG,130,135,132.5
Tomato Big(Nepali),5/2/2015,KG,35,40,37.5
Potato Red,5/2/2015,KG,20,22,21
Onion Dry (Indian),5/2/2015,KG,36,38,37
Cabbage(Local),5/2/2015,KG,8,10,9
Garlic Dry Chinese,5/2/2015,KG,140,150,145
Tomato Big(Nepali),5/3/2015,KG,35,40,37.5
Potato Red,5/3/2015,KG,17,18,17.5
Onion Dry (Indian),5/3/2015,KG,35,37,36
Cabbage(Local),5/3/2015,KG,8,10,9
Garlic Dry Chinese,5/3/2015,KG,130,140,135
Tomato Big(Nepali),5/4/2015,KG,50,55,52.5
Potato Red,5/4/2015,KG,17,18,17.5
Onion Dry (Indian),5/4/2015,KG,36,38,37
Cabbage(Local),5/4/2015,KG,8,10,9
Garlic Dry Chinese,5/4/2015,KG,130,140,135
Tomato Big(Nepali),5/5/2015,KG,60,65,62.5
Potato Red,5/5/2015,KG,17,18,17.5
Onion Dry (Indian),5/5/2015,KG,37,38,37.5
Cabbage(Local),5/5/2015,KG,10,12,11
Garlic Dry Chinese,5/5/2015,KG,130,140,135
Tomato Big(Nepali),5/6/2015,KG,60,65,62.5
Potato Red,5/6/2015,KG,17,18,17.5
Onion Dry (Indian),5/6/2015,KG,36,37,36.5
Cabbage(Local),5/6/2015,KG,8,10,9
Garlic Dry Chinese,5/6/2015,KG,140,145,142.5
Tomato Big(Nepali),5/7/2015,KG,60,65,62.5
Potato Red,5/7/2015,KG,17,18,17.5
Onion Dry (Indian),5/7/2015,KG,36,37,36.5
Cabbage(Local),5/7/2015,KG,5,6,5.5
Garlic Dry Chinese,5/7/2015,KG,140,145,142.5
Tomato Big(Nepali),5/8/2015,KG,60,65,62.5
Potato Red,5/8/2015,KG,17,18,17.5
Onion Dry (Indian),5/8/2015,KG,36,38,37
Cabbage(Local),5/8/2015,KG,5,8,6.5
Garlic Dry Chinese,5/8/2015,KG,140,145,142.5
Tomato Big(Nepali),5/10/2015,KG,55,60,57.5
Potato Red,5/10/2015,KG,17,18,17.5
Onion Dry (Indian),5/10/2015,KG,36,38,37
Cabbage(Local),5/10/2015,KG,5,7,6
Garlic Dry Chinese,5/10/2015,KG,140,145,142.5
Tomato Big(Nepali),5/11/2015,KG,50,55,52.5
Potato Red,5/11/2015,KG,16,17,16.5
Onion Dry (Indian),5/11/2015,KG,36,37,36.5
Cabbage(Local),5/11/2015,KG,6,8,7
Garlic Dry Chinese,5/11/2015,KG,130,140,135
Tomato Big(Nepali),5/12/2015,KG,40,45,42.5
Potato Red,5/12/2015,KG,16,18,17
Onion Dry (Indian),5/12/2015,KG,35,38,36.5
Cabbage(Local),5/12/2015,KG,5,8,6.5
Garlic Dry Chinese,5/12/2015,KG,130,140,135
Tomato Big(Nepali),5/13/2015,KG,35,40,37.5
Potato Red,5/13/2015,KG,16,18,17
Onion Dry (Indian),5/13/2015,KG,36,38,37
Cabbage(Local),5/13/2015,KG,6,8,7
Garlic Dry Chinese,5/13/2015,KG,130,140,135
Tomato Big(Nepali),5/14/2015,KG,40,45,42.5
Potato Red,5/14/2015,KG,16,18,17
Onion Dry (Indian),5/14/2015,KG,35,38,36.5
Cabbage(Local),5/14/2015,KG,8,12,10
Garlic Dry Chinese,5/14/2015,KG,130,140,135
Tomato Big(Nepali),5/15/2015,KG,35,40,37.5
Potato Red,5/15/2015,KG,16,18,17
Onion Dry (Indian),5/15/2015,KG,35,38,36.5
Cabbage(Local),5/15/2015,KG,7,10,8.5
Garlic Dry Chinese,5/15/2015,KG,130,140,135
Tomato Big(Nepali),5/16/2015,KG,35,40,37.5
Potato Red,5/16/2015,KG,16,18,17
Onion Dry (Indian),5/16/2015,KG,36,38,37
Cabbage(Local),5/16/2015,KG,8,10,9
Garlic Dry Chinese,5/16/2015,KG,135,140,137.5
Tomato Big(Nepali),5/17/2015,KG,35,40,37.5
Potato Red,5/17/2015,KG,15,17,16
Onion Dry (Indian),5/17/2015,KG,35,37,36
Cabbage(Local),5/17/2015,KG,6,8,7
Garlic Dry Chinese,5/17/2015,KG,130,140,135
Tomato Big(Nepali),5/18/2015,KG,35,40,37.5
Potato Red,5/18/2015,KG,16,18,17
Onion Dry (Indian),5/18/2015,KG,35,38,36.5
Cabbage(Local),5/18/2015,KG,7,10,8.5
Garlic Dry Chinese,5/18/2015,KG,130,140,135
Tomato Big(Nepali),5/19/2015,KG,35,40,37.5
Potato Red,5/19/2015,KG,16,18,17
Onion Dry (Indian),5/19/2015,KG,35,38,36.5
Cabbage(Local),5/19/2015,KG,6,8,7
Garlic Dry Chinese,5/19/2015,KG,130,140,135
Tomato Big(Nepali),5/20/2015,KG,40,45,42.5
Potato Red,5/20/2015,KG,16,18,17
Onion Dry (Indian),5/20/2015,KG,35,38,36.5
Cabbage(Local),5/20/2015,KG,5,7,6
Garlic Dry Chinese,5/20/2015,KG,130,140,135
Tomato Big(Nepali),5/21/2015,KG,40,45,42.5
Potato Red,5/21/2015,KG,15,18,16.5
Onion Dry (Indian),5/21/2015,KG,35,38,36.5
Cabbage(Local),5/21/2015,KG,5,7,6
Garlic Dry Chinese,5/21/2015,KG,130,140,135
Tomato Big(Nepali),5/22/2015,KG,60,65,62.5
Potato Red,5/22/2015,KG,15,18,16.5
Onion Dry (Indian),5/22/2015,KG,35,38,36.5
Cabbage(Local),5/22/2015,KG,5,7,6
Garlic Dry Chinese,5/22/2015,KG,130,140,135
Tomato Big(Nepali),5/23/2015,KG,70,75,72.5
Potato Red,5/23/2015,KG,15,18,16.5
Onion Dry (Indian),5/23/2015,KG,35,38,36.5
Cabbage(Local),5/23/2015,KG,5,8,6.5
Garlic Dry Chinese,5/23/2015,KG,130,140,135
Tomato Big(Nepali),5/24/2015,KG,60,62,61
Potato Red,5/24/2015,KG,15,18,16.5
Onion Dry (Indian),5/24/2015,KG,35,38,36.5
Cabbage(Local),5/24/2015,KG,5,7,6
Garlic Dry Chinese,5/24/2015,KG,130,140,135
Tomato Big(Nepali),5/25/2015,KG,60,65,62.5
Potato Red,5/25/2015,KG,15,18,16.5
Onion Dry (Indian),5/25/2015,KG,35,38,36.5
Cabbage(Local),5/25/2015,KG,6,8,7
Garlic Dry Chinese,5/25/2015,KG,130,140,135
Tomato Big(Nepali),5/26/2015,KG,60,65,62.5
Potato Red,5/26/2015,KG,15,18,16.5
Onion Dry (Indian),5/26/2015,KG,35,38,36.5
Cabbage(Local),5/26/2015,KG,5,7,6
Garlic Dry Chinese,5/26/2015,KG,130,140,135
Tomato Big(Nepali),5/27/2015,KG,45,50,47.5
Potato Red,5/27/2015,KG,15,18,16.5
Onion Dry (Indian),5/27/2015,KG,35,38,36.5
Cabbage(Local),5/27/2015,KG,5,7,6
Garlic Dry Chinese,5/27/2015,KG,130,140,135
Tomato Big(Nepali),5/28/2015,KG,55,60,57.5
Potato Red,5/28/2015,KG,15,18,16.5
Onion Dry (Indian),5/28/2015,KG,35,38,36.5
Cabbage(Local),5/28/2015,KG,5,7,6
Garlic Dry Chinese,5/28/2015,KG,130,140,135
Tomato Big(Nepali),5/29/2015,KG,55,65,60
Potato Red,5/29/2015,KG,15,18,16.5
Onion Dry (Indian),5/29/2015,KG,35,38,36.5
Cabbage(Local),5/29/2015,KG,5,7,6
Garlic Dry Chinese,5/29/2015,KG,130,140,135
Tomato Big(Nepali),5/30/2015,KG,45,55,50
Potato Red,5/30/2015,KG,15,18,16.5
Onion Dry (Indian),5/30/2015,KG,35,38,36.5
Cabbage(Local),5/30/2015,KG,7,10,8.5
Garlic Dry Chinese,5/30/2015,KG,135,140,137.5
Tomato Big(Nepali),5/31/2015,KG,50,55,52.5
Potato Red,5/31/2015,KG,15,18,16.5
Onion Dry (Indian),5/31/2015,KG,35,38,36.5
Cabbage(Local),5/31/2015,KG,5,7,6
Garlic Dry Chinese,5/31/2015,KG,130,140,135
Tomato Big(Nepali),6/1/2015,KG,45,50,47.5
Potato Red,6/1/2015,KG,15,18,16.5
Onion Dry (Indian),6/1/2015,KG,37,40,38.5
Cabbage(Local),6/1/2015,KG,6,8,7
Garlic Dry Chinese,6/1/2015,KG,130,140,135
Tomato Big(Nepali),6/2/2015,KG,40,45,42.5
Potato Red,6/2/2015,KG,16,18,17
Onion Dry (Indian),6/2/2015,KG,37,39,38
Cabbage(Local),6/2/2015,KG,5,7,6
Garlic Dry Chinese,6/2/2015,KG,130,140,135
Tomato Big(Nepali),6/3/2015,KG,40,45,42.5
Potato Red,6/3/2015,KG,16,18,17
Onion Dry (Indian),6/3/2015,KG,37,39,38
Cabbage(Local),6/3/2015,KG,7,10,8.5
Garlic Dry Chinese,6/3/2015,KG,130,140,135
Tomato Big(Nepali),6/4/2015,KG,45,50,47.5
Potato Red,6/4/2015,KG,16,18,17
Onion Dry (Indian),6/4/2015,KG,37,39,38
Cabbage(Local),6/4/2015,KG,12,15,13.5
Garlic Dry Chinese,6/4/2015,KG,130,140,135
Tomato Big(Nepali),6/5/2015,KG,40,45,42.5
Potato Red,6/5/2015,KG,16,18,17
Onion Dry (Indian),6/5/2015,KG,37,39,38
Cabbage(Local),6/5/2015,KG,10,12,11
Garlic Dry Chinese,6/5/2015,KG,130,140,135
Tomato Big(Nepali),6/6/2015,KG,45,50,47.5
Potato Red,6/6/2015,KG,20,21,20.5
Onion Dry (Indian),6/6/2015,KG,39,41,40
Cabbage(Local),6/6/2015,KG,9,12,10.5
Garlic Dry Chinese,6/6/2015,KG,130,145,137.5
Tomato Big(Nepali),6/7/2015,KG,38,40,39
Potato Red,6/7/2015,KG,20,22,21
Onion Dry (Indian),6/7/2015,KG,38,40,39
Cabbage(Local),6/7/2015,KG,10,12,11
Garlic Dry Chinese,6/7/2015,KG,130,140,135
Tomato Big(Nepali),6/8/2015,KG,40,42,41
Potato Red,6/8/2015,KG,20,22,21
Onion Dry (Indian),6/8/2015,KG,40,42,41
Cabbage(Local),6/8/2015,KG,14,16,15
Garlic Dry Chinese,6/8/2015,KG,130,140,135
Tomato Big(Nepali),6/9/2015,KG,38,40,39
Potato Red,6/9/2015,KG,20,22,21
Onion Dry (Indian),6/9/2015,KG,40,42,41
Cabbage(Local),6/9/2015,KG,12,14,13
Garlic Dry Chinese,6/9/2015,KG,130,140,135
Tomato Big(Nepali),6/10/2015,KG,38,40,39
Potato Red,6/10/2015,KG,20,22,21
Onion Dry (Indian),6/10/2015,KG,40,42,41
Cabbage(Local),6/10/2015,KG,14,16,15
Garlic Dry Chinese,6/10/2015,KG,130,140,135
Tomato Big(Nepali),6/11/2015,KG,38,40,39
Potato Red,6/11/2015,KG,20,22,21
Onion Dry (Indian),6/11/2015,KG,40,42,41
Cabbage(Local),6/11/2015,KG,15,17,16
Garlic Dry Chinese,6/11/2015,KG,130,140,135
Tomato Big(Nepali),6/12/2015,KG,38,40,39
Potato Red,6/12/2015,KG,20,22,21
Onion Dry (Indian),6/12/2015,KG,40,42,41
Cabbage(Local),6/12/2015,KG,13,15,14
Garlic Dry Chinese,6/12/2015,KG,130,140,135
Tomato Big(Nepali),6/13/2015,KG,38,45,41.5
Potato Red,6/13/2015,KG,20,23,21.5
Onion Dry (Indian),6/13/2015,KG,40,42,41
Cabbage(Local),6/13/2015,KG,13,17,15
Garlic Dry Chinese,6/13/2015,KG,135,142,138.5
Tomato Big(Nepali),6/14/2015,KG,40,42,41
Potato Red,6/14/2015,KG,20,25,22.5
Onion Dry (Indian),6/14/2015,KG,40,42,41
Cabbage(Local),6/14/2015,KG,14,16,15
Garlic Dry Chinese,6/14/2015,KG,130,140,135
Tomato Big(Nepali),6/15/2015,KG,38,42,40
Potato Red,6/15/2015,KG,20,22,21
Onion Dry (Indian),6/15/2015,KG,40,42,41
Cabbage(Local),6/15/2015,KG,15,18,16.5
Garlic Dry Chinese,6/15/2015,KG,130,140,135
Tomato Big(Nepali),6/16/2015,KG,28,32,30
Potato Red,6/16/2015,KG,21,23,22
Onion Dry (Indian),6/16/2015,KG,41,44,42.5
Cabbage(Local),6/16/2015,KG,15,20,17.5
Garlic Dry Chinese,6/16/2015,KG,135,142,138.5
Tomato Big(Nepali),6/17/2015,KG,45,50,47.5
Potato Red,6/17/2015,KG,20,22,21
Onion Dry (Indian),6/17/2015,KG,40,42,41
Cabbage(Local),6/17/2015,KG,16,18,17
Garlic Dry Chinese,6/17/2015,KG,130,140,135
Tomato Big(Nepali),6/18/2015,KG,40,45,42.5
Potato Red,6/18/2015,KG,20,22,21
Onion Dry (Indian),6/18/2015,KG,40,42,41
Cabbage(Local),6/18/2015,KG,15,17,16
Garlic Dry Chinese,6/18/2015,KG,130,140,135
Tomato Big(Nepali),6/19/2015,KG,40,45,42.5
Potato Red,6/19/2015,KG,21,23,22
Onion Dry (Indian),6/19/2015,KG,40,43,41.5
Cabbage(Local),6/19/2015,KG,13,15,14
Garlic Dry Chinese,6/19/2015,KG,130,140,135
Tomato Big(Nepali),6/20/2015,KG,38,45,41.5
Potato Red,6/20/2015,KG,20,23,21.5
Onion Dry (Indian),6/20/2015,KG,40,44,42
Cabbage(Local),6/20/2015,KG,13,17,15
Garlic Dry Chinese,6/20/2015,KG,135,145,140
Tomato Big(Nepali),6/21/2015,KG,38,42,40
Potato Red,6/21/2015,KG,20,22,21
Onion Dry (Indian),6/21/2015,KG,40,43,41.5
Cabbage(Local),6/21/2015,KG,14,16,15
Garlic Dry Chinese,6/21/2015,KG,130,140,135
Tomato Big(Nepali),6/22/2015,KG,38,45,41.5
Potato Red,6/22/2015,KG,20,22,21
Onion Dry (Indian),6/22/2015,KG,40,43,41.5
Cabbage(Local),6/22/2015,KG,15,18,16.5
Garlic Dry Chinese,6/22/2015,KG,130,140,135
Tomato Big(Nepali),6/23/2015,KG,40,45,42.5
Potato Red,6/23/2015,KG,20,22,21
Onion Dry (Indian),6/23/2015,KG,40,43,41.5
Cabbage(Local),6/23/2015,KG,15,18,16.5
Garlic Dry Chinese,6/23/2015,KG,130,140,135
Tomato Big(Nepali),6/24/2015,KG,40,45,42.5
Potato Red,6/24/2015,KG,20,22,21
Onion Dry (Indian),6/24/2015,KG,41,43,42
Cabbage(Local),6/24/2015,KG,15,18,16.5
Garlic Dry Chinese,6/24/2015,KG,130,140,135
Tomato Big(Nepali),6/25/2015,KG,40,48,44
Potato Red,6/25/2015,KG,20,22,21
Onion Dry (Indian),6/25/2015,KG,40,43,41.5
Cabbage(Local),6/25/2015,KG,15,18,16.5
Garlic Dry Chinese,6/25/2015,KG,130,140,135
Tomato Big(Nepali),6/26/2015,KG,50,60,55
Potato Red,6/26/2015,KG,20,22,21
Onion Dry (Indian),6/26/2015,KG,41,43,42
Cabbage(Local),6/26/2015,KG,15,20,17.5
Garlic Dry Chinese,6/26/2015,KG,130,140,135
Tomato Big(Nepali),6/27/2015,KG,50,60,55
Potato Red,6/27/2015,KG,21,23,22
Onion Dry (Indian),6/27/2015,KG,41,43,42
Cabbage(Local),6/27/2015,KG,15,18,16.5
Garlic Dry Chinese,6/27/2015,KG,138,144,141
Tomato Big(Nepali),6/28/2015,KG,55,60,57.5
Potato Red,6/28/2015,KG,20,22,21
Onion Dry (Indian),6/28/2015,KG,41,43,42
Cabbage(Local),6/28/2015,KG,18,20,19
Garlic Dry Chinese,6/28/2015,KG,130,145,137.5
Tomato Big(Nepali),6/29/2015,KG,50,60,55
Potato Red,6/29/2015,KG,20,22,21
Onion Dry (Indian),6/29/2015,KG,40,43,41.5
Cabbage(Local),6/29/2015,KG,20,30,25
Garlic Dry Chinese,6/29/2015,KG,130,140,135
Tomato Big(Nepali),6/30/2015,KG,50,60,55
Potato Red,6/30/2015,KG,20,23,21.5
Onion Dry (Indian),6/30/2015,KG,41,43,42
Cabbage(Local),6/30/2015,KG,20,30,25
Garlic Dry Chinese,6/30/2015,KG,130,140,135
Tomato Big(Nepali),7/1/2015,KG,50,60,55
Potato Red,7/1/2015,KG,22,24,23
Onion Dry (Indian),7/1/2015,KG,41,43,42
Cabbage(Local),7/1/2015,KG,20,30,25
Garlic Dry Chinese,7/1/2015,KG,130,140,135
Tomato Big(Nepali),7/2/2015,KG,50,60,55
Potato Red,7/2/2015,KG,22,24,23
Onion Dry (Indian),7/2/2015,KG,40,42,41
Cabbage(Local),7/2/2015,KG,30,32,31
Garlic Dry Chinese,7/2/2015,KG,130,140,135
Tomato Big(Nepali),7/3/2015,KG,50,60,55
Potato Red,7/3/2015,KG,21,23,22
Onion Dry (Indian),7/3/2015,KG,41,43,42
Cabbage(Local),7/3/2015,KG,30,35,32.5
Garlic Dry Chinese,7/3/2015,KG,130,140,135
Tomato Big(Nepali),7/4/2015,KG,55,65,60
Potato Red,7/4/2015,KG,21,23,22
Onion Dry (Indian),7/4/2015,KG,41,43,42
Cabbage(Local),7/4/2015,KG,32,36,34
Garlic Dry Chinese,7/4/2015,KG,135,142,138.5
Tomato Big(Nepali),7/5/2015,KG,50,60,55
Potato Red,7/5/2015,KG,21,23,22
Onion Dry (Indian),7/5/2015,KG,41,43,42
Cabbage(Local),7/5/2015,KG,30,33,31.5
Garlic Dry Chinese,7/5/2015,KG,130,140,135
Tomato Big(Nepali),7/6/2015,KG,50,60,55
Potato Red,7/6/2015,KG,21,23,22
Onion Dry (Indian),7/6/2015,KG,41,43,42
Cabbage(Local),7/6/2015,KG,30,32,31
Garlic Dry Chinese,7/6/2015,KG,130,140,135
Tomato Big(Nepali),7/7/2015,KG,50,60,55
Potato Red,7/7/2015,KG,21,23,22
Onion Dry (Indian),7/7/2015,KG,41,43,42
Cabbage(Local),7/7/2015,KG,30,35,32.5
Garlic Dry Chinese,7/7/2015,KG,130,140,135
Tomato Big(Nepali),7/8/2015,KG,50,60,55
Potato Red,7/8/2015,KG,21,23,22
Onion Dry (Indian),7/8/2015,KG,41,43,42
Cabbage(Local),7/8/2015,KG,28,35,31.5
Garlic Dry Chinese,7/8/2015,KG,130,145,137.5
Tomato Big(Nepali),7/9/2015,KG,50,60,55
Potato Red,7/9/2015,KG,21,23,22
Onion Dry (Indian),7/9/2015,KG,41,43,42
Cabbage(Local),7/9/2015,KG,30,35,32.5
Garlic Dry Chinese,7/9/2015,KG,140,150,145
Tomato Big(Nepali),7/10/2015,KG,50,60,55
Potato Red,7/10/2015,KG,21,23,22
Onion Dry (Indian),7/10/2015,KG,41,43,42
Cabbage(Local),7/10/2015,KG,30,35,32.5
Garlic Dry Chinese,7/10/2015,KG,140,150,145
Tomato Big(Nepali),7/11/2015,KG,50,60,55
Potato Red,7/11/2015,KG,19,23,21
Onion Dry (Indian),7/11/2015,KG,40,43,41.5
Cabbage(Local),7/11/2015,KG,30,32,31
Garlic Dry Chinese,7/11/2015,KG,140,148,144
Tomato Big(Nepali),7/12/2015,KG,60,70,65
Potato Red,7/12/2015,KG,21,23,22
Onion Dry (Indian),7/12/2015,KG,41,43,42
Cabbage(Local),7/12/2015,KG,30,32,31
Garlic Dry Chinese,7/12/2015,KG,140,160,150
Tomato Big(Nepali),7/13/2015,KG,60,70,65
Potato Red,7/13/2015,KG,21,23,22
Onion Dry (Indian),7/13/2015,KG,41,43,42
Cabbage(Local),7/13/2015,KG,28,33,30.5
Garlic Dry Chinese,7/13/2015,KG,140,150,145
Tomato Big(Nepali),7/14/2015,KG,60,70,65
Potato Red,7/14/2015,KG,21,23,22
Onion Dry (Indian),7/14/2015,KG,41,43,42
Cabbage(Local),7/14/2015,KG,28,32,30
Garlic Dry Chinese,7/14/2015,KG,140,150,145
Tomato Big(Nepali),7/15/2015,KG,50,60,55
Potato Red,7/15/2015,KG,21,23,22
Onion Dry (Indian),7/15/2015,KG,41,43,42
Cabbage(Local),7/15/2015,KG,28,30,29
Garlic Dry Chinese,7/15/2015,KG,140,150,145
Tomato Big(Nepali),7/16/2015,KG,50,60,55
Potato Red,7/16/2015,KG,21,24,22.5
Onion Dry (Indian),7/16/2015,KG,41,45,43
Cabbage(Local),7/16/2015,KG,30,32,31
Garlic Dry Chinese,7/16/2015,KG,140,150,145
Tomato Big(Nepali),7/17/2015,KG,50,60,55
Potato Red,7/17/2015,KG,22,25,23.5
Onion Dry (Indian),7/17/2015,KG,42,45,43.5
Cabbage(Local),7/17/2015,KG,30,35,32.5
Garlic Dry Chinese,7/17/2015,KG,190,200,195
Tomato Big(Nepali),7/18/2015,KG,50,60,55
Potato Red,7/18/2015,KG,22,24,23
Onion Dry (Indian),7/18/2015,KG,42,47,44.5
Cabbage(Local),7/18/2015,KG,30,38,34
Garlic Dry Chinese,7/18/2015,KG,140,160,150
Tomato Big(Nepali),7/19/2015,KG,50,60,55
Potato Red,7/19/2015,KG,22,25,23.5
Onion Dry (Indian),7/19/2015,KG,42,47,44.5
Cabbage(Local),7/19/2015,KG,30,40,35
Garlic Dry Chinese,7/19/2015,KG,180,190,185
Tomato Big(Nepali),7/20/2015,KG,50,60,55
Potato Red,7/20/2015,KG,22,25,23.5
Onion Dry (Indian),7/20/2015,KG,42,45,43.5
Cabbage(Local),7/20/2015,KG,30,35,32.5
Garlic Dry Chinese,7/20/2015,KG,160,170,165
Tomato Big(Nepali),7/21/2015,KG,60,70,65
Potato Red,7/21/2015,KG,30,40,35
Onion Dry (Indian),7/21/2015,KG,50,60,55
Cabbage(Local),7/21/2015,KG,40,50,45
Garlic Dry Chinese,7/21/2015,KG,140,180,160
Tomato Big(Nepali),7/22/2015,KG,50,60,55
Potato Red,7/22/2015,KG,23,25,24
Onion Dry (Indian),7/22/2015,KG,45,50,47.5
Cabbage(Local),7/22/2015,KG,30,40,35
Garlic Dry Chinese,7/22/2015,KG,160,170,165
Tomato Big(Nepali),7/23/2015,KG,50,60,55
Potato Red,7/23/2015,KG,23,25,24
Onion Dry (Indian),7/23/2015,KG,45,50,47.5
Cabbage(Local),7/23/2015,KG,30,35,32.5
Garlic Dry Chinese,7/23/2015,KG,160,170,165
Tomato Big(Nepali),7/24/2015,KG,50,60,55
Potato Red,7/24/2015,KG,23,25,24
Onion Dry (Indian),7/24/2015,KG,45,50,47.5
Cabbage(Local),7/24/2015,KG,30,35,32.5
Garlic Dry Chinese,7/24/2015,KG,160,170,165
Tomato Big(Nepali),7/25/2015,KG,55,65,60
Potato Red,7/25/2015,KG,23,25,24
Onion Dry (Indian),7/25/2015,KG,52,55,53.5
Cabbage(Local),7/25/2015,KG,32,36,34
Garlic Dry Chinese,7/25/2015,KG,160,170,165
Tomato Big(Nepali),7/26/2015,KG,50,60,55
Potato Red,7/26/2015,KG,23,25,24
Onion Dry (Indian),7/26/2015,KG,50,55,52.5
Cabbage(Local),7/26/2015,KG,30,35,32.5
Garlic Dry Chinese,7/26/2015,KG,160,170,165
Tomato Big(Nepali),7/27/2015,KG,40,50,45
Potato Red,7/27/2015,KG,23,25,24
Onion Dry (Indian),7/27/2015,KG,54,56,55
Cabbage(Local),7/27/2015,KG,30,35,32.5
Garlic Dry Chinese,7/27/2015,KG,160,170,165
Tomato Big(Nepali),7/28/2015,KG,40,50,45
Potato Red,7/28/2015,KG,23,25,24
Onion Dry (Indian),7/28/2015,KG,55,60,57.5
Cabbage(Local),7/28/2015,KG,30,35,32.5
Garlic Dry Chinese,7/28/2015,KG,160,165,162.5
Tomato Big(Nepali),7/29/2015,KG,45,55,50
Potato Red,7/29/2015,KG,23,25,24
Onion Dry (Indian),7/29/2015,KG,60,65,62.5
Cabbage(Local),7/29/2015,KG,30,35,32.5
Garlic Dry Chinese,7/29/2015,KG,150,160,155
Tomato Big(Nepali),7/30/2015,KG,45,55,50
Potato Red,7/30/2015,KG,24,26,25
Onion Dry (Indian),7/30/2015,KG,65,70,67.5
Cabbage(Local),7/30/2015,KG,30,35,32.5
Garlic Dry Chinese,7/30/2015,KG,160,170,165
Tomato Big(Nepali),7/31/2015,KG,45,55,50
Potato Red,7/31/2015,KG,23,26,24.5
Onion Dry (Indian),7/31/2015,KG,65,70,67.5
Cabbage(Local),7/31/2015,KG,40,50,45
Garlic Dry Chinese,7/31/2015,KG,160,170,165
Tomato Big(Nepali),8/1/2015,KG,48,55,51.5
Potato Red,8/1/2015,KG,23,26,24.5
Onion Dry (Indian),8/1/2015,KG,65,68,66.5
Cabbage(Local),8/1/2015,KG,40,48,44
Garlic Dry Chinese,8/1/2015,KG,160,168,164
Tomato Big(Nepali),8/2/2015,KG,50,60,55
Potato Red,8/2/2015,KG,24,26,25
Onion Dry (Indian),8/2/2015,KG,60,65,62.5
Cabbage(Local),8/2/2015,KG,35,40,37.5
Garlic Dry Chinese,8/2/2015,KG,160,170,165
Tomato Big(Nepali),8/3/2015,KG,50,60,55
Potato Red,8/3/2015,KG,24,26,25
Onion Dry (Indian),8/3/2015,KG,65,70,67.5
Cabbage(Local),8/3/2015,KG,35,40,37.5
Garlic Dry Chinese,8/3/2015,KG,160,170,165
Tomato Big(Nepali),8/4/2015,KG,50,60,55
Potato Red,8/4/2015,KG,24,26,25
Onion Dry (Indian),8/4/2015,KG,65,70,67.5
Cabbage(Local),8/4/2015,KG,30,35,32.5
Garlic Dry Chinese,8/4/2015,KG,160,170,165
Tomato Big(Nepali),8/5/2015,KG,50,60,55
Potato Red,8/5/2015,KG,24,26,25
Onion Dry (Indian),8/5/2015,KG,60,70,65
Cabbage(Local),8/5/2015,KG,30,35,32.5
Garlic Dry Chinese,8/5/2015,KG,160,170,165
Tomato Big(Nepali),8/6/2015,KG,40,50,45
Potato Red,8/6/2015,KG,24,26,25
Onion Dry (Indian),8/6/2015,KG,65,70,67.5
Cabbage(Local),8/6/2015,KG,30,35,32.5
Garlic Dry Chinese,8/6/2015,KG,160,170,165
Tomato Big(Nepali),8/7/2015,KG,40,50,45
Potato Red,8/7/2015,KG,24,26,25
Onion Dry (Indian),8/7/2015,KG,68,70,69
Cabbage(Local),8/7/2015,KG,30,40,35
Garlic Dry Chinese,8/7/2015,KG,160,170,165
Tomato Big(Nepali),8/8/2015,KG,48,55,51.5
Potato Red,8/8/2015,KG,20,28,24
Onion Dry (Indian),8/8/2015,KG,70,72,71
Cabbage(Local),8/8/2015,KG,40,45,42.5
Garlic Dry Chinese,8/8/2015,KG,158,165,161.5
Tomato Big(Nepali),8/9/2015,KG,50,60,55
Potato Red,8/9/2015,KG,26,28,27
Onion Dry (Indian),8/9/2015,KG,68,70,69
Cabbage(Local),8/9/2015,KG,30,35,32.5
Garlic Dry Chinese,8/9/2015,KG,160,170,165
Tomato Big(Nepali),8/10/2015,KG,40,50,45
Potato Red,8/10/2015,KG,27,29,28
Onion Dry (Indian),8/10/2015,KG,68,70,69
Cabbage(Local),8/10/2015,KG,30,35,32.5
Garlic Dry Chinese,8/10/2015,KG,160,170,165
Tomato Big(Nepali),8/11/2015,KG,40,50,45
Potato Red,8/11/2015,KG,27,29,28
Onion Dry (Indian),8/11/2015,KG,66,68,67
Cabbage(Local),8/11/2015,KG,30,35,32.5
Garlic Dry Chinese,8/11/2015,KG,160,170,165
Tomato Big(Nepali),8/12/2015,KG,40,50,45
Potato Red,8/12/2015,KG,27,29,28
Onion Dry (Indian),8/12/2015,KG,66,68,67
Cabbage(Local),8/12/2015,KG,30,40,35
Garlic Dry Chinese,8/12/2015,KG,160,170,165
Tomato Big(Nepali),8/13/2015,KG,40,50,45
Potato Red,8/13/2015,KG,28,30,29
Onion Dry (Indian),8/13/2015,KG,68,70,69
Cabbage(Local),8/13/2015,KG,30,40,35
Garlic Dry Chinese,8/13/2015,KG,160,170,165
Tomato Big(Nepali),8/14/2015,KG,40,45,42.5
Potato Red,8/14/2015,KG,20,30,25
Onion Dry (Indian),8/14/2015,KG,68,70,69
Cabbage(Local),8/14/2015,KG,30,35,32.5
Garlic Dry Chinese,8/14/2015,KG,160,170,165
Tomato Big(Nepali),8/15/2015,KG,35,44,39.5
Potato Red,8/15/2015,KG,25,30,27.5
Onion Dry (Indian),8/15/2015,KG,70,75,72.5
Cabbage(Local),8/15/2015,KG,32,40,36
Garlic Dry Chinese,8/15/2015,KG,160,170,165
Tomato Big(Nepali),8/16/2015,KG,35,45,40
Potato Red,8/16/2015,KG,27,30,28.5
Onion Dry (Indian),8/16/2015,KG,70,75,72.5
Cabbage(Local),8/16/2015,KG,30,35,32.5
Garlic Dry Chinese,8/16/2015,KG,160,170,165
Tomato Big(Nepali),8/17/2015,KG,35,40,37.5
Potato Red,8/17/2015,KG,27,30,28.5
Onion Dry (Indian),8/17/2015,KG,70,75,72.5
Cabbage(Local),8/17/2015,KG,28,30,29
Garlic Dry Chinese,8/17/2015,KG,160,175,167.5
Tomato Big(Nepali),8/18/2015,KG,35,40,37.5
Potato Red,8/18/2015,KG,27,30,28.5
Onion Dry (Indian),8/18/2015,KG,75,80,77.5
Cabbage(Local),8/18/2015,KG,30,40,35
Garlic Dry Chinese,8/18/2015,KG,160,170,165
Tomato Big(Nepali),8/19/2015,KG,35,40,37.5
Potato Red,8/19/2015,KG,30,32,31
Onion Dry (Indian),8/19/2015,KG,88,90,89
Cabbage(Local),8/19/2015,KG,30,40,35
Garlic Dry Chinese,8/19/2015,KG,160,170,165
Tomato Big(Nepali),8/20/2015,KG,35,40,37.5
Potato Red,8/20/2015,KG,30,32,31
Onion Dry (Indian),8/20/2015,KG,88,90,89
Cabbage(Local),8/20/2015,KG,30,40,35
Garlic Dry Chinese,8/20/2015,KG,160,170,165
Tomato Big(Nepali),8/21/2015,KG,40,45,42.5
Potato Red,8/21/2015,KG,30,32,31
Onion Dry (Indian),8/21/2015,KG,95,100,97.5
Cabbage(Local),8/21/2015,KG,30,40,35
Garlic Dry Chinese,8/21/2015,KG,160,170,165
Tomato Big(Nepali),8/22/2015,KG,35,45,40
Potato Red,8/22/2015,KG,29,33,31
Onion Dry (Indian),8/22/2015,KG,100,105,102.5
Cabbage(Local),8/22/2015,KG,35,40,37.5
Garlic Dry Chinese,8/22/2015,KG,160,170,165
Tomato Big(Nepali),8/23/2015,KG,40,50,45
Potato Red,8/23/2015,KG,30,32,31
Onion Dry (Indian),8/23/2015,KG,105,110,107.5
Cabbage(Local),8/23/2015,KG,30,40,35
Garlic Dry Chinese,8/23/2015,KG,160,170,165
Tomato Big(Nepali),8/24/2015,KG,40,50,45
Potato Red,8/24/2015,KG,31,34,32.5
Onion Dry (Indian),8/24/2015,KG,105,110,107.5
Cabbage(Local),8/24/2015,KG,30,40,35
Garlic Dry Chinese,8/24/2015,KG,160,170,165
Tomato Big(Nepali),8/25/2015,KG,35,40,37.5
Potato Red,8/25/2015,KG,31,34,32.5
Onion Dry (Indian),8/25/2015,KG,105,110,107.5
Cabbage(Local),8/25/2015,KG,30,40,35
Garlic Dry Chinese,8/25/2015,KG,160,170,165
Tomato Big(Nepali),8/26/2015,KG,40,45,42.5
Potato Red,8/26/2015,KG,33,35,34
Onion Dry (Indian),8/26/2015,KG,105,110,107.5
Cabbage(Local),8/26/2015,KG,30,40,35
Garlic Dry Chinese,8/26/2015,KG,160,170,165
Tomato Big(Nepali),8/27/2015,KG,40,50,45
Potato Red,8/27/2015,KG,33,35,34
Onion Dry (Indian),8/27/2015,KG,105,110,107.5
Cabbage(Local),8/27/2015,KG,30,40,35
Garlic Dry Chinese,8/27/2015,KG,160,170,165
Tomato Big(Nepali),8/28/2015,KG,40,45,42.5
Potato Red,8/28/2015,KG,30,35,32.5
Onion Dry (Indian),8/28/2015,KG,105,110,107.5
Cabbage(Local),8/28/2015,KG,30,40,35
Garlic Dry Chinese,8/28/2015,KG,160,170,165
Tomato Big(Nepali),8/29/2015,KG,40,42,41
Potato Red,8/29/2015,KG,24,26,25
Onion Dry (Indian),8/29/2015,KG,105,110,107.5
Cabbage(Local),8/29/2015,KG,34,36,35
Garlic Dry Chinese,8/29/2015,KG,180,190,185
Tomato Big(Nepali),8/30/2015,KG,40,44,42
Potato Red,8/30/2015,KG,26,28,27
Onion Dry (Indian),8/30/2015,KG,105,108,106.5
Cabbage(Local),8/30/2015,KG,35,40,37.5
Garlic Dry Chinese,8/30/2015,KG,180,190,185
Tomato Big(Nepali),8/31/2015,KG,40,43,41.5
Potato Red,8/31/2015,KG,34,36,35
Onion Dry (Indian),8/31/2015,KG,105,108,106.5
Cabbage(Local),8/31/2015,KG,30,40,35
Garlic Dry Chinese,8/31/2015,KG,170,180,175
Tomato Big(Nepali),9/1/2015,KG,35,40,37.5
Potato Red,9/1/2015,KG,34,36,35
Onion Dry (Indian),9/1/2015,KG,100,105,102.5
Cabbage(Local),9/1/2015,KG,30,40,35
Garlic Dry Chinese,9/1/2015,KG,170,180,175
Tomato Big(Nepali),9/2/2015,KG,35,40,37.5
Potato Red,9/2/2015,KG,34,36,35
Onion Dry (Indian),9/2/2015,KG,100,105,102.5
Cabbage(Local),9/2/2015,KG,30,35,32.5
Garlic Dry Chinese,9/2/2015,KG,170,180,175
Tomato Big(Nepali),9/3/2015,KG,35,40,37.5
Potato Red,9/3/2015,KG,26,35,30.5
Onion Dry (Indian),9/3/2015,KG,100,103,101.5
Cabbage(Local),9/3/2015,KG,30,35,32.5
Garlic Dry Chinese,9/3/2015,KG,170,180,175
Tomato Big(Nepali),9/4/2015,KG,35,40,37.5
Potato Red,9/4/2015,KG,28,35,31.5
Onion Dry (Indian),9/4/2015,KG,100,103,101.5
Cabbage(Local),9/4/2015,KG,30,40,35
Garlic Dry Chinese,9/4/2015,KG,170,180,175
Tomato Big(Nepali),9/5/2015,KG,30,40,35
Potato Red,9/5/2015,KG,28,35,31.5
Onion Dry (Indian),9/5/2015,KG,98,100,99
Cabbage(Local),9/5/2015,KG,30,35,32.5
Garlic Dry Chinese,9/5/2015,KG,170,180,175
Tomato Big(Nepali),9/6/2015,KG,30,35,32.5
Potato Red,9/6/2015,KG,20,35,27.5
Onion Dry (Indian),9/6/2015,KG,95,98,96.5
Cabbage(Local),9/6/2015,KG,30,35,32.5
Garlic Dry Chinese,9/6/2015,KG,170,180,175
Tomato Big(Nepali),9/7/2015,KG,30,35,32.5
Potato Red,9/7/2015,KG,28,35,31.5
Onion Dry (Indian),9/7/2015,KG,95,98,96.5
Cabbage(Local),9/7/2015,KG,30,35,32.5
Garlic Dry Chinese,9/7/2015,KG,170,180,175
Tomato Big(Nepali),9/8/2015,KG,30,35,32.5
Potato Red,9/8/2015,KG,28,35,31.5
Onion Dry (Indian),9/8/2015,KG,95,98,96.5
Cabbage(Local),9/8/2015,KG,30,35,32.5
Garlic Dry Chinese,9/8/2015,KG,170,180,175
Tomato Big(Nepali),9/9/2015,KG,28,30,29
Potato Red,9/9/2015,KG,28,35,31.5
Onion Dry (Indian),9/9/2015,KG,95,100,97.5
Cabbage(Local),9/9/2015,KG,30,35,32.5
Garlic Dry Chinese,9/9/2015,KG,170,180,175
Tomato Big(Nepali),9/10/2015,KG,28,30,29
Potato Red,9/10/2015,KG,28,35,31.5
Onion Dry (Indian),9/10/2015,KG,98,100,99
Cabbage(Local),9/10/2015,KG,30,35,32.5
Garlic Dry Chinese,9/10/2015,KG,170,180,175
Tomato Big(Nepali),9/11/2015,KG,25,30,27.5
Potato Red,9/11/2015,KG,28,35,31.5
Onion Dry (Indian),9/11/2015,KG,98,100,99
Cabbage(Local),9/11/2015,KG,40,50,45
Garlic Dry Chinese,9/11/2015,KG,170,180,175
Tomato Big(Nepali),9/12/2015,KG,22,30,26
Potato Red,9/12/2015,KG,29,36,32.5
Onion Dry (Indian),9/12/2015,KG,98,101,99.5
Cabbage(Local),9/12/2015,KG,38,46,42
Garlic Dry Chinese,9/12/2015,KG,170,184,177
Tomato Big(Nepali),9/13/2015,KG,30,40,35
Potato Red,9/13/2015,KG,28,36,32
Onion Dry (Indian),9/13/2015,KG,98,100,99
Cabbage(Local),9/13/2015,KG,30,40,35
Garlic Dry Chinese,9/13/2015,KG,170,180,175
Tomato Big(Nepali),9/14/2015,KG,35,40,37.5
Potato Red,9/14/2015,KG,28,36,32
Onion Dry (Indian),9/14/2015,KG,98,100,99
Cabbage(Local),9/14/2015,KG,35,40,37.5
Garlic Dry Chinese,9/14/2015,KG,170,180,175
Tomato Big(Nepali),9/15/2015,KG,35,40,37.5
Potato Red,9/15/2015,KG,28,36,32
Onion Dry (Indian),9/15/2015,KG,98,100,99
Cabbage(Local),9/15/2015,KG,35,40,37.5
Garlic Dry Chinese,9/15/2015,KG,170,180,175
Tomato Big(Nepali),9/16/2015,KG,30,40,35
Potato Red,9/16/2015,KG,28,36,32
Onion Dry (Indian),9/16/2015,KG,98,100,99
Cabbage(Local),9/16/2015,KG,30,35,32.5
Garlic Dry Chinese,9/16/2015,KG,170,180,175
Tomato Big(Nepali),9/17/2015,KG,30,35,32.5
Potato Red,9/17/2015,KG,28,35,31.5
Onion Dry (Indian),9/17/2015,KG,98,100,99
Cabbage(Local),9/17/2015,KG,30,38,34
Garlic Dry Chinese,9/17/2015,KG,170,180,175
Tomato Big(Nepali),9/18/2015,KG,30,35,32.5
Potato Red,9/18/2015,KG,28,35,31.5
Onion Dry (Indian),9/18/2015,KG,98,100,99
Cabbage(Local),9/18/2015,KG,40,50,45
Garlic Dry Chinese,9/18/2015,KG,170,180,175
Tomato Big(Nepali),9/19/2015,KG,28,32,30
Potato Red,9/19/2015,KG,28,35,31.5
Onion Dry (Indian),9/19/2015,KG,94,98,96
Cabbage(Local),9/19/2015,KG,48,52,50
Garlic Dry Chinese,9/19/2015,KG,170,180,175
Tomato Big(Nepali),9/20/2015,KG,28,35,31.5
Potato Red,9/20/2015,KG,28,35,31.5
Onion Dry (Indian),9/20/2015,KG,94,96,95
Cabbage(Local),9/20/2015,KG,40,50,45
Garlic Dry Chinese,9/20/2015,KG,170,180,175
Tomato Big(Nepali),9/21/2015,KG,28,35,31.5
Potato Red,9/21/2015,KG,28,35,31.5
Onion Dry (Indian),9/21/2015,KG,94,96,95
Cabbage(Local),9/21/2015,KG,40,50,45
Garlic Dry Chinese,9/21/2015,KG,170,180,175
Tomato Big(Nepali),9/22/2015,KG,30,35,32.5
Potato Red,9/22/2015,KG,28,35,31.5
Onion Dry (Indian),9/22/2015,KG,94,96,95
Cabbage(Local),9/22/2015,KG,50,55,52.5
Garlic Dry Chinese,9/22/2015,KG,170,180,175
Tomato Big(Nepali),9/23/2015,KG,35,40,37.5
Potato Red,9/23/2015,KG,28,35,31.5
Onion Dry (Indian),9/23/2015,KG,93,95,94
Cabbage(Local),9/23/2015,KG,50,55,52.5
Garlic Dry Chinese,9/23/2015,KG,170,180,175
Tomato Big(Nepali),9/24/2015,KG,35,40,37.5
Potato Red,9/24/2015,KG,28,35,31.5
Onion Dry (Indian),9/24/2015,KG,92,94,93
Cabbage(Local),9/24/2015,KG,40,45,42.5
Garlic Dry Chinese,9/24/2015,KG,160,170,165
Tomato Big(Nepali),9/25/2015,KG,30,40,35
Potato Red,9/25/2015,KG,28,35,31.5
Onion Dry (Indian),9/25/2015,KG,94,96,95
Cabbage(Local),9/25/2015,KG,35,40,37.5
Garlic Dry Chinese,9/25/2015,KG,160,170,165
Tomato Big(Nepali),9/26/2015,KG,30,40,35
Potato Red,9/26/2015,KG,35,42,38.5
Onion Dry (Indian),9/26/2015,KG,90,115,102.5
Cabbage(Local),9/26/2015,KG,35,42,38.5
Garlic Dry Chinese,9/26/2015,KG,160,170,165
Tomato Big(Nepali),9/27/2015,KG,35,40,37.5
Potato Red,9/27/2015,KG,40,42,41
Onion Dry (Indian),9/27/2015,KG,100,105,102.5
Cabbage(Local),9/27/2015,KG,40,45,42.5
Garlic Dry Chinese,9/27/2015,KG,170,180,175
Tomato Big(Nepali),9/28/2015,KG,35,40,37.5
Potato Red,9/28/2015,KG,35,42,38.5
Onion Dry (Indian),9/28/2015,KG,140,145,142.5
Cabbage(Local),9/28/2015,KG,50,55,52.5
Garlic Dry Chinese,9/28/2015,KG,170,180,175
Tomato Big(Nepali),9/29/2015,KG,50,55,52.5
Potato Red,9/29/2015,KG,35,40,37.5
Onion Dry (Indian),9/29/2015,KG,108,110,109
Cabbage(Local),9/29/2015,KG,40,50,45
Garlic Dry Chinese,9/29/2015,KG,170,180,175
Tomato Big(Nepali),9/30/2015,KG,60,65,62.5
Potato Red,9/30/2015,KG,35,40,37.5
Onion Dry (Indian),9/30/2015,KG,128,130,129
Cabbage(Local),9/30/2015,KG,40,50,45
Garlic Dry Chinese,9/30/2015,KG,170,180,175
Tomato Big(Nepali),10/1/2015,KG,55,60,57.5
Potato Red,10/1/2015,KG,35,40,37.5
Onion Dry (Indian),10/1/2015,KG,125,130,127.5
Cabbage(Local),10/1/2015,KG,40,50,45
Garlic Dry Chinese,10/1/2015,KG,170,180,175
Tomato Big(Nepali),10/2/2015,KG,55,60,57.5
Potato Red,10/2/2015,KG,35,40,37.5
Onion Dry (Indian),10/2/2015,KG,120,125,122.5
Cabbage(Local),10/2/2015,KG,40,50,45
Garlic Dry Chinese,10/2/2015,KG,170,180,175
Tomato Big(Nepali),10/3/2015,KG,45,55,50
Potato Red,10/3/2015,KG,35,40,37.5
Onion Dry (Indian),10/3/2015,KG,100,110,105
Cabbage(Local),10/3/2015,KG,40,45,42.5
Garlic Dry Chinese,10/3/2015,KG,170,180,175
Tomato Big(Nepali),10/4/2015,KG,50,55,52.5
Potato Red,10/4/2015,KG,35,40,37.5
Onion Dry (Indian),10/4/2015,KG,100,105,102.5
Cabbage(Local),10/4/2015,KG,40,45,42.5
Garlic Dry Chinese,10/4/2015,KG,170,180,175
Tomato Big(Nepali),10/5/2015,KG,45,50,47.5
Potato Red,10/5/2015,KG,35,40,37.5
Onion Dry (Indian),10/5/2015,KG,100,105,102.5
Cabbage(Local),10/5/2015,KG,50,55,52.5
Garlic Dry Chinese,10/5/2015,KG,170,180,175
Tomato Big(Nepali),10/6/2015,KG,35,40,37.5
Potato Red,10/6/2015,KG,35,40,37.5
Onion Dry (Indian),10/6/2015,KG,125,130,127.5
Cabbage(Local),10/6/2015,KG,40,50,45
Garlic Dry Chinese,10/6/2015,KG,170,180,175
Tomato Big(Nepali),10/7/2015,KG,35,40,37.5
Potato Red,10/7/2015,KG,35,40,37.5
Onion Dry (Indian),10/7/2015,KG,128,130,129
Cabbage(Local),10/7/2015,KG,50,60,55
Garlic Dry Chinese,10/7/2015,KG,180,190,185
Tomato Big(Nepali),10/8/2015,KG,35,40,37.5
Potato Red,10/8/2015,KG,35,40,37.5
Onion Dry (Indian),10/8/2015,KG,128,130,129
Cabbage(Local),10/8/2015,KG,50,60,55
Garlic Dry Chinese,10/8/2015,KG,180,190,185
Tomato Big(Nepali),10/9/2015,KG,35,40,37.5
Potato Red,10/9/2015,KG,35,40,37.5
Onion Dry (Indian),10/9/2015,KG,120,130,125
Cabbage(Local),10/9/2015,KG,50,60,55
Garlic Dry Chinese,10/9/2015,KG,180,190,185
Tomato Big(Nepali),10/10/2015,KG,35,42,38.5
Potato Red,10/10/2015,KG,37,42,39.5
Onion Dry (Indian),10/10/2015,KG,120,125,122.5
Cabbage(Local),10/10/2015,KG,50,60,55
Garlic Dry Chinese,10/10/2015,KG,180,190,185
Tomato Big(Nepali),10/11/2015,KG,40,50,45
Potato Red,10/11/2015,KG,35,40,37.5
Onion Dry (Indian),10/11/2015,KG,120,125,122.5
Cabbage(Local),10/11/2015,KG,50,60,55
Garlic Dry Chinese,10/11/2015,KG,180,190,185
Tomato Big(Nepali),10/12/2015,KG,40,50,45
Potato Red,10/12/2015,KG,35,42,38.5
Onion Dry (Indian),10/12/2015,KG,125,130,127.5
Cabbage(Local),10/12/2015,KG,50,60,55
Garlic Dry Chinese,10/12/2015,KG,180,190,185
Tomato Big(Nepali),10/13/2015,KG,40,50,45
Potato Red,10/13/2015,KG,35,40,37.5
Onion Dry (Indian),10/13/2015,KG,125,130,127.5
Cabbage(Local),10/13/2015,KG,50,55,52.5
Garlic Dry Chinese,10/13/2015,KG,170,180,175
Tomato Big(Nepali),10/14/2015,KG,45,50,47.5
Potato Red,10/14/2015,KG,35,42,38.5
Onion Dry (Indian),10/14/2015,KG,100,105,102.5
Cabbage(Local),10/14/2015,KG,50,60,55
Garlic Dry Chinese,10/14/2015,KG,180,190,185
Tomato Big(Nepali),10/15/2015,KG,50,60,55
Potato Red,10/15/2015,KG,35,42,38.5
Onion Dry (Indian),10/15/2015,KG,90,100,95
Cabbage(Local),10/15/2015,KG,40,50,45
Garlic Dry Chinese,10/15/2015,KG,180,190,185
Tomato Big(Nepali),10/16/2015,KG,40,50,45
Potato Red,10/16/2015,KG,35,40,37.5
Onion Dry (Indian),10/16/2015,KG,90,95,92.5
Cabbage(Local),10/16/2015,KG,40,50,45
Garlic Dry Chinese,10/16/2015,KG,180,190,185
Tomato Big(Nepali),10/17/2015,KG,40,50,45
Potato Red,10/17/2015,KG,34,38,36
Onion Dry (Indian),10/17/2015,KG,80,90,85
Cabbage(Local),10/17/2015,KG,35,40,37.5
Garlic Dry Chinese,10/17/2015,KG,180,190,185
Tomato Big(Nepali),10/18/2015,KG,40,50,45
Potato Red,10/18/2015,KG,35,38,36.5
Onion Dry (Indian),10/18/2015,KG,70,80,75
Cabbage(Local),10/18/2015,KG,35,40,37.5
Garlic Dry Chinese,10/18/2015,KG,180,190,185
Tomato Big(Nepali),10/19/2015,KG,40,50,45
Potato Red,10/19/2015,KG,35,38,36.5
Onion Dry (Indian),10/19/2015,KG,70,75,72.5
Cabbage(Local),10/19/2015,KG,40,50,45
Garlic Dry Chinese,10/19/2015,KG,180,190,185
Tomato Big(Nepali),10/20/2015,KG,40,50,45
Potato Red,10/20/2015,KG,30,40,35
Onion Dry (Indian),10/20/2015,KG,60,70,65
Cabbage(Local),10/20/2015,KG,35,40,37.5
Garlic Dry Chinese,10/20/2015,KG,180,190,185
Tomato Big(Nepali),10/21/2015,KG,40,50,45
Potato Red,10/21/2015,KG,30,40,35
Onion Dry (Indian),10/21/2015,KG,60,70,65
Cabbage(Local),10/21/2015,KG,40,50,45
Garlic Dry Chinese,10/21/2015,KG,180,190,185
Tomato Big(Nepali),10/22/2015,KG,40,50,45
Potato Red,10/22/2015,KG,30,40,35
Onion Dry (Indian),10/22/2015,KG,60,70,65
Cabbage(Local),10/22/2015,KG,40,50,45
Garlic Dry Chinese,10/22/2015,KG,180,190,185
Tomato Big(Nepali),10/23/2015,KG,40,50,45
Potato Red,10/23/2015,KG,30,40,35
Onion Dry (Indian),10/23/2015,KG,60,70,65
Cabbage(Local),10/23/2015,KG,40,50,45
Garlic Dry Chinese,10/23/2015,KG,180,190,185
Tomato Big(Nepali),10/24/2015,KG,40,50,45
Potato Red,10/24/2015,KG,30,40,35
Onion Dry (Indian),10/24/2015,KG,60,70,65
Cabbage(Local),10/24/2015,KG,30,40,35
Garlic Dry Chinese,10/24/2015,KG,180,190,185
Tomato Big(Nepali),10/25/2015,KG,40,50,45
Potato Red,10/25/2015,KG,30,40,35
Onion Dry (Indian),10/25/2015,KG,60,70,65
Cabbage(Local),10/25/2015,KG,30,40,35
Garlic Dry Chinese,10/25/2015,KG,180,190,185
Tomato Big(Nepali),10/26/2015,KG,35,40,37.5
Potato Red,10/26/2015,KG,35,40,37.5
Onion Dry (Indian),10/26/2015,KG,65,70,67.5
Cabbage(Local),10/26/2015,KG,40,50,45
Garlic Dry Chinese,10/26/2015,KG,170,175,172.5
Tomato Big(Nepali),10/27/2015,KG,30,40,35
Potato Red,10/27/2015,KG,30,40,35
Onion Dry (Indian),10/27/2015,KG,60,70,65
Cabbage(Local),10/27/2015,KG,30,40,35
Garlic Dry Chinese,10/27/2015,KG,180,190,185
Tomato Big(Nepali),10/28/2015,KG,30,40,35
Potato Red,10/28/2015,KG,30,40,35
Onion Dry (Indian),10/28/2015,KG,60,65,62.5
Cabbage(Local),10/28/2015,KG,30,40,35
Garlic Dry Chinese,10/28/2015,KG,180,190,185
Tomato Big(Nepali),10/29/2015,KG,25,30,27.5
Potato Red,10/29/2015,KG,30,40,35
Onion Dry (Indian),10/29/2015,KG,60,65,62.5
Cabbage(Local),10/29/2015,KG,25,30,27.5
Garlic Dry Chinese,10/29/2015,KG,180,190,185
Tomato Big(Nepali),10/30/2015,KG,30,40,35
Potato Red,10/30/2015,KG,30,42,36
Onion Dry (Indian),10/30/2015,KG,60,65,62.5
Cabbage(Local),10/30/2015,KG,30,40,35
Garlic Dry Chinese,10/30/2015,KG,180,190,185
Tomato Big(Nepali),10/31/2015,KG,35,42,38.5
Potato Red,10/31/2015,KG,38,42,40
Onion Dry (Indian),10/31/2015,KG,60,65,62.5
Cabbage(Local),10/31/2015,KG,28,35,31.5
Garlic Dry Chinese,10/31/2015,KG,180,190,185
Tomato Big(Nepali),11/1/2015,KG,40,50,45
Potato Red,11/1/2015,KG,30,42,36
Onion Dry (Indian),11/1/2015,KG,60,70,65
Cabbage(Local),11/1/2015,KG,30,40,35
Garlic Dry Chinese,11/1/2015,KG,180,190,185
Tomato Big(Nepali),11/2/2015,KG,50,60,55
Potato Red,11/2/2015,KG,30,42,36
Onion Dry (Indian),11/2/2015,KG,60,65,62.5
Cabbage(Local),11/2/2015,KG,30,35,32.5
Garlic Dry Chinese,11/2/2015,KG,180,190,185
Tomato Big(Nepali),11/3/2015,KG,50,60,55
Potato Red,11/3/2015,KG,30,42,36
Onion Dry (Indian),11/3/2015,KG,60,65,62.5
Cabbage(Local),11/3/2015,KG,20,30,25
Garlic Dry Chinese,11/3/2015,KG,180,190,185
Tomato Big(Nepali),11/4/2015,KG,50,60,55
Potato Red,11/4/2015,KG,30,40,35
Onion Dry (Indian),11/4/2015,KG,60,65,62.5
Cabbage(Local),11/4/2015,KG,20,30,25
Garlic Dry Chinese,11/4/2015,KG,180,190,185
Tomato Big(Nepali),11/5/2015,KG,50,60,55
Potato Red,11/5/2015,KG,30,40,35
Onion Dry (Indian),11/5/2015,KG,60,65,62.5
Cabbage(Local),11/5/2015,KG,20,30,25
Garlic Dry Chinese,11/5/2015,KG,180,190,185
Tomato Big(Nepali),11/6/2015,KG,50,60,55
Potato Red,11/6/2015,KG,30,40,35
Onion Dry (Indian),11/6/2015,KG,60,65,62.5
Cabbage(Local),11/6/2015,KG,25,30,27.5
Garlic Dry Chinese,11/6/2015,KG,180,190,185
Tomato Big(Nepali),11/7/2015,KG,55,60,57.5
Potato Red,11/7/2015,KG,30,38,34
Onion Dry (Indian),11/7/2015,KG,60,65,62.5
Cabbage(Local),11/7/2015,KG,24,30,27
Garlic Dry Chinese,11/7/2015,KG,180,195,187.5
Tomato Big(Nepali),11/8/2015,KG,50,60,55
Potato Red,11/8/2015,KG,30,35,32.5
Onion Dry (Indian),11/8/2015,KG,65,70,67.5
Cabbage(Local),11/8/2015,KG,25,30,27.5
Garlic Dry Chinese,11/8/2015,KG,180,190,185
Tomato Big(Nepali),11/9/2015,KG,50,60,55
Potato Red,11/9/2015,KG,30,35,32.5
Onion Dry (Indian),11/9/2015,KG,60,65,62.5
Cabbage(Local),11/9/2015,KG,25,30,27.5
Garlic Dry Chinese,11/9/2015,KG,170,180,175
Tomato Big(Nepali),11/10/2015,KG,55,65,60
Potato Red,11/10/2015,KG,30,35,32.5
Onion Dry (Indian),11/10/2015,KG,60,65,62.5
Cabbage(Local),11/10/2015,KG,25,30,27.5
Garlic Dry Chinese,11/10/2015,KG,170,180,175
Tomato Big(Nepali),11/11/2015,KG,60,70,65
Potato Red,11/11/2015,KG,30,35,32.5
Onion Dry (Indian),11/11/2015,KG,60,65,62.5
Cabbage(Local),11/11/2015,KG,20,30,25
Garlic Dry Chinese,11/11/2015,KG,170,180,175
Tomato Big(Nepali),11/12/2015,KG,70,80,75
Potato Red,11/12/2015,KG,34,38,36
Onion Dry (Indian),11/12/2015,KG,60,66,63
Cabbage(Local),11/12/2015,KG,20,30,25
Garlic Dry Chinese,11/12/2015,KG,170,180,175
Tomato Big(Nepali),11/13/2015,KG,70,80,75
Potato Red,11/13/2015,KG,35,38,36.5
Onion Dry (Indian),11/13/2015,KG,60,62,61
Cabbage(Local),11/13/2015,KG,25,30,27.5
Garlic Dry Chinese,11/13/2015,KG,170,180,175
Tomato Big(Nepali),11/14/2015,KG,68,80,74
Potato Red,11/14/2015,KG,35,38,36.5
Onion Dry (Indian),11/14/2015,KG,60,62,61
Cabbage(Local),11/14/2015,KG,30,32,31
Garlic Dry Chinese,11/14/2015,KG,170,180,175
Tomato Big(Nepali),11/15/2015,KG,90,100,95
Potato Red,11/15/2015,KG,30,38,34
Onion Dry (Indian),11/15/2015,KG,60,62,61
Cabbage(Local),11/15/2015,KG,25,30,27.5
Garlic Dry Chinese,11/15/2015,KG,170,180,175
Tomato Big(Nepali),11/16/2015,KG,70,80,75
Potato Red,11/16/2015,KG,30,38,34
Onion Dry (Indian),11/16/2015,KG,60,62,61
Cabbage(Local),11/16/2015,KG,25,30,27.5
Garlic Dry Chinese,11/16/2015,KG,170,180,175
Tomato Big(Nepali),11/17/2015,KG,90,100,95
Potato Red,11/17/2015,KG,30,35,32.5
Onion Dry (Indian),11/17/2015,KG,60,62,61
Cabbage(Local),11/17/2015,KG,20,30,25
Garlic Dry Chinese,11/17/2015,KG,170,180,175
Tomato Big(Nepali),11/18/2015,KG,70,80,75
Potato Red,11/18/2015,KG,30,35,32.5
Onion Dry (Indian),11/18/2015,KG,60,62,61
Cabbage(Local),11/18/2015,KG,20,30,25
Garlic Dry Chinese,11/18/2015,KG,170,180,175
Tomato Big(Nepali),11/19/2015,KG,70,80,75
Potato Red,11/19/2015,KG,25,30,27.5
Onion Dry (Indian),11/19/2015,KG,58,60,59
Cabbage(Local),11/19/2015,KG,20,25,22.5
Garlic Dry Chinese,11/19/2015,KG,170,180,175
Tomato Big(Nepali),11/20/2015,KG,70,80,75
Potato Red,11/20/2015,KG,25,28,26.5
Onion Dry (Indian),11/20/2015,KG,60,62,61
Cabbage(Local),11/20/2015,KG,20,25,22.5
Garlic Dry Chinese,11/20/2015,KG,170,180,175
Tomato Big(Nepali),11/21/2015,KG,65,75,70
Potato Red,11/21/2015,KG,25,30,27.5
Onion Dry (Indian),11/21/2015,KG,55,60,57.5
Cabbage(Local),11/21/2015,KG,20,25,22.5
Garlic Dry Chinese,11/21/2015,KG,170,180,175
Tomato Big(Nepali),11/22/2015,KG,60,70,65
Potato Red,11/22/2015,KG,25,30,27.5
Onion Dry (Indian),11/22/2015,KG,60,62,61
Cabbage(Local),11/22/2015,KG,20,30,25
Garlic Dry Chinese,11/22/2015,KG,170,180,175
Tomato Big(Nepali),11/23/2015,KG,70,80,75
Potato Red,11/23/2015,KG,25,30,27.5
Onion Dry (Indian),11/23/2015,KG,60,63,61.5
Cabbage(Local),11/23/2015,KG,20,25,22.5
Garlic Dry Chinese,11/23/2015,KG,170,180,175
Tomato Big(Nepali),11/24/2015,KG,60,70,65
Potato Red,11/24/2015,KG,25,30,27.5
Onion Dry (Indian),11/24/2015,KG,65,70,67.5
Cabbage(Local),11/24/2015,KG,20,25,22.5
Garlic Dry Chinese,11/24/2015,KG,170,180,175
Tomato Big(Nepali),11/25/2015,KG,70,80,75
Potato Red,11/25/2015,KG,25,30,27.5
Onion Dry (Indian),11/25/2015,KG,60,65,62.5
Cabbage(Local),11/25/2015,KG,20,25,22.5
Garlic Dry Chinese,11/25/2015,KG,170,180,175
Tomato Big(Nepali),11/26/2015,KG,80,90,85
Potato Red,11/26/2015,KG,25,30,27.5
Onion Dry (Indian),11/26/2015,KG,60,62,61
Cabbage(Local),11/26/2015,KG,20,25,22.5
Garlic Dry Chinese,11/26/2015,KG,170,180,175
Tomato Big(Nepali),11/27/2015,KG,90,100,95
Potato Red,11/27/2015,KG,25,30,27.5
Onion Dry (Indian),11/27/2015,KG,58,60,59
Cabbage(Local),11/27/2015,KG,20,22,21
Garlic Dry Chinese,11/27/2015,KG,170,180,175
Tomato Big(Nepali),11/28/2015,KG,80,86,83
Potato Red,11/28/2015,KG,25,30,27.5
Onion Dry (Indian),11/28/2015,KG,56,60,58
Cabbage(Local),11/28/2015,KG,25,30,27.5
Garlic Dry Chinese,11/28/2015,KG,165,180,172.5
Tomato Big(Nepali),11/29/2015,KG,60,70,65
Potato Red,11/29/2015,KG,25,30,27.5
Onion Dry (Indian),11/29/2015,KG,58,60,59
Cabbage(Local),11/29/2015,KG,20,22,21
Garlic Dry Chinese,11/29/2015,KG,170,180,175
Tomato Big(Nepali),11/30/2015,KG,70,80,75
Potato Red,11/30/2015,KG,25,30,27.5
Onion Dry (Indian),11/30/2015,KG,50,55,52.5
Cabbage(Local),11/30/2015,KG,20,22,21
Garlic Dry Chinese,11/30/2015,KG,170,180,175
Tomato Big(Nepali),12/1/2015,KG,70,80,75
Potato Red,12/1/2015,KG,25,30,27.5
Onion Dry (Indian),12/1/2015,KG,50,52,51
Cabbage(Local),12/1/2015,KG,20,22,21
Garlic Dry Chinese,12/1/2015,KG,170,180,175
Tomato Big(Nepali),12/2/2015,KG,60,70,65
Potato Red,12/2/2015,KG,25,30,27.5
Onion Dry (Indian),12/2/2015,KG,48,50,49
Cabbage(Local),12/2/2015,KG,20,22,21
Garlic Dry Chinese,12/2/2015,KG,170,180,175
Tomato Big(Nepali),12/3/2015,KG,60,70,65
Potato Red,12/3/2015,KG,25,30,27.5
Onion Dry (Indian),12/3/2015,KG,43,45,44
Cabbage(Local),12/3/2015,KG,15,20,17.5
Garlic Dry Chinese,12/3/2015,KG,170,180,175
Tomato Big(Nepali),12/4/2015,KG,50,60,55
Potato Red,12/4/2015,KG,25,30,27.5
Onion Dry (Indian),12/4/2015,KG,42,45,43.5
Cabbage(Local),12/4/2015,KG,18,20,19
Garlic Dry Chinese,12/4/2015,KG,190,200,195
Tomato Big(Nepali),12/5/2015,KG,45,55,50
Potato Red,12/5/2015,KG,25,30,27.5
Onion Dry (Indian),12/5/2015,KG,40,42,41
Cabbage(Local),12/5/2015,KG,18,22,20
Garlic Dry Chinese,12/5/2015,KG,185,200,192.5
Tomato Big(Nepali),12/6/2015,KG,50,55,52.5
Potato Red,12/6/2015,KG,25,30,27.5
Onion Dry (Indian),12/6/2015,KG,40,42,41
Cabbage(Local),12/6/2015,KG,15,20,17.5
Garlic Dry Chinese,12/6/2015,KG,200,210,205
Tomato Big(Nepali),12/7/2015,KG,50,60,55
Potato Red,12/7/2015,KG,25,30,27.5
Onion Dry (Indian),12/7/2015,KG,40,42,41
Cabbage(Local),12/7/2015,KG,15,20,17.5
Garlic Dry Chinese,12/7/2015,KG,200,210,205
Tomato Big(Nepali),12/8/2015,KG,50,60,55
Potato Red,12/8/2015,KG,25,30,27.5
Onion Dry (Indian),12/8/2015,KG,40,42,41
Cabbage(Local),12/8/2015,KG,15,20,17.5
Garlic Dry Chinese,12/8/2015,KG,200,210,205
Tomato Big(Nepali),12/9/2015,KG,50,60,55
Potato Red,12/9/2015,KG,25,30,27.5
Onion Dry (Indian),12/9/2015,KG,38,40,39
Cabbage(Local),12/9/2015,KG,15,20,17.5
Garlic Dry Chinese,12/9/2015,KG,230,240,235
Tomato Big(Nepali),12/10/2015,KG,45,50,47.5
Potato Red,12/10/2015,KG,25,30,27.5
Onion Dry (Indian),12/10/2015,KG,38,40,39
Cabbage(Local),12/10/2015,KG,15,20,17.5
Garlic Dry Chinese,12/10/2015,KG,230,240,235
Tomato Big(Nepali),12/11/2015,KG,45,50,47.5
Potato Red,12/11/2015,KG,25,30,27.5
Onion Dry (Indian),12/11/2015,KG,38,40,39
Cabbage(Local),12/11/2015,KG,15,20,17.5
Garlic Dry Chinese,12/11/2015,KG,230,240,235
Tomato Big(Nepali),12/12/2015,KG,50,60,55
Potato Red,12/12/2015,KG,25,29,27
Onion Dry (Indian),12/12/2015,KG,36,39,37.5
Cabbage(Local),12/12/2015,KG,18,22,20
Garlic Dry Chinese,12/12/2015,KG,230,240,235
Tomato Big(Nepali),12/13/2015,KG,50,60,55
Potato Red,12/13/2015,KG,25,30,27.5
Onion Dry (Indian),12/13/2015,KG,38,40,39
Cabbage(Local),12/13/2015,KG,15,20,17.5
Garlic Dry Chinese,12/13/2015,KG,230,240,235
Tomato Big(Nepali),12/14/2015,KG,50,60,55
Potato Red,12/14/2015,KG,25,30,27.5
Onion Dry (Indian),12/14/2015,KG,38,40,39
Cabbage(Local),12/14/2015,KG,20,25,22.5
Garlic Dry Chinese,12/14/2015,KG,230,240,235
Tomato Big(Nepali),12/15/2015,KG,50,60,55
Potato Red,12/15/2015,KG,25,30,27.5
Onion Dry (Indian),12/15/2015,KG,38,40,39
Cabbage(Local),12/15/2015,KG,20,25,22.5
Garlic Dry Chinese,12/15/2015,KG,230,240,235
Tomato Big(Nepali),12/16/2015,KG,45,50,47.5
Potato Red,12/16/2015,KG,25,30,27.5
Onion Dry (Indian),12/16/2015,KG,38,40,39
Cabbage(Local),12/16/2015,KG,20,25,22.5
Garlic Dry Chinese,12/16/2015,KG,230,240,235
Tomato Big(Nepali),12/17/2015,KG,40,50,45
Potato Red,12/17/2015,KG,27,30,28.5
Onion Dry (Indian),12/17/2015,KG,38,40,39
Cabbage(Local),12/17/2015,KG,20,25,22.5
Garlic Dry Chinese,12/17/2015,KG,230,240,235
Tomato Big(Nepali),12/18/2015,KG,40,50,45
Potato Red,12/18/2015,KG,27,30,28.5
Onion Dry (Indian),12/18/2015,KG,38,40,39
Cabbage(Local),12/18/2015,KG,20,25,22.5
Garlic Dry Chinese,12/18/2015,KG,230,240,235
Tomato Big(Nepali),12/19/2015,KG,40,50,45
Potato Red,12/19/2015,KG,27,30,28.5
Onion Dry (Indian),12/19/2015,KG,37,40,38.5
Cabbage(Local),12/19/2015,KG,18,24,21
Garlic Dry Chinese,12/19/2015,KG,230,240,235
Tomato Big(Nepali),12/20/2015,KG,45,50,47.5
Potato Red,12/20/2015,KG,27,30,28.5
Onion Dry (Indian),12/20/2015,KG,38,40,39
Cabbage(Local),12/20/2015,KG,20,25,22.5
Garlic Dry Chinese,12/20/2015,KG,230,240,235
Tomato Big(Nepali),12/21/2015,KG,40,50,45
Potato Red,12/21/2015,KG,27,30,28.5
Onion Dry (Indian),12/21/2015,KG,38,40,39
Cabbage(Local),12/21/2015,KG,18,20,19
Garlic Dry Chinese,12/21/2015,KG,230,240,235
Tomato Big(Nepali),12/22/2015,KG,40,50,45
Potato Red,12/22/2015,KG,27,30,28.5
Onion Dry (Indian),12/22/2015,KG,38,40,39
Cabbage(Local),12/22/2015,KG,18,20,19
Garlic Dry Chinese,12/22/2015,KG,230,240,235
Tomato Big(Nepali),12/23/2015,KG,40,50,45
Potato Red,12/23/2015,KG,27,30,28.5
Onion Dry (Indian),12/23/2015,KG,34,36,35
Cabbage(Local),12/23/2015,KG,20,25,22.5
Garlic Dry Chinese,12/23/2015,KG,230,240,235
Tomato Big(Nepali),12/24/2015,KG,40,50,45
Potato Red,12/24/2015,KG,27,50,38.5
Onion Dry (Indian),12/24/2015,KG,34,36,35
Cabbage(Local),12/24/2015,KG,20,25,22.5
Garlic Dry Chinese,12/24/2015,KG,230,240,235
Tomato Big(Nepali),12/25/2015,KG,40,50,45
Potato Red,12/25/2015,KG,25,29,27
Onion Dry (Indian),12/25/2015,KG,32,35,33.5
Cabbage(Local),12/25/2015,KG,20,25,22.5
Garlic Dry Chinese,12/25/2015,KG,230,240,235
Tomato Big(Nepali),12/26/2015,KG,50,60,55
Potato Red,12/26/2015,KG,26,30,28
Onion Dry (Indian),12/26/2015,KG,32,35,33.5
Cabbage(Local),12/26/2015,KG,20,25,22.5
Garlic Dry Chinese,12/26/2015,KG,230,245,237.5
Tomato Big(Nepali),12/27/2015,KG,50,60,55
Potato Red,12/27/2015,KG,25,30,27.5
Onion Dry (Indian),12/27/2015,KG,34,36,35
Cabbage(Local),12/27/2015,KG,20,25,22.5
Garlic Dry Chinese,12/27/2015,KG,230,240,235
Tomato Big(Nepali),12/28/2015,KG,50,60,55
Potato Red,12/28/2015,KG,27,30,28.5
Onion Dry (Indian),12/28/2015,KG,34,36,35
Cabbage(Local),12/28/2015,KG,20,25,22.5
Garlic Dry Chinese,12/28/2015,KG,160,170,165
Tomato Big(Nepali),12/29/2015,KG,50,60,55
Potato Red,12/29/2015,KG,25,30,27.5
Onion Dry (Indian),12/29/2015,KG,34,36,35
Cabbage(Local),12/29/2015,KG,20,25,22.5
Garlic Dry Chinese,12/29/2015,KG,260,270,265
Tomato Big(Nepali),12/30/2015,KG,50,55,52.5
Potato Red,12/30/2015,KG,25,30,27.5
Onion Dry (Indian),12/30/2015,KG,35,37,36
Cabbage(Local),12/30/2015,KG,20,22,21
Garlic Dry Chinese,12/30/2015,KG,260,265,262.5
Tomato Big(Nepali),12/31/2015,KG,50,60,55
Potato Red,12/31/2015,KG,25,32,28.5
Onion Dry (Indian),12/31/2015,KG,36,38,37
Cabbage(Local),12/31/2015,KG,25,30,27.5
Garlic Dry Chinese,12/31/2015,KG,260,270,265
Tomato Big(Nepali),1/1/2016,KG,50,60,55
Potato Red,1/1/2016,KG,25,32,28.5
Onion Dry (Indian),1/1/2016,KG,28,38,33
Cabbage(Local),1/1/2016,KG,25,30,27.5
Garlic Dry Chinese,1/1/2016,KG,250,265,257.5
Tomato Big(Nepali),1/2/2016,KG,50,60,55
Potato Red,1/2/2016,KG,27,32,29.5
Onion Dry (Indian),1/2/2016,KG,35,37,36
Cabbage(Local),1/2/2016,KG,20,26,23
Garlic Dry Chinese,1/2/2016,KG,255,275,265
Tomato Big(Nepali),1/3/2016,KG,40,50,45
Potato Red,1/3/2016,KG,27,31,29
Onion Dry (Indian),1/3/2016,KG,35,37,36
Cabbage(Local),1/3/2016,KG,20,25,22.5
Garlic Dry Chinese,1/3/2016,KG,260,270,265
Tomato Big(Nepali),1/4/2016,KG,40,50,45
Potato Red,1/4/2016,KG,27,30,28.5
Onion Dry (Indian),1/4/2016,KG,36,38,37
Cabbage(Local),1/4/2016,KG,20,25,22.5
Garlic Dry Chinese,1/4/2016,KG,260,270,265
Tomato Big(Nepali),1/5/2016,KG,40,50,45
Potato Red,1/5/2016,KG,27,30,28.5
Onion Dry (Indian),1/5/2016,KG,36,38,37
Cabbage(Local),1/5/2016,KG,20,25,22.5
Garlic Dry Chinese,1/5/2016,KG,250,260,255
Tomato Big(Nepali),1/6/2016,KG,40,50,45
Potato Red,1/6/2016,KG,27,30,28.5
Onion Dry (Indian),1/6/2016,KG,36,38,37
Cabbage(Local),1/6/2016,KG,20,25,22.5
Garlic Dry Chinese,1/6/2016,KG,250,260,255
Tomato Big(Nepali),1/7/2016,KG,40,50,45
Potato Red,1/7/2016,KG,27,31,29
Onion Dry (Indian),1/7/2016,KG,36,38,37
Cabbage(Local),1/7/2016,KG,20,25,22.5
Garlic Dry Chinese,1/7/2016,KG,250,260,255
Tomato Big(Nepali),1/8/2016,KG,40,45,42.5
Potato Red,1/8/2016,KG,27,31,29
Onion Dry (Indian),1/8/2016,KG,36,38,37
Cabbage(Local),1/8/2016,KG,20,25,22.5
Garlic Dry Chinese,1/8/2016,KG,250,260,255
Tomato Big(Nepali),1/9/2016,KG,38,45,41.5
Potato Red,1/9/2016,KG,25,32,28.5
Onion Dry (Indian),1/9/2016,KG,35,38,36.5
Cabbage(Local),1/9/2016,KG,20,25,22.5
Garlic Dry Chinese,1/9/2016,KG,250,260,255
Tomato Big(Nepali),1/10/2016,KG,40,45,42.5
Potato Red,1/10/2016,KG,25,33,29
Onion Dry (Indian),1/10/2016,KG,35,38,36.5
Cabbage(Local),1/10/2016,KG,20,25,22.5
Garlic Dry Chinese,1/10/2016,KG,250,260,255
Tomato Big(Nepali),1/11/2016,KG,40,45,42.5
Potato Red,1/11/2016,KG,25,30,27.5
Onion Dry (Indian),1/11/2016,KG,36,38,37
Cabbage(Local),1/11/2016,KG,20,25,22.5
Garlic Dry Chinese,1/11/2016,KG,250,260,255
Tomato Big(Nepali),1/12/2016,KG,40,45,42.5
Potato Red,1/12/2016,KG,25,30,27.5
Onion Dry (Indian),1/12/2016,KG,35,37,36
Cabbage(Local),1/12/2016,KG,18,20,19
Garlic Dry Chinese,1/12/2016,KG,250,260,255
Tomato Big(Nepali),1/13/2016,KG,40,50,45
Potato Red,1/13/2016,KG,25,30,27.5
Onion Dry (Indian),1/13/2016,KG,33,35,34
Cabbage(Local),1/13/2016,KG,20,25,22.5
Garlic Dry Chinese,1/13/2016,KG,250,260,255
Tomato Big(Nepali),1/14/2016,KG,40,45,42.5
Potato Red,1/14/2016,KG,25,30,27.5
Onion Dry (Indian),1/14/2016,KG,33,35,34
Cabbage(Local),1/14/2016,KG,20,25,22.5
Garlic Dry Chinese,1/14/2016,KG,250,260,255
Tomato Big(Nepali),1/15/2016,KG,40,45,42.5
Potato Red,1/15/2016,KG,25,30,27.5
Onion Dry (Indian),1/15/2016,KG,33,35,34
Cabbage(Local),1/15/2016,KG,20,25,22.5
Garlic Dry Chinese,1/15/2016,KG,250,260,255
Tomato Big(Nepali),1/16/2016,KG,40,50,45
Potato Red,1/16/2016,KG,25,30,27.5
Onion Dry (Indian),1/16/2016,KG,30,35,32.5
Cabbage(Local),1/16/2016,KG,18,26,22
Garlic Dry Chinese,1/16/2016,KG,250,260,255
Tomato Big(Nepali),1/17/2016,KG,40,45,42.5
Potato Red,1/17/2016,KG,25,30,27.5
Onion Dry (Indian),1/17/2016,KG,30,33,31.5
Cabbage(Local),1/17/2016,KG,20,25,22.5
Garlic Dry Chinese,1/17/2016,KG,250,260,255
Tomato Big(Nepali),1/18/2016,KG,40,45,42.5
Potato Red,1/18/2016,KG,25,30,27.5
Onion Dry (Indian),1/18/2016,KG,30,33,31.5
Cabbage(Local),1/18/2016,KG,20,25,22.5
Garlic Dry Chinese,1/18/2016,KG,250,260,255
Tomato Big(Nepali),1/19/2016,KG,40,50,45
Potato Red,1/19/2016,KG,25,30,27.5
Onion Dry (Indian),1/19/2016,KG,30,32,31
Cabbage(Local),1/19/2016,KG,20,25,22.5
Garlic Dry Chinese,1/19/2016,KG,250,260,255
Tomato Big(Nepali),1/20/2016,KG,40,50,45
Potato Red,1/20/2016,KG,25,30,27.5
Onion Dry (Indian),1/20/2016,KG,30,32,31
Cabbage(Local),1/20/2016,KG,20,25,22.5
Garlic Dry Chinese,1/20/2016,KG,250,260,255
Tomato Big(Nepali),1/21/2016,KG,40,50,45
Potato Red,1/21/2016,KG,25,30,27.5
Onion Dry (Indian),1/21/2016,KG,30,32,31
Cabbage(Local),1/21/2016,KG,20,25,22.5
Garlic Dry Chinese,1/21/2016,KG,250,260,255
Tomato Big(Nepali),1/22/2016,KG,40,50,45
Potato Red,1/22/2016,KG,25,30,27.5
Onion Dry (Indian),1/22/2016,KG,30,32,31
Cabbage(Local),1/22/2016,KG,20,25,22.5
Garlic Dry Chinese,1/22/2016,KG,250,260,255
Tomato Big(Nepali),1/23/2016,KG,40,50,45
Potato Red,1/23/2016,KG,25,30,27.5
Onion Dry (Indian),1/23/2016,KG,35,37,36
Cabbage(Local),1/23/2016,KG,18,24,21
Garlic Dry Chinese,1/23/2016,KG,250,260,255
Tomato Big(Nepali),1/24/2016,KG,40,50,45
Potato Red,1/24/2016,KG,25,32,28.5
Onion Dry (Indian),1/24/2016,KG,34,36,35
Cabbage(Local),1/24/2016,KG,15,20,17.5
Garlic Dry Chinese,1/24/2016,KG,250,260,255
Tomato Big(Nepali),1/25/2016,KG,40,50,45
Potato Red,1/25/2016,KG,25,32,28.5
Onion Dry (Indian),1/25/2016,KG,34,36,35
Cabbage(Local),1/25/2016,KG,15,20,17.5
Garlic Dry Chinese,1/25/2016,KG,250,260,255
Tomato Big(Nepali),1/26/2016,KG,40,50,45
Potato Red,1/26/2016,KG,25,32,28.5
Onion Dry (Indian),1/26/2016,KG,34,36,35
Cabbage(Local),1/26/2016,KG,18,20,19
Garlic Dry Chinese,1/26/2016,KG,250,260,255
Tomato Big(Nepali),1/27/2016,KG,40,45,42.5
Potato Red,1/27/2016,KG,25,32,28.5
Onion Dry (Indian),1/27/2016,KG,34,36,35
Cabbage(Local),1/27/2016,KG,18,20,19
Garlic Dry Chinese,1/27/2016,KG,250,260,255
Tomato Big(Nepali),1/28/2016,KG,40,45,42.5
Potato Red,1/28/2016,KG,25,32,28.5
Onion Dry (Indian),1/28/2016,KG,34,36,35
Cabbage(Local),1/28/2016,KG,15,20,17.5
Garlic Dry Chinese,1/28/2016,KG,250,260,255
Tomato Big(Nepali),1/29/2016,KG,40,50,45
Potato Red,1/29/2016,KG,25,32,28.5
Onion Dry (Indian),1/29/2016,KG,30,32,31
Cabbage(Local),1/29/2016,KG,18,20,19
Garlic Dry Chinese,1/29/2016,KG,250,260,255
Tomato Big(Nepali),1/30/2016,KG,45,50,47.5
Potato Red,1/30/2016,KG,25,32,28.5
Onion Dry (Indian),1/30/2016,KG,30,35,32.5
Cabbage(Local),1/30/2016,KG,20,24,22
Garlic Dry Chinese,1/30/2016,KG,250,260,255
Tomato Big(Nepali),1/31/2016,KG,35,40,37.5
Potato Red,1/31/2016,KG,20,27,23.5
Onion Dry (Indian),1/31/2016,KG,30,32,31
Cabbage(Local),1/31/2016,KG,18,20,19
Garlic Dry Chinese,1/31/2016,KG,250,260,255
Tomato Big(Nepali),2/1/2016,KG,35,40,37.5
Potato Red,2/1/2016,KG,20,25,22.5
Onion Dry (Indian),2/1/2016,KG,30,32,31
Cabbage(Local),2/1/2016,KG,15,20,17.5
Garlic Dry Chinese,2/1/2016,KG,250,260,255
Tomato Big(Nepali),2/2/2016,KG,35,40,37.5
Potato Red,2/2/2016,KG,20,25,22.5
Onion Dry (Indian),2/2/2016,KG,30,32,31
Cabbage(Local),2/2/2016,KG,15,20,17.5
Garlic Dry Chinese,2/2/2016,KG,250,260,255
Tomato Big(Nepali),2/3/2016,KG,35,40,37.5
Potato Red,2/3/2016,KG,20,25,22.5
Onion Dry (Indian),2/3/2016,KG,30,32,31
Cabbage(Local),2/3/2016,KG,15,20,17.5
Garlic Dry Chinese,2/3/2016,KG,250,260,255
Tomato Big(Nepali),2/4/2016,KG,40,50,45
Potato Red,2/4/2016,KG,20,25,22.5
Onion Dry (Indian),2/4/2016,KG,30,32,31
Cabbage(Local),2/4/2016,KG,15,20,17.5
Garlic Dry Chinese,2/4/2016,KG,250,260,255
Tomato Big(Nepali),2/5/2016,KG,40,50,45
Potato Red,2/5/2016,KG,20,25,22.5
Onion Dry (Indian),2/5/2016,KG,30,32,31
Cabbage(Local),2/5/2016,KG,15,20,17.5
Garlic Dry Chinese,2/5/2016,KG,250,260,255
Tomato Big(Nepali),2/6/2016,KG,40,48,44
Potato Red,2/6/2016,KG,25,30,27.5
Onion Dry (Indian),2/6/2016,KG,30,35,32.5
Cabbage(Local),2/6/2016,KG,15,20,17.5
Garlic Dry Chinese,2/6/2016,KG,250,260,255
Tomato Big(Nepali),2/7/2016,KG,40,45,42.5
Potato Red,2/7/2016,KG,20,22,21
Onion Dry (Indian),2/7/2016,KG,26,28,27
Cabbage(Local),2/7/2016,KG,15,20,17.5
Garlic Dry Chinese,2/7/2016,KG,250,260,255
Tomato Big(Nepali),2/8/2016,KG,40,45,42.5
Potato Red,2/8/2016,KG,20,25,22.5
Onion Dry (Indian),2/8/2016,KG,25,27,26
Cabbage(Local),2/8/2016,KG,15,20,17.5
Garlic Dry Chinese,2/8/2016,KG,250,260,255
Tomato Big(Nepali),2/9/2016,KG,40,45,42.5
Potato Red,2/9/2016,KG,20,22,21
Onion Dry (Indian),2/9/2016,KG,26,28,27
Cabbage(Local),2/9/2016,KG,15,18,16.5
Garlic Dry Chinese,2/9/2016,KG,250,260,255
Tomato Big(Nepali),2/10/2016,KG,40,45,42.5
Potato Red,2/10/2016,KG,20,25,22.5
Onion Dry (Indian),2/10/2016,KG,25,27,26
Cabbage(Local),2/10/2016,KG,15,20,17.5
Garlic Dry Chinese,2/10/2016,KG,250,260,255
Tomato Big(Nepali),2/11/2016,KG,35,40,37.5
Potato Red,2/11/2016,KG,20,25,22.5
Onion Dry (Indian),2/11/2016,KG,25,27,26
Cabbage(Local),2/11/2016,KG,15,22,18.5
Garlic Dry Chinese,2/11/2016,KG,250,260,255
Tomato Big(Nepali),2/12/2016,KG,35,40,37.5
Potato Red,2/12/2016,KG,20,25,22.5
Onion Dry (Indian),2/12/2016,KG,25,27,26
Cabbage(Local),2/12/2016,KG,18,22,20
Garlic Dry Chinese,2/12/2016,KG,250,260,255
Tomato Big(Nepali),2/13/2016,KG,35,40,37.5
Potato Red,2/13/2016,KG,20,25,22.5
Onion Dry (Indian),2/13/2016,KG,25,28,26.5
Cabbage(Local),2/13/2016,KG,18,20,19
Garlic Dry Chinese,2/13/2016,KG,250,260,255
Tomato Big(Nepali),2/14/2016,KG,35,40,37.5
Potato Red,2/14/2016,KG,20,25,22.5
Onion Dry (Indian),2/14/2016,KG,24,26,25
Cabbage(Local),2/14/2016,KG,20,25,22.5
Garlic Dry Chinese,2/14/2016,KG,250,260,255
Tomato Big(Nepali),2/15/2016,KG,30,40,35
Potato Red,2/15/2016,KG,20,25,22.5
Onion Dry (Indian),2/15/2016,KG,24,26,25
Cabbage(Local),2/15/2016,KG,18,22,20
Garlic Dry Chinese,2/15/2016,KG,240,250,245
Tomato Big(Nepali),2/16/2016,KG,35,40,37.5
Potato Red,2/16/2016,KG,20,25,22.5
Onion Dry (Indian),2/16/2016,KG,24,26,25
Cabbage(Local),2/16/2016,KG,18,20,19
Garlic Dry Chinese,2/16/2016,KG,240,250,245
Tomato Big(Nepali),2/17/2016,KG,35,40,37.5
Potato Red,2/17/2016,KG,20,25,22.5
Onion Dry (Indian),2/17/2016,KG,24,26,25
Cabbage(Local),2/17/2016,KG,15,20,17.5
Garlic Dry Chinese,2/17/2016,KG,240,250,245
Tomato Big(Nepali),2/18/2016,KG,35,40,37.5
Potato Red,2/18/2016,KG,20,25,22.5
Onion Dry (Indian),2/18/2016,KG,24,26,25
Cabbage(Local),2/18/2016,KG,15,20,17.5
Garlic Dry Chinese,2/18/2016,KG,240,250,245
Tomato Big(Nepali),2/19/2016,KG,35,40,37.5
Potato Red,2/19/2016,KG,20,25,22.5
Onion Dry (Indian),2/19/2016,KG,24,26,25
Cabbage(Local),2/19/2016,KG,15,20,17.5
Garlic Dry Chinese,2/19/2016,KG,240,250,245
Tomato Big(Nepali),2/20/2016,KG,38,40,39
Potato Red,2/20/2016,KG,20,25,22.5
Onion Dry (Indian),2/20/2016,KG,24,25,24.5
Cabbage(Local),2/20/2016,KG,16,20,18
Garlic Dry Chinese,2/20/2016,KG,240,250,245
Tomato Big(Nepali),2/21/2016,KG,35,40,37.5
Potato Red,2/21/2016,KG,20,25,22.5
Onion Dry (Indian),2/21/2016,KG,23,25,24
Cabbage(Local),2/21/2016,KG,15,20,17.5
Garlic Dry Chinese,2/21/2016,KG,240,250,245
Tomato Big(Nepali),2/22/2016,KG,35,40,37.5
Potato Red,2/22/2016,KG,20,25,22.5
Onion Dry (Indian),2/22/2016,KG,23,25,24
Cabbage(Local),2/22/2016,KG,15,20,17.5
Garlic Dry Chinese,2/22/2016,KG,240,250,245
Tomato Big(Nepali),2/23/2016,KG,35,40,37.5
Potato Red,2/23/2016,KG,20,25,22.5
Onion Dry (Indian),2/23/2016,KG,23,25,24
Cabbage(Local),2/23/2016,KG,15,20,17.5
Garlic Dry Chinese,2/23/2016,KG,240,250,245
Tomato Big(Nepali),2/24/2016,KG,35,40,37.5
Potato Red,2/24/2016,KG,20,25,22.5
Onion Dry (Indian),2/24/2016,KG,23,25,24
Cabbage(Local),2/24/2016,KG,15,20,17.5
Garlic Dry Chinese,2/24/2016,KG,240,250,245
Tomato Big(Nepali),2/25/2016,KG,35,40,37.5
Potato Red,2/25/2016,KG,20,25,22.5
Onion Dry (Indian),2/25/2016,KG,23,25,24
Cabbage(Local),2/25/2016,KG,15,20,17.5
Garlic Dry Chinese,2/25/2016,KG,230,240,235
Tomato Big(Nepali),2/26/2016,KG,35,40,37.5
Potato Red,2/26/2016,KG,20,25,22.5
Onion Dry (Indian),2/26/2016,KG,23,25,24
Cabbage(Local),2/26/2016,KG,15,20,17.5
Garlic Dry Chinese,2/26/2016,KG,230,240,235
Tomato Big(Nepali),2/27/2016,KG,35,40,37.5
Potato Red,2/27/2016,KG,20,25,22.5
Onion Dry (Indian),2/27/2016,KG,15,20,17.5
Cabbage(Local),2/27/2016,KG,15,18,16.5
Garlic Dry Chinese,2/27/2016,KG,230,240,235
Tomato Big(Nepali),2/28/2016,KG,35,40,37.5
Potato Red,2/28/2016,KG,20,25,22.5
Onion Dry (Indian),2/28/2016,KG,23,25,24
Cabbage(Local),2/28/2016,KG,15,20,17.5
Garlic Dry Chinese,2/28/2016,KG,230,240,235
Tomato Big(Nepali),2/29/2016,KG,35,40,37.5
Potato Red,2/29/2016,KG,20,25,22.5
Onion Dry (Indian),2/29/2016,KG,23,25,24
Cabbage(Local),2/29/2016,KG,15,20,17.5
Garlic Dry Chinese,2/29/2016,KG,230,240,235
Tomato Big(Nepali),3/1/2016,KG,40,50,45
Potato Red,3/1/2016,KG,20,25,22.5
Onion Dry (Indian),3/1/2016,KG,23,25,24
Cabbage(Local),3/1/2016,KG,15,20,17.5
Garlic Dry Chinese,3/1/2016,KG,230,240,235
Tomato Big(Nepali),3/2/2016,KG,40,50,45
Potato Red,3/2/2016,KG,20,25,22.5
Onion Dry (Indian),3/2/2016,KG,23,25,24
Cabbage(Local),3/2/2016,KG,15,20,17.5
Garlic Dry Chinese,3/2/2016,KG,230,240,235
Tomato Big(Nepali),3/4/2016,KG,35,40,37.5
Potato Red,3/4/2016,KG,20,25,22.5
Onion Dry (Indian),3/4/2016,KG,24,26,25
Cabbage(Local),3/4/2016,KG,15,20,17.5
Garlic Dry Chinese,3/4/2016,KG,240,250,245
Tomato Big(Nepali),3/5/2016,KG,38,40,39
Potato Red,3/5/2016,KG,20,24,22
Onion Dry (Indian),3/5/2016,KG,24,26,25
Cabbage(Local),3/5/2016,KG,18,20,19
Garlic Dry Chinese,3/5/2016,KG,240,250,245
Tomato Big(Nepali),3/6/2016,KG,35,40,37.5
Potato Red,3/6/2016,KG,20,25,22.5
Onion Dry (Indian),3/6/2016,KG,25,27,26
Cabbage(Local),3/6/2016,KG,15,20,17.5
Garlic Dry Chinese,3/6/2016,KG,240,250,245
Tomato Big(Nepali),3/7/2016,KG,30,35,32.5
Potato Red,3/7/2016,KG,20,25,22.5
Onion Dry (Indian),3/7/2016,KG,25,27,26
Cabbage(Local),3/7/2016,KG,15,20,17.5
Garlic Dry Chinese,3/7/2016,KG,250,260,255
Tomato Big(Nepali),3/8/2016,KG,28,30,29
Potato Red,3/8/2016,KG,22,24,23
Onion Dry (Indian),3/8/2016,KG,25,26,25.5
Cabbage(Local),3/8/2016,KG,16,18,17
Garlic Dry Chinese,3/8/2016,KG,250,260,255
Tomato Big(Nepali),3/9/2016,KG,35,40,37.5
Potato Red,3/9/2016,KG,20,25,22.5
Onion Dry (Indian),3/9/2016,KG,24,26,25
Cabbage(Local),3/9/2016,KG,15,20,17.5
Garlic Dry Chinese,3/9/2016,KG,240,250,245
Tomato Big(Nepali),3/10/2016,KG,30,35,32.5
Potato Red,3/10/2016,KG,20,25,22.5
Onion Dry (Indian),3/10/2016,KG,24,26,25
Cabbage(Local),3/10/2016,KG,15,20,17.5
Garlic Dry Chinese,3/10/2016,KG,240,250,245
Tomato Big(Nepali),3/11/2016,KG,35,40,37.5
Potato Red,3/11/2016,KG,20,25,22.5
Onion Dry (Indian),3/11/2016,KG,24,26,25
Cabbage(Local),3/11/2016,KG,15,20,17.5
Garlic Dry Chinese,3/11/2016,KG,240,250,245
Tomato Big(Nepali),3/12/2016,KG,38,45,41.5
Potato Red,3/12/2016,KG,20,25,22.5
Onion Dry (Indian),3/12/2016,KG,28,35,31.5
Cabbage(Local),3/12/2016,KG,16,20,18
Garlic Dry Chinese,3/12/2016,KG,240,250,245
Tomato Big(Nepali),3/13/2016,KG,38,45,41.5
Potato Red,3/13/2016,KG,20,25,22.5
Onion Dry (Indian),3/13/2016,KG,25,30,27.5
Cabbage(Local),3/13/2016,KG,16,20,18
Garlic Dry Chinese,3/13/2016,KG,240,250,245
Tomato Big(Nepali),3/15/2016,KG,30,40,35
Potato Red,3/15/2016,KG,20,25,22.5
Onion Dry (Indian),3/15/2016,KG,24,26,25
Cabbage(Local),3/15/2016,KG,15,20,17.5
Garlic Dry Chinese,3/15/2016,KG,240,250,245
Tomato Big(Nepali),3/16/2016,KG,35,40,37.5
Potato Red,3/16/2016,KG,20,25,22.5
Onion Dry (Indian),3/16/2016,KG,24,26,25
Cabbage(Local),3/16/2016,KG,15,20,17.5
Garlic Dry Chinese,3/16/2016,KG,240,250,245
Tomato Big(Nepali),3/17/2016,KG,35,40,37.5
Potato Red,3/17/2016,KG,20,25,22.5
Onion Dry (Indian),3/17/2016,KG,23,25,24
Cabbage(Local),3/17/2016,KG,15,20,17.5
Garlic Dry Chinese,3/17/2016,KG,240,250,245
Tomato Big(Nepali),3/18/2016,KG,35,40,37.5
Potato Red,3/18/2016,KG,20,25,22.5
Onion Dry (Indian),3/18/2016,KG,23,25,24
Cabbage(Local),3/18/2016,KG,15,20,17.5
Garlic Dry Chinese,3/18/2016,KG,240,250,245
Tomato Big(Nepali),3/19/2016,KG,35,40,37.5
Potato Red,3/19/2016,KG,20,25,22.5
Onion Dry (Indian),3/19/2016,KG,20,25,22.5
Cabbage(Local),3/19/2016,KG,15,20,17.5
Garlic Dry Chinese,3/19/2016,KG,240,250,245
Tomato Big(Nepali),3/20/2016,KG,35,40,37.5
Potato Red,3/20/2016,KG,20,25,22.5
Onion Dry (Indian),3/20/2016,KG,24,26,25
Cabbage(Local),3/20/2016,KG,15,20,17.5
Garlic Dry Chinese,3/20/2016,KG,240,250,245
Tomato Big(Nepali),3/21/2016,KG,30,40,35
Potato Red,3/21/2016,KG,20,25,22.5
Onion Dry (Indian),3/21/2016,KG,24,26,25
Cabbage(Local),3/21/2016,KG,15,20,17.5
Garlic Dry Chinese,3/21/2016,KG,240,250,245
Tomato Big(Nepali),3/22/2016,KG,32,40,36
Potato Red,3/22/2016,KG,20,25,22.5
Onion Dry (Indian),3/22/2016,KG,24,26,25
Cabbage(Local),3/22/2016,KG,14,20,17
Garlic Dry Chinese,3/22/2016,KG,240,250,245
Tomato Big(Nepali),3/23/2016,KG,30,40,35
Potato Red,3/23/2016,KG,20,25,22.5
Onion Dry (Indian),3/23/2016,KG,24,26,25
Cabbage(Local),3/23/2016,KG,15,20,17.5
Garlic Dry Chinese,3/23/2016,KG,240,250,245
Tomato Big(Nepali),3/24/2016,KG,30,40,35
Potato Red,3/24/2016,KG,20,25,22.5
Onion Dry (Indian),3/24/2016,KG,24,26,25
Cabbage(Local),3/24/2016,KG,15,20,17.5
Garlic Dry Chinese,3/24/2016,KG,240,250,245
Tomato Big(Nepali),3/25/2016,KG,30,40,35
Potato Red,3/25/2016,KG,20,25,22.5
Onion Dry (Indian),3/25/2016,KG,24,26,25
Cabbage(Local),3/25/2016,KG,15,20,17.5
Garlic Dry Chinese,3/25/2016,KG,240,250,245
Tomato Big(Nepali),3/26/2016,KG,30,40,35
Potato Red,3/26/2016,KG,20,24,22
Onion Dry (Indian),3/26/2016,KG,24,25,24.5
Cabbage(Local),3/26/2016,KG,18,20,19
Garlic Dry Chinese,3/26/2016,KG,240,250,245
Tomato Big(Nepali),3/27/2016,KG,30,40,35
Potato Red,3/27/2016,KG,20,25,22.5
Onion Dry (Indian),3/27/2016,KG,24,26,25
Cabbage(Local),3/27/2016,KG,15,20,17.5
Garlic Dry Chinese,3/27/2016,KG,240,250,245
Tomato Big(Nepali),3/28/2016,KG,30,40,35
Potato Red,3/28/2016,KG,20,25,22.5
Onion Dry (Indian),3/28/2016,KG,24,26,25
Cabbage(Local),3/28/2016,KG,15,20,17.5
Garlic Dry Chinese,3/28/2016,KG,240,250,245
Tomato Big(Nepali),3/29/2016,KG,30,40,35
Potato Red,3/29/2016,KG,20,25,22.5
Onion Dry (Indian),3/29/2016,KG,24,26,25
Cabbage(Local),3/29/2016,KG,15,20,17.5
Garlic Dry Chinese,3/29/2016,KG,240,250,245
Tomato Big(Nepali),3/30/2016,KG,30,35,32.5
Potato Red,3/30/2016,KG,20,25,22.5
Onion Dry (Indian),3/30/2016,KG,24,26,25
Cabbage(Local),3/30/2016,KG,15,20,17.5
Garlic Dry Chinese,3/30/2016,KG,240,250,245
Tomato Big(Nepali),3/31/2016,KG,30,35,32.5
Potato Red,3/31/2016,KG,20,25,22.5
Onion Dry (Indian),3/31/2016,KG,24,26,25
Cabbage(Local),3/31/2016,KG,15,20,17.5
Garlic Dry Chinese,3/31/2016,KG,240,250,245
Tomato Big(Nepali),4/1/2016,KG,25,30,27.5
Potato Red,4/1/2016,KG,20,25,22.5
Onion Dry (Indian),4/1/2016,KG,24,26,25
Cabbage(Local),4/1/2016,KG,15,20,17.5
Garlic Dry Chinese,4/1/2016,KG,280,290,285
Tomato Big(Nepali),4/2/2016,KG,28,30,29
Potato Red,4/2/2016,KG,20,25,22.5
Onion Dry (Indian),4/2/2016,KG,24,26,25
Cabbage(Local),4/2/2016,KG,12,18,15
Garlic Dry Chinese,4/2/2016,KG,280,300,290
Tomato Big(Nepali),4/3/2016,KG,25,30,27.5
Potato Red,4/3/2016,KG,20,25,22.5
Onion Dry (Indian),4/3/2016,KG,24,26,25
Cabbage(Local),4/3/2016,KG,15,20,17.5
Garlic Dry Chinese,4/3/2016,KG,280,290,285
Tomato Big(Nepali),4/4/2016,KG,30,40,35
Potato Red,4/4/2016,KG,20,25,22.5
Onion Dry (Indian),4/4/2016,KG,24,26,25
Cabbage(Local),4/4/2016,KG,15,20,17.5
Garlic Dry Chinese,4/4/2016,KG,280,290,285
Tomato Big(Nepali),4/5/2016,KG,30,40,35
Potato Red,4/5/2016,KG,20,25,22.5
Onion Dry (Indian),4/5/2016,KG,24,26,25
Cabbage(Local),4/5/2016,KG,15,20,17.5
Garlic Dry Chinese,4/5/2016,KG,280,290,285
Tomato Big(Nepali),4/6/2016,KG,30,35,32.5
Potato Red,4/6/2016,KG,20,25,22.5
Onion Dry (Indian),4/6/2016,KG,24,26,25
Cabbage(Local),4/6/2016,KG,15,20,17.5
Garlic Dry Chinese,4/6/2016,KG,280,290,285
Tomato Big(Nepali),4/7/2016,KG,28,30,29
Potato Red,4/7/2016,KG,20,22,21
Onion Dry (Indian),4/7/2016,KG,24,25,24.5
Cabbage(Local),4/7/2016,KG,15,20,17.5
Garlic Dry Chinese,4/7/2016,KG,290,300,295
Tomato Big(Nepali),4/8/2016,KG,28,30,29
Potato Red,4/8/2016,KG,20,22,21
Onion Dry (Indian),4/8/2016,KG,24,25,24.5
Cabbage(Local),4/8/2016,KG,18,22,20
Garlic Dry Chinese,4/8/2016,KG,280,295,287.5
Tomato Big(Nepali),4/9/2016,KG,28,30,29
Potato Red,4/9/2016,KG,20,22,21
Onion Dry (Indian),4/9/2016,KG,24,25,24.5
Cabbage(Local),4/9/2016,KG,18,22,20
Garlic Dry Chinese,4/9/2016,KG,280,290,285
Tomato Big(Nepali),4/10/2016,KG,25,30,27.5
Potato Red,4/10/2016,KG,20,26,23
Onion Dry (Indian),4/10/2016,KG,24,26,25
Cabbage(Local),4/10/2016,KG,15,20,17.5
Garlic Dry Chinese,4/10/2016,KG,280,290,285
Tomato Big(Nepali),4/11/2016,KG,30,40,35
Potato Red,4/11/2016,KG,20,27,23.5
Onion Dry (Indian),4/11/2016,KG,24,26,25
Cabbage(Local),4/11/2016,KG,15,20,17.5
Garlic Dry Chinese,4/11/2016,KG,280,290,285
Tomato Big(Nepali),4/12/2016,KG,30,40,35
Potato Red,4/12/2016,KG,20,27,23.5
Onion Dry (Indian),4/12/2016,KG,24,26,25
Cabbage(Local),4/12/2016,KG,20,22,21
Garlic Dry Chinese,4/12/2016,KG,280,290,285
Tomato Big(Nepali),4/13/2016,KG,30,32,31
Potato Red,4/13/2016,KG,20,25,22.5
Onion Dry (Indian),4/13/2016,KG,24,26,25
Cabbage(Local),4/13/2016,KG,20,22,21
Garlic Dry Chinese,4/13/2016,KG,280,290,285
Tomato Big(Nepali),4/14/2016,KG,30,40,35
Potato Red,4/14/2016,KG,25,30,27.5
Onion Dry (Indian),4/14/2016,KG,24,26,25
Cabbage(Local),4/14/2016,KG,25,30,27.5
Garlic Dry Chinese,4/14/2016,KG,280,290,285
Tomato Big(Nepali),4/15/2016,KG,30,35,32.5
Potato Red,4/15/2016,KG,25,28,26.5
Onion Dry (Indian),4/15/2016,KG,24,26,25
Cabbage(Local),4/15/2016,KG,25,30,27.5
Garlic Dry Chinese,4/15/2016,KG,280,290,285
Tomato Big(Nepali),4/16/2016,KG,30,35,32.5
Potato Red,4/16/2016,KG,25,28,26.5
Onion Dry (Indian),4/16/2016,KG,24,26,25
Cabbage(Local),4/16/2016,KG,25,30,27.5
Garlic Dry Chinese,4/16/2016,KG,280,300,290
Tomato Big(Nepali),4/17/2016,KG,30,35,32.5
Potato Red,4/17/2016,KG,25,30,27.5
Onion Dry (Indian),4/17/2016,KG,24,26,25
Cabbage(Local),4/17/2016,KG,20,30,25
Garlic Dry Chinese,4/17/2016,KG,280,290,285
Tomato Big(Nepali),4/18/2016,KG,30,35,32.5
Potato Red,4/18/2016,KG,25,30,27.5
Onion Dry (Indian),4/18/2016,KG,24,26,25
Cabbage(Local),4/18/2016,KG,20,30,25
Garlic Dry Chinese,4/18/2016,KG,280,290,285
Tomato Big(Nepali),4/19/2016,KG,25,30,27.5
Potato Red,4/19/2016,KG,25,30,27.5
Onion Dry (Indian),4/19/2016,KG,24,26,25
Cabbage(Local),4/19/2016,KG,15,20,17.5
Garlic Dry Chinese,4/19/2016,KG,280,290,285
Tomato Big(Nepali),4/20/2016,KG,25,30,27.5
Potato Red,4/20/2016,KG,25,30,27.5
Onion Dry (Indian),4/20/2016,KG,24,26,25
Cabbage(Local),4/20/2016,KG,15,20,17.5
Garlic Dry Chinese,4/20/2016,KG,280,290,285
Tomato Big(Nepali),4/21/2016,KG,25,30,27.5
Potato Red,4/21/2016,KG,25,30,27.5
Onion Dry (Indian),4/21/2016,KG,24,30,27
Cabbage(Local),4/21/2016,KG,20,25,22.5
Garlic Dry Chinese,4/21/2016,KG,280,290,285
Tomato Big(Nepali),4/22/2016,KG,25,30,27.5
Potato Red,4/22/2016,KG,25,30,27.5
Onion Dry (Indian),4/22/2016,KG,24,26,25
Cabbage(Local),4/22/2016,KG,18,20,19
Garlic Dry Chinese,4/22/2016,KG,280,290,285
Tomato Big(Nepali),4/23/2016,KG,28,30,29
Potato Red,4/23/2016,KG,22,26,24
Onion Dry (Indian),4/23/2016,KG,24,26,25
Cabbage(Local),4/23/2016,KG,20,25,22.5
Garlic Dry Chinese,4/23/2016,KG,280,290,285
Tomato Big(Nepali),4/24/2016,KG,30,40,35
Potato Red,4/24/2016,KG,25,28,26.5
Onion Dry (Indian),4/24/2016,KG,24,26,25
Cabbage(Local),4/24/2016,KG,20,30,25
Garlic Dry Chinese,4/24/2016,KG,280,290,285
Tomato Big(Nepali),4/25/2016,KG,30,40,35
Potato Red,4/25/2016,KG,25,30,27.5
Onion Dry (Indian),4/25/2016,KG,24,26,25
Cabbage(Local),4/25/2016,KG,25,30,27.5
Garlic Dry Chinese,4/25/2016,KG,280,290,285
Tomato Big(Nepali),4/26/2016,KG,30,40,35
Potato Red,4/26/2016,KG,25,30,27.5
Onion Dry (Indian),4/26/2016,KG,24,26,25
Cabbage(Local),4/26/2016,KG,25,30,27.5
Garlic Dry Chinese,4/26/2016,KG,280,290,285
Tomato Big(Nepali),4/27/2016,KG,35,45,40
Potato Red,4/27/2016,KG,25,30,27.5
Onion Dry (Indian),4/27/2016,KG,24,26,25
Cabbage(Local),4/27/2016,KG,28,35,31.5
Garlic Dry Chinese,4/27/2016,KG,280,290,285
Tomato Big(Nepali),4/28/2016,KG,40,45,42.5
Potato Red,4/28/2016,KG,25,30,27.5
Onion Dry (Indian),4/28/2016,KG,24,26,25
Cabbage(Local),4/28/2016,KG,28,35,31.5
Garlic Dry Chinese,4/28/2016,KG,280,290,285
Tomato Big(Nepali),4/29/2016,KG,45,50,47.5
Potato Red,4/29/2016,KG,25,30,27.5
Onion Dry (Indian),4/29/2016,KG,24,26,25
Cabbage(Local),4/29/2016,KG,35,40,37.5
Garlic Dry Chinese,4/29/2016,KG,280,290,285
Tomato Big(Nepali),4/30/2016,KG,45,50,47.5
Potato Red,4/30/2016,KG,25,30,27.5
Onion Dry (Indian),4/30/2016,KG,24,26,25
Cabbage(Local),4/30/2016,KG,35,40,37.5
Garlic Dry Chinese,4/30/2016,KG,280,290,285
Tomato Big(Nepali),5/1/2016,KG,40,45,42.5
Potato Red,5/1/2016,KG,25,30,27.5
Onion Dry (Indian),5/1/2016,KG,23,25,24
Cabbage(Local),5/1/2016,KG,32,38,35
Garlic Dry Chinese,5/1/2016,KG,280,290,285
Tomato Big(Nepali),5/2/2016,KG,40,50,45
Potato Red,5/2/2016,KG,30,33,31.5
Onion Dry (Indian),5/2/2016,KG,24,26,25
Cabbage(Local),5/2/2016,KG,30,35,32.5
Garlic Dry Chinese,5/2/2016,KG,280,290,285
Tomato Big(Nepali),5/3/2016,KG,40,45,42.5
Potato Red,5/3/2016,KG,30,33,31.5
Onion Dry (Indian),5/3/2016,KG,24,26,25
Cabbage(Local),5/3/2016,KG,30,35,32.5
Garlic Dry Chinese,5/3/2016,KG,280,290,285
Tomato Big(Nepali),5/4/2016,KG,45,50,47.5
Potato Red,5/4/2016,KG,28,33,30.5
Onion Dry (Indian),5/4/2016,KG,24,26,25
Cabbage(Local),5/4/2016,KG,30,35,32.5
Garlic Dry Chinese,5/4/2016,KG,280,290,285
Tomato Big(Nepali),5/5/2016,KG,50,60,55
Potato Red,5/5/2016,KG,28,33,30.5
Onion Dry (Indian),5/5/2016,KG,24,26,25
Cabbage(Local),5/5/2016,KG,30,35,32.5
Garlic Dry Chinese,5/5/2016,KG,280,290,285
Tomato Big(Nepali),5/6/2016,KG,50,60,55
Potato Red,5/6/2016,KG,28,32,30
Onion Dry (Indian),5/6/2016,KG,24,26,25
Cabbage(Local),5/6/2016,KG,30,36,33
Garlic Dry Chinese,5/6/2016,KG,280,290,285
Tomato Big(Nepali),5/7/2016,KG,50,60,55
Potato Red,5/7/2016,KG,28,32,30
Onion Dry (Indian),5/7/2016,KG,24,26,25
Cabbage(Local),5/7/2016,KG,30,36,33
Garlic Dry Chinese,5/7/2016,KG,280,290,285
Tomato Big(Nepali),5/8/2016,KG,45,50,47.5
Potato Red,5/8/2016,KG,28,33,30.5
Onion Dry (Indian),5/8/2016,KG,24,26,25
Cabbage(Local),5/8/2016,KG,25,30,27.5
Garlic Dry Chinese,5/8/2016,KG,280,290,285
Tomato Big(Nepali),5/9/2016,KG,40,50,45
Potato Red,5/9/2016,KG,30,35,32.5
Onion Dry (Indian),5/9/2016,KG,24,26,25
Cabbage(Local),5/9/2016,KG,30,35,32.5
Garlic Dry Chinese,5/9/2016,KG,280,290,285
Tomato Big(Nepali),5/10/2016,KG,45,50,47.5
Potato Red,5/10/2016,KG,30,35,32.5
Onion Dry (Indian),5/10/2016,KG,24,26,25
Cabbage(Local),5/10/2016,KG,30,35,32.5
Garlic Dry Chinese,5/10/2016,KG,280,290,285
Tomato Big(Nepali),5/11/2016,KG,45,50,47.5
Potato Red,5/11/2016,KG,30,35,32.5
Onion Dry (Indian),5/11/2016,KG,24,26,25
Cabbage(Local),5/11/2016,KG,25,30,27.5
Garlic Dry Chinese,5/11/2016,KG,280,290,285
Tomato Big(Nepali),5/12/2016,KG,45,50,47.5
Potato Red,5/12/2016,KG,30,35,32.5
Onion Dry (Indian),5/12/2016,KG,24,26,25
Cabbage(Local),5/12/2016,KG,25,30,27.5
Garlic Dry Chinese,5/12/2016,KG,280,290,285
Tomato Big(Nepali),5/13/2016,KG,45,50,47.5
Potato Red,5/13/2016,KG,35,40,37.5
Onion Dry (Indian),5/13/2016,KG,20,23,21.5
Cabbage(Local),5/13/2016,KG,30,40,35
Garlic Dry Chinese,5/13/2016,KG,280,290,285
Tomato Big(Nepali),5/14/2016,KG,50,58,54
Potato Red,5/14/2016,KG,35,40,37.5
Onion Dry (Indian),5/14/2016,KG,24,26,25
Cabbage(Local),5/14/2016,KG,30,40,35
Garlic Dry Chinese,5/14/2016,KG,280,290,285
Tomato Big(Nepali),5/15/2016,KG,45,50,47.5
Potato Red,5/15/2016,KG,35,40,37.5
Onion Dry (Indian),5/15/2016,KG,20,23,21.5
Cabbage(Local),5/15/2016,KG,30,40,35
Garlic Dry Chinese,5/15/2016,KG,280,290,285
Tomato Big(Nepali),5/16/2016,KG,50,60,55
Potato Red,5/16/2016,KG,35,40,37.5
Onion Dry (Indian),5/16/2016,KG,20,24,22
Cabbage(Local),5/16/2016,KG,30,40,35
Garlic Dry Chinese,5/16/2016,KG,280,290,285
Tomato Big(Nepali),5/17/2016,KG,50,60,55
Potato Red,5/17/2016,KG,30,40,35
Onion Dry (Indian),5/17/2016,KG,20,23,21.5
Cabbage(Local),5/17/2016,KG,25,30,27.5
Garlic Dry Chinese,5/17/2016,KG,280,290,285
Tomato Big(Nepali),5/18/2016,KG,50,60,55
Potato Red,5/18/2016,KG,30,40,35
Onion Dry (Indian),5/18/2016,KG,20,23,21.5
Cabbage(Local),5/18/2016,KG,25,30,27.5
Garlic Dry Chinese,5/18/2016,KG,270,280,275
Tomato Big(Nepali),5/19/2016,KG,50,60,55
Potato Red,5/19/2016,KG,30,40,35
Onion Dry (Indian),5/19/2016,KG,20,23,21.5
Cabbage(Local),5/19/2016,KG,25,30,27.5
Garlic Dry Chinese,5/19/2016,KG,270,280,275
Tomato Big(Nepali),5/20/2016,KG,60,70,65
Potato Red,5/20/2016,KG,30,40,35
Onion Dry (Indian),5/20/2016,KG,20,23,21.5
Cabbage(Local),5/20/2016,KG,25,30,27.5
Garlic Dry Chinese,5/20/2016,KG,270,280,275
Tomato Big(Nepali),5/21/2016,KG,60,70,65
Potato Red,5/21/2016,KG,30,38,34
Onion Dry (Indian),5/21/2016,KG,20,23,21.5
Cabbage(Local),5/21/2016,KG,35,40,37.5
Garlic Dry Chinese,5/21/2016,KG,270,280,275
Tomato Big(Nepali),5/22/2016,KG,60,70,65
Potato Red,5/22/2016,KG,30,40,35
Onion Dry (Indian),5/22/2016,KG,20,23,21.5
Cabbage(Local),5/22/2016,KG,25,30,27.5
Garlic Dry Chinese,5/22/2016,KG,270,280,275
Tomato Big(Nepali),5/23/2016,KG,60,70,65
Potato Red,5/23/2016,KG,30,40,35
Onion Dry (Indian),5/23/2016,KG,20,23,21.5
Cabbage(Local),5/23/2016,KG,25,30,27.5
Garlic Dry Chinese,5/23/2016,KG,270,280,275
Tomato Big(Nepali),5/24/2016,KG,60,75,67.5
Potato Red,5/24/2016,KG,35,40,37.5
Onion Dry (Indian),5/24/2016,KG,20,23,21.5
Cabbage(Local),5/24/2016,KG,25,30,27.5
Garlic Dry Chinese,5/24/2016,KG,270,280,275
Tomato Big(Nepali),5/25/2016,KG,40,50,45
Potato Red,5/25/2016,KG,30,40,35
Onion Dry (Indian),5/25/2016,KG,20,23,21.5
Cabbage(Local),5/25/2016,KG,20,25,22.5
Garlic Dry Chinese,5/25/2016,KG,270,280,275
Tomato Big(Nepali),5/26/2016,KG,40,50,45
Potato Red,5/26/2016,KG,30,40,35
Onion Dry (Indian),5/26/2016,KG,20,24,22
Cabbage(Local),5/26/2016,KG,20,25,22.5
Garlic Dry Chinese,5/26/2016,KG,270,280,275
Tomato Big(Nepali),5/27/2016,KG,35,40,37.5
Potato Red,5/27/2016,KG,30,40,35
Onion Dry (Indian),5/27/2016,KG,22,24,23
Cabbage(Local),5/27/2016,KG,20,25,22.5
Garlic Dry Chinese,5/27/2016,KG,270,280,275
Tomato Big(Nepali),5/28/2016,KG,35,40,37.5
Potato Red,5/28/2016,KG,30,40,35
Onion Dry (Indian),5/28/2016,KG,22,24,23
Cabbage(Local),5/28/2016,KG,25,35,30
Garlic Dry Chinese,5/28/2016,KG,270,280,275
Tomato Big(Nepali),5/29/2016,KG,50,60,55
Potato Red,5/29/2016,KG,30,40,35
Onion Dry (Indian),5/29/2016,KG,20,24,22
Cabbage(Local),5/29/2016,KG,20,25,22.5
Garlic Dry Chinese,5/29/2016,KG,270,280,275
Tomato Big(Nepali),5/30/2016,KG,60,70,65
Potato Red,5/30/2016,KG,30,40,35
Onion Dry (Indian),5/30/2016,KG,20,24,22
Cabbage(Local),5/30/2016,KG,20,25,22.5
Garlic Dry Chinese,5/30/2016,KG,270,280,275
Tomato Big(Nepali),5/31/2016,KG,50,60,55
Potato Red,5/31/2016,KG,30,40,35
Onion Dry (Indian),5/31/2016,KG,20,24,22
Cabbage(Local),5/31/2016,KG,20,25,22.5
Garlic Dry Chinese,5/31/2016,KG,270,280,275
Tomato Big(Nepali),6/1/2016,KG,50,60,55
Potato Red,6/1/2016,KG,30,40,35
Onion Dry (Indian),6/1/2016,KG,20,24,22
Cabbage(Local),6/1/2016,KG,20,26,23
Garlic Dry Chinese,6/1/2016,KG,270,280,275
Tomato Big(Nepali),6/2/2016,KG,50,60,55
Potato Red,6/2/2016,KG,30,40,35
Onion Dry (Indian),6/2/2016,KG,20,24,22
Cabbage(Local),6/2/2016,KG,25,30,27.5
Garlic Dry Chinese,6/2/2016,KG,270,280,275
Tomato Big(Nepali),6/3/2016,KG,50,60,55
Potato Red,6/3/2016,KG,30,40,35
Onion Dry (Indian),6/3/2016,KG,20,24,22
Cabbage(Local),6/3/2016,KG,25,30,27.5
Garlic Dry Chinese,6/3/2016,KG,310,320,315
Tomato Big(Nepali),6/4/2016,KG,50,60,55
Potato Red,6/4/2016,KG,30,40,35
Onion Dry (Indian),6/4/2016,KG,20,24,22
Cabbage(Local),6/4/2016,KG,25,30,27.5
Garlic Dry Chinese,6/4/2016,KG,310,320,315
Tomato Big(Nepali),6/5/2016,KG,60,70,65
Potato Red,6/5/2016,KG,30,40,35
Onion Dry (Indian),6/5/2016,KG,20,24,22
Cabbage(Local),6/5/2016,KG,25,30,27.5
Garlic Dry Chinese,6/5/2016,KG,310,320,315
Tomato Big(Nepali),6/6/2016,KG,50,60,55
Potato Red,6/6/2016,KG,30,40,35
Onion Dry (Indian),6/6/2016,KG,20,24,22
Cabbage(Local),6/6/2016,KG,25,30,27.5
Garlic Dry Chinese,6/6/2016,KG,310,320,315
Tomato Big(Nepali),6/7/2016,KG,50,60,55
Potato Red,6/7/2016,KG,30,40,35
Onion Dry (Indian),6/7/2016,KG,20,24,22
Cabbage(Local),6/7/2016,KG,30,35,32.5
Garlic Dry Chinese,6/7/2016,KG,310,320,315
Tomato Big(Nepali),6/8/2016,KG,50,60,55
Potato Red,6/8/2016,KG,30,40,35
Onion Dry (Indian),6/8/2016,KG,20,23,21.5
Cabbage(Local),6/8/2016,KG,30,35,32.5
Garlic Dry Chinese,6/8/2016,KG,310,320,315
Tomato Big(Nepali),6/9/2016,KG,50,60,55
Potato Red,6/9/2016,KG,30,45,37.5
Onion Dry (Indian),6/9/2016,KG,20,23,21.5
Cabbage(Local),6/9/2016,KG,30,35,32.5
Garlic Dry Chinese,6/9/2016,KG,310,320,315
Tomato Big(Nepali),6/10/2016,KG,50,60,55
Potato Red,6/10/2016,KG,30,40,35
Onion Dry (Indian),6/10/2016,KG,20,23,21.5
Cabbage(Local),6/10/2016,KG,30,35,32.5
Garlic Dry Chinese,6/10/2016,KG,310,320,315
Tomato Big(Nepali),6/11/2016,KG,50,60,55
Potato Red,6/11/2016,KG,30,40,35
Onion Dry (Indian),6/11/2016,KG,20,23,21.5
Cabbage(Local),6/11/2016,KG,30,40,35
Garlic Dry Chinese,6/11/2016,KG,310,320,315
Tomato Big(Nepali),6/12/2016,KG,50,60,55
Potato Red,6/12/2016,KG,30,40,35
Onion Dry (Indian),6/12/2016,KG,20,23,21.5
Cabbage(Local),6/12/2016,KG,30,35,32.5
Garlic Dry Chinese,6/12/2016,KG,310,320,315
Tomato Big(Nepali),6/13/2016,KG,50,60,55
Potato Red,6/13/2016,KG,30,40,35
Onion Dry (Indian),6/13/2016,KG,20,24,22
Cabbage(Local),6/13/2016,KG,30,35,32.5
Garlic Dry Chinese,6/13/2016,KG,310,320,315
Tomato Big(Nepali),6/14/2016,KG,50,60,55
Potato Red,6/14/2016,KG,35,38,36.5
Onion Dry (Indian),6/14/2016,KG,20,24,22
Cabbage(Local),6/14/2016,KG,30,36,33
Garlic Dry Chinese,6/14/2016,KG,300,315,307.5
Tomato Big(Nepali),6/15/2016,KG,50,60,55
Potato Red,6/15/2016,KG,35,38,36.5
Onion Dry (Indian),6/15/2016,KG,20,24,22
Cabbage(Local),6/15/2016,KG,30,36,33
Garlic Dry Chinese,6/15/2016,KG,310,320,315
Tomato Big(Nepali),6/16/2016,KG,50,60,55
Potato Red,6/16/2016,KG,35,38,36.5
Onion Dry (Indian),6/16/2016,KG,20,24,22
Cabbage(Local),6/16/2016,KG,30,36,33
Garlic Dry Chinese,6/16/2016,KG,310,320,315
Tomato Big(Nepali),6/17/2016,KG,40,50,45
Potato Red,6/17/2016,KG,30,40,35
Onion Dry (Indian),6/17/2016,KG,20,23,21.5
Cabbage(Local),6/17/2016,KG,30,35,32.5
Garlic Dry Chinese,6/17/2016,KG,310,320,315
Tomato Big(Nepali),6/18/2016,KG,40,50,45
Potato Red,6/18/2016,KG,30,40,35
Onion Dry (Indian),6/18/2016,KG,20,23,21.5
Cabbage(Local),6/18/2016,KG,30,35,32.5
Garlic Dry Chinese,6/18/2016,KG,310,320,315
Tomato Big(Nepali),6/19/2016,KG,50,60,55
Potato Red,6/19/2016,KG,30,40,35
Onion Dry (Indian),6/19/2016,KG,20,23,21.5
Cabbage(Local),6/19/2016,KG,30,40,35
Garlic Dry Chinese,6/19/2016,KG,310,320,315
Tomato Big(Nepali),6/20/2016,KG,60,70,65
Potato Red,6/20/2016,KG,30,40,35
Onion Dry (Indian),6/20/2016,KG,20,23,21.5
Cabbage(Local),6/20/2016,KG,30,40,35
Garlic Dry Chinese,6/20/2016,KG,310,320,315
Tomato Big(Nepali),6/21/2016,KG,70,80,75
Potato Red,6/21/2016,KG,30,40,35
Onion Dry (Indian),6/21/2016,KG,23,25,24
Cabbage(Local),6/21/2016,KG,30,40,35
Garlic Dry Chinese,6/21/2016,KG,310,320,315
Potato Red,6/22/2016,KG,30,40,35
Onion Dry (Indian),6/22/2016,KG,23,25,24
Cabbage(Local),6/22/2016,KG,30,40,35
Garlic Dry Chinese,6/22/2016,KG,310,320,315
Potato Red,6/23/2016,KG,30,40,35
Onion Dry (Indian),6/23/2016,KG,23,25,24
Cabbage(Local),6/23/2016,KG,30,40,35
Garlic Dry Chinese,6/23/2016,KG,310,320,315
Tomato Big(Nepali),6/24/2016,KG,60,70,65
Potato Red,6/24/2016,KG,30,40,35
Onion Dry (Indian),6/24/2016,KG,25,28,26.5
Cabbage(Local),6/24/2016,KG,30,40,35
Garlic Dry Chinese,6/24/2016,KG,310,320,315
Potato Red,6/25/2016,KG,30,40,35
Onion Dry (Indian),6/25/2016,KG,25,28,26.5
Cabbage(Local),6/25/2016,KG,30,35,32.5
Garlic Dry Chinese,6/25/2016,KG,310,320,315
Tomato Big(Nepali),6/26/2016,KG,60,70,65
Potato Red,6/26/2016,KG,30,40,35
Onion Dry (Indian),6/26/2016,KG,23,26,24.5
Cabbage(Local),6/26/2016,KG,35,40,37.5
Garlic Dry Chinese,6/26/2016,KG,310,320,315
Potato Red,6/27/2016,KG,34,40,37
Onion Dry (Indian),6/27/2016,KG,23,25,24
Cabbage(Local),6/27/2016,KG,35,40,37.5
Garlic Dry Chinese,6/27/2016,KG,310,320,315
Tomato Big(Nepali),6/28/2016,KG,70,80,75
Potato Red,6/28/2016,KG,30,40,35
Onion Dry (Indian),6/28/2016,KG,23,25,24
Cabbage(Local),6/28/2016,KG,30,38,34
Garlic Dry Chinese,6/28/2016,KG,310,320,315
Tomato Big(Nepali),6/29/2016,KG,70,80,75
Potato Red,6/29/2016,KG,30,40,35
Onion Dry (Indian),6/29/2016,KG,23,25,24
Cabbage(Local),6/29/2016,KG,35,40,37.5
Garlic Dry Chinese,6/29/2016,KG,310,320,315
Tomato Big(Nepali),6/30/2016,KG,80,90,85
Potato Red,6/30/2016,KG,30,40,35
Onion Dry (Indian),6/30/2016,KG,23,25,24
Cabbage(Local),6/30/2016,KG,30,40,35
Garlic Dry Chinese,6/30/2016,KG,310,320,315
Tomato Big(Nepali),7/1/2016,KG,80,90,85
Potato Red,7/1/2016,KG,30,40,35
Onion Dry (Indian),7/1/2016,KG,23,25,24
Cabbage(Local),7/1/2016,KG,30,38,34
Garlic Dry Chinese,7/1/2016,KG,310,320,315
Tomato Big(Nepali),7/2/2016,KG,80,90,85
Potato Red,7/2/2016,KG,32,40,36
Onion Dry (Indian),7/2/2016,KG,23,25,24
Cabbage(Local),7/2/2016,KG,45,55,50
Garlic Dry Chinese,7/2/2016,KG,310,320,315
Tomato Big(Nepali),7/3/2016,KG,80,90,85
Potato Red,7/3/2016,KG,30,40,35
Onion Dry (Indian),7/3/2016,KG,23,25,24
Cabbage(Local),7/3/2016,KG,35,40,37.5
Garlic Dry Chinese,7/3/2016,KG,310,320,315
Tomato Big(Nepali),7/4/2016,KG,80,90,85
Potato Red,7/4/2016,KG,30,40,35
Onion Dry (Indian),7/4/2016,KG,23,25,24
Cabbage(Local),7/4/2016,KG,50,60,55
Garlic Dry Chinese,7/4/2016,KG,310,320,315
Tomato Big(Nepali),7/5/2016,KG,80,90,85
Potato Red,7/5/2016,KG,30,40,35
Onion Dry (Indian),7/5/2016,KG,23,25,24
Cabbage(Local),7/5/2016,KG,40,50,45
Garlic Dry Chinese,7/5/2016,KG,310,320,315
Tomato Big(Nepali),7/6/2016,KG,70,80,75
Potato Red,7/6/2016,KG,30,40,35
Onion Dry (Indian),7/6/2016,KG,23,25,24
Cabbage(Local),7/6/2016,KG,40,50,45
Garlic Dry Chinese,7/6/2016,KG,310,320,315
Tomato Big(Nepali),7/7/2016,KG,70,80,75
Potato Red,7/7/2016,KG,30,40,35
Onion Dry (Indian),7/7/2016,KG,23,25,24
Cabbage(Local),7/7/2016,KG,40,50,45
Garlic Dry Chinese,7/7/2016,KG,310,320,315
Tomato Big(Nepali),7/8/2016,KG,70,80,75
Potato Red,7/8/2016,KG,30,40,35
Onion Dry (Indian),7/8/2016,KG,23,25,24
Cabbage(Local),7/8/2016,KG,40,50,45
Garlic Dry Chinese,7/8/2016,KG,310,320,315
Tomato Big(Nepali),7/9/2016,KG,70,80,75
Potato Red,7/9/2016,KG,30,40,35
Onion Dry (Indian),7/9/2016,KG,22,25,23.5
Cabbage(Local),7/9/2016,KG,40,50,45
Garlic Dry Chinese,7/9/2016,KG,310,320,315
Tomato Big(Nepali),7/10/2016,KG,70,80,75
Potato Red,7/10/2016,KG,40,45,42.5
Onion Dry (Indian),7/10/2016,KG,23,25,24
Cabbage(Local),7/10/2016,KG,45,50,47.5
Garlic Dry Chinese,7/10/2016,KG,310,320,315
Tomato Big(Nepali),7/11/2016,KG,80,90,85
Potato Red,7/11/2016,KG,40,45,42.5
Onion Dry (Indian),7/11/2016,KG,23,25,24
Cabbage(Local),7/11/2016,KG,40,45,42.5
Garlic Dry Chinese,7/11/2016,KG,310,320,315
Tomato Big(Nepali),7/12/2016,KG,90,100,95
Potato Red,7/12/2016,KG,38,45,41.5
Onion Dry (Indian),7/12/2016,KG,23,25,24
Cabbage(Local),7/12/2016,KG,40,50,45
Garlic Dry Chinese,7/12/2016,KG,310,320,315
Tomato Big(Nepali),7/13/2016,KG,70,80,75
Potato Red,7/13/2016,KG,38,45,41.5
Onion Dry (Indian),7/13/2016,KG,23,25,24
Cabbage(Local),7/13/2016,KG,45,50,47.5
Garlic Dry Chinese,7/13/2016,KG,310,320,315
Tomato Big(Nepali),7/14/2016,KG,70,80,75
Potato Red,7/14/2016,KG,38,45,41.5
Onion Dry (Indian),7/14/2016,KG,28,30,29
Cabbage(Local),7/14/2016,KG,35,40,37.5
Garlic Dry Chinese,7/14/2016,KG,310,320,315
Tomato Big(Nepali),7/15/2016,KG,70,80,75
Potato Red,7/15/2016,KG,38,45,41.5
Onion Dry (Indian),7/15/2016,KG,28,30,29
Cabbage(Local),7/15/2016,KG,35,40,37.5
Garlic Dry Chinese,7/15/2016,KG,310,320,315
Tomato Big(Nepali),7/16/2016,KG,70,80,75
Potato Red,7/16/2016,KG,38,42,40
Onion Dry (Indian),7/16/2016,KG,28,30,29
Cabbage(Local),7/16/2016,KG,35,40,37.5
Garlic Dry Chinese,7/16/2016,KG,310,320,315
Tomato Big(Nepali),7/17/2016,KG,60,65,62.5
Potato Red,7/17/2016,KG,38,42,40
Onion Dry (Indian),7/17/2016,KG,28,30,29
Cabbage(Local),7/17/2016,KG,30,35,32.5
Garlic Dry Chinese,7/17/2016,KG,310,320,315
Tomato Big(Nepali),7/18/2016,KG,50,60,55
Potato Red,7/18/2016,KG,38,42,40
Onion Dry (Indian),7/18/2016,KG,28,30,29
Cabbage(Local),7/18/2016,KG,30,35,32.5
Garlic Dry Chinese,7/18/2016,KG,310,320,315
Tomato Big(Nepali),7/19/2016,KG,50,60,55
Potato Red,7/19/2016,KG,38,42,40
Onion Dry (Indian),7/19/2016,KG,28,30,29
Cabbage(Local),7/19/2016,KG,30,35,32.5
Garlic Dry Chinese,7/19/2016,KG,310,320,315
Tomato Big(Nepali),7/20/2016,KG,50,60,55
Potato Red,7/20/2016,KG,35,53,44
Onion Dry (Indian),7/20/2016,KG,26,28,27
Cabbage(Local),7/20/2016,KG,30,35,32.5
Garlic Dry Chinese,7/20/2016,KG,310,320,315
Tomato Big(Nepali),7/21/2016,KG,50,60,55
Potato Red,7/21/2016,KG,35,40,37.5
Onion Dry (Indian),7/21/2016,KG,25,28,26.5
Cabbage(Local),7/21/2016,KG,30,35,32.5
Garlic Dry Chinese,7/21/2016,KG,310,320,315
Tomato Big(Nepali),7/22/2016,KG,60,70,65
Potato Red,7/22/2016,KG,35,40,37.5
Onion Dry (Indian),7/22/2016,KG,25,28,26.5
Cabbage(Local),7/22/2016,KG,28,30,29
Garlic Dry Chinese,7/22/2016,KG,310,320,315
Tomato Big(Nepali),7/23/2016,KG,60,70,65
Potato Red,7/23/2016,KG,35,40,37.5
Onion Dry (Indian),7/23/2016,KG,25,28,26.5
Cabbage(Local),7/23/2016,KG,28,30,29
Garlic Dry Chinese,7/23/2016,KG,310,320,315
Tomato Big(Nepali),7/24/2016,KG,70,80,75
Potato Red,7/24/2016,KG,35,38,36.5
Onion Dry (Indian),7/24/2016,KG,28,30,29
Cabbage(Local),7/24/2016,KG,25,30,27.5
Garlic Dry Chinese,7/24/2016,KG,310,320,315
Tomato Big(Nepali),7/25/2016,KG,70,75,72.5
Potato Red,7/25/2016,KG,35,36,35.5
Onion Dry (Indian),7/25/2016,KG,25,27,26
Cabbage(Local),7/25/2016,KG,25,30,27.5
Garlic Dry Chinese,7/25/2016,KG,310,320,315
Tomato Big(Nepali),7/26/2016,KG,80,85,82.5
Potato Red,7/26/2016,KG,35,38,36.5
Onion Dry (Indian),7/26/2016,KG,25,27,26
Cabbage(Local),7/26/2016,KG,20,25,22.5
Garlic Dry Chinese,7/26/2016,KG,310,320,315
Tomato Big(Nepali),7/27/2016,KG,75,80,77.5
Potato Red,7/27/2016,KG,35,38,36.5
Onion Dry (Indian),7/27/2016,KG,25,27,26
Cabbage(Local),7/27/2016,KG,20,25,22.5
Garlic Dry Chinese,7/27/2016,KG,310,320,315
Tomato Big(Nepali),7/28/2016,KG,70,80,75
Potato Red,7/28/2016,KG,35,38,36.5
Onion Dry (Indian),7/28/2016,KG,25,27,26
Cabbage(Local),7/28/2016,KG,20,25,22.5
Garlic Dry Chinese,7/28/2016,KG,310,320,315
Tomato Big(Nepali),7/29/2016,KG,70,80,75
Potato Red,7/29/2016,KG,35,38,36.5
Onion Dry (Indian),7/29/2016,KG,25,27,26
Cabbage(Local),7/29/2016,KG,20,25,22.5
Garlic Dry Chinese,7/29/2016,KG,310,320,315
Tomato Big(Nepali),7/30/2016,KG,68,75,71.5
Potato Red,7/30/2016,KG,34,38,36
Onion Dry (Indian),7/30/2016,KG,25,27,26
Cabbage(Local),7/30/2016,KG,22,28,25
Garlic Dry Chinese,7/30/2016,KG,310,320,315
Tomato Big(Nepali),7/31/2016,KG,65,70,67.5
Potato Red,7/31/2016,KG,35,38,36.5
Onion Dry (Indian),7/31/2016,KG,25,27,26
Cabbage(Local),7/31/2016,KG,20,25,22.5
Garlic Dry Chinese,7/31/2016,KG,310,320,315
Tomato Big(Nepali),8/1/2016,KG,65,70,67.5
Potato Red,8/1/2016,KG,35,38,36.5
Onion Dry (Indian),8/1/2016,KG,25,27,26
Cabbage(Local),8/1/2016,KG,22,28,25
Garlic Dry Chinese,8/1/2016,KG,310,320,315
Tomato Big(Nepali),8/2/2016,KG,60,70,65
Potato Red,8/2/2016,KG,35,70,52.5
Onion Dry (Indian),8/2/2016,KG,25,27,26
Cabbage(Local),8/2/2016,KG,20,25,22.5
Garlic Dry Chinese,8/2/2016,KG,310,320,315
Tomato Big(Nepali),8/3/2016,KG,70,75,72.5
Potato Red,8/3/2016,KG,35,40,37.5
Onion Dry (Indian),8/3/2016,KG,25,27,26
Cabbage(Local),8/3/2016,KG,30,35,32.5
Garlic Dry Chinese,8/3/2016,KG,310,320,315
Tomato Big(Nepali),8/4/2016,KG,65,70,67.5
Potato Red,8/4/2016,KG,35,40,37.5
Onion Dry (Indian),8/4/2016,KG,25,27,26
Cabbage(Local),8/4/2016,KG,30,35,32.5
Garlic Dry Chinese,8/4/2016,KG,310,320,315
Tomato Big(Nepali),8/5/2016,KG,60,65,62.5
Potato Red,8/5/2016,KG,35,40,37.5
Onion Dry (Indian),8/5/2016,KG,25,27,26
Cabbage(Local),8/5/2016,KG,30,35,32.5
Garlic Dry Chinese,8/5/2016,KG,310,320,315
Tomato Big(Nepali),8/6/2016,KG,50,60,55
Potato Red,8/6/2016,KG,35,40,37.5
Onion Dry (Indian),8/6/2016,KG,25,27,26
Cabbage(Local),8/6/2016,KG,30,36,33
Garlic Dry Chinese,8/6/2016,KG,310,320,315
Tomato Big(Nepali),8/7/2016,KG,55,60,57.5
Potato Red,8/7/2016,KG,35,40,37.5
Onion Dry (Indian),8/7/2016,KG,25,27,26
Cabbage(Local),8/7/2016,KG,30,35,32.5
Garlic Dry Chinese,8/7/2016,KG,300,310,305
Tomato Big(Nepali),8/8/2016,KG,55,60,57.5
Potato Red,8/8/2016,KG,35,40,37.5
Onion Dry (Indian),8/8/2016,KG,25,27,26
Cabbage(Local),8/8/2016,KG,30,35,32.5
Garlic Dry Chinese,8/8/2016,KG,300,310,305
Tomato Big(Nepali),8/9/2016,KG,50,55,52.5
Potato Red,8/9/2016,KG,40,45,42.5
Onion Dry (Indian),8/9/2016,KG,25,27,26
Cabbage(Local),8/9/2016,KG,30,35,32.5
Garlic Dry Chinese,8/9/2016,KG,300,315,307.5
Tomato Big(Nepali),8/10/2016,KG,50,55,52.5
Potato Red,8/10/2016,KG,40,45,42.5
Onion Dry (Indian),8/10/2016,KG,25,27,26
Cabbage(Local),8/10/2016,KG,30,35,32.5
Garlic Dry Chinese,8/10/2016,KG,300,310,305
Tomato Big(Nepali),8/11/2016,KG,50,55,52.5
Potato Red,8/11/2016,KG,40,45,42.5
Onion Dry (Indian),8/11/2016,KG,25,27,26
Cabbage(Local),8/11/2016,KG,30,35,32.5
Garlic Dry Chinese,8/11/2016,KG,300,315,307.5
Tomato Big(Nepali),8/12/2016,KG,50,55,52.5
Potato Red,8/12/2016,KG,40,45,42.5
Onion Dry (Indian),8/12/2016,KG,25,26,25.5
Cabbage(Local),8/12/2016,KG,30,35,32.5
Garlic Dry Chinese,8/12/2016,KG,300,310,305
Tomato Big(Nepali),8/13/2016,KG,45,50,47.5
Potato Red,8/13/2016,KG,40,45,42.5
Onion Dry (Indian),8/13/2016,KG,25,27,26
Cabbage(Local),8/13/2016,KG,30,35,32.5
Garlic Dry Chinese,8/13/2016,KG,300,350,325
Tomato Big(Nepali),8/14/2016,KG,45,50,47.5
Potato Red,8/14/2016,KG,40,45,42.5
Onion Dry (Indian),8/14/2016,KG,25,27,26
Cabbage(Local),8/14/2016,KG,30,35,32.5
Garlic Dry Chinese,8/14/2016,KG,300,310,305
Tomato Big(Nepali),8/15/2016,KG,50,55,52.5
Potato Red,8/15/2016,KG,40,45,42.5
Onion Dry (Indian),8/15/2016,KG,25,27,26
Cabbage(Local),8/15/2016,KG,30,35,32.5
Garlic Dry Chinese,8/15/2016,KG,300,310,305
Tomato Big(Nepali),8/16/2016,KG,45,50,47.5
Potato Red,8/16/2016,KG,40,45,42.5
Onion Dry (Indian),8/16/2016,KG,25,27,26
Cabbage(Local),8/16/2016,KG,30,35,32.5
Garlic Dry Chinese,8/16/2016,KG,300,310,305
Tomato Big(Nepali),8/17/2016,KG,45,50,47.5
Potato Red,8/17/2016,KG,40,45,42.5
Onion Dry (Indian),8/17/2016,KG,23,25,24
Cabbage(Local),8/17/2016,KG,30,35,32.5
Garlic Dry Chinese,8/17/2016,KG,300,310,305
Tomato Big(Nepali),8/18/2016,KG,55,60,57.5
Potato Red,8/18/2016,KG,40,45,42.5
Onion Dry (Indian),8/18/2016,KG,23,25,24
Cabbage(Local),8/18/2016,KG,30,35,32.5
Garlic Dry Chinese,8/18/2016,KG,300,310,305
Tomato Big(Nepali),8/19/2016,KG,55,60,57.5
Potato Red,8/19/2016,KG,40,45,42.5
Onion Dry (Indian),8/19/2016,KG,23,25,24
Cabbage(Local),8/19/2016,KG,30,35,32.5
Garlic Dry Chinese,8/19/2016,KG,300,310,305
Tomato Big(Nepali),8/20/2016,KG,48,55,51.5
Potato Red,8/20/2016,KG,40,45,42.5
Onion Dry (Indian),8/20/2016,KG,23,25,24
Cabbage(Local),8/20/2016,KG,28,32,30
Garlic Dry Chinese,8/20/2016,KG,290,300,295
Tomato Big(Nepali),8/21/2016,KG,45,50,47.5
Potato Red,8/21/2016,KG,40,45,42.5
Onion Dry (Indian),8/21/2016,KG,23,25,24
Cabbage(Local),8/21/2016,KG,25,30,27.5
Garlic Dry Chinese,8/21/2016,KG,300,310,305
Tomato Big(Nepali),8/22/2016,KG,45,50,47.5
Potato Red,8/22/2016,KG,40,45,42.5
Onion Dry (Indian),8/22/2016,KG,23,25,24
Cabbage(Local),8/22/2016,KG,20,25,22.5
Garlic Dry Chinese,8/22/2016,KG,300,310,305
Tomato Big(Nepali),8/23/2016,KG,40,50,45
Potato Red,8/23/2016,KG,40,45,42.5
Onion Dry (Indian),8/23/2016,KG,23,25,24
Cabbage(Local),8/23/2016,KG,20,25,22.5
Garlic Dry Chinese,8/23/2016,KG,300,310,305
Tomato Big(Nepali),8/24/2016,KG,40,45,42.5
Potato Red,8/24/2016,KG,40,45,42.5
Onion Dry (Indian),8/24/2016,KG,23,25,24
Cabbage(Local),8/24/2016,KG,20,25,22.5
Garlic Dry Chinese,8/24/2016,KG,280,290,285
Tomato Big(Nepali),8/25/2016,KG,35,45,40
Potato Red,8/25/2016,KG,40,46,43
Onion Dry (Indian),8/25/2016,KG,22,25,23.5
Cabbage(Local),8/25/2016,KG,20,25,22.5
Garlic Dry Chinese,8/25/2016,KG,280,290,285
Tomato Big(Nepali),8/26/2016,KG,35,40,37.5
Potato Red,8/26/2016,KG,38,40,39
Onion Dry (Indian),8/26/2016,KG,23,25,24
Cabbage(Local),8/26/2016,KG,20,25,22.5
Garlic Dry Chinese,8/26/2016,KG,280,290,285
Tomato Big(Nepali),8/27/2016,KG,35,40,37.5
Potato Red,8/27/2016,KG,35,40,37.5
Onion Dry (Indian),8/27/2016,KG,23,25,24
Cabbage(Local),8/27/2016,KG,20,25,22.5
Garlic Dry Chinese,8/27/2016,KG,280,290,285
Tomato Big(Nepali),8/28/2016,KG,35,40,37.5
Potato Red,8/28/2016,KG,38,40,39
Onion Dry (Indian),8/28/2016,KG,23,25,24
Cabbage(Local),8/28/2016,KG,20,25,22.5
Garlic Dry Chinese,8/28/2016,KG,280,290,285
Tomato Big(Nepali),8/29/2016,KG,35,40,37.5
Potato Red,8/29/2016,KG,35,40,37.5
Onion Dry (Indian),8/29/2016,KG,23,25,24
Cabbage(Local),8/29/2016,KG,20,25,22.5
Garlic Dry Chinese,8/29/2016,KG,280,290,285
Tomato Big(Nepali),8/30/2016,KG,35,40,37.5
Potato Red,8/30/2016,KG,35,40,37.5
Onion Dry (Indian),8/30/2016,KG,23,25,24
Cabbage(Local),8/30/2016,KG,20,25,22.5
Garlic Dry Chinese,8/30/2016,KG,280,290,285
Tomato Big(Nepali),8/31/2016,KG,35,40,37.5
Potato Red,8/31/2016,KG,35,40,37.5
Onion Dry (Indian),8/31/2016,KG,23,25,24
Cabbage(Local),8/31/2016,KG,20,25,22.5
Garlic Dry Chinese,8/31/2016,KG,280,290,285
Tomato Big(Nepali),9/1/2016,KG,40,45,42.5
Potato Red,9/1/2016,KG,35,40,37.5
Onion Dry (Indian),9/1/2016,KG,23,25,24
Cabbage(Local),9/1/2016,KG,25,30,27.5
Garlic Dry Chinese,9/1/2016,KG,280,290,285
Tomato Big(Nepali),9/2/2016,KG,50,60,55
Potato Red,9/2/2016,KG,35,40,37.5
Onion Dry (Indian),9/2/2016,KG,23,25,24
Cabbage(Local),9/2/2016,KG,25,30,27.5
Garlic Dry Chinese,9/2/2016,KG,280,290,285
Tomato Big(Nepali),9/3/2016,KG,40,50,45
Potato Red,9/3/2016,KG,35,40,37.5
Onion Dry (Indian),9/3/2016,KG,23,25,24
Cabbage(Local),9/3/2016,KG,24,28,26
Garlic Dry Chinese,9/3/2016,KG,280,290,285
Tomato Big(Nepali),9/4/2016,KG,45,55,50
Potato Red,9/4/2016,KG,35,40,37.5
Onion Dry (Indian),9/4/2016,KG,23,25,24
Cabbage(Local),9/4/2016,KG,20,25,22.5
Garlic Dry Chinese,9/4/2016,KG,280,290,285
Tomato Big(Nepali),9/5/2016,KG,35,40,37.5
Potato Red,9/5/2016,KG,35,40,37.5
Onion Dry (Indian),9/5/2016,KG,23,25,24
Cabbage(Local),9/5/2016,KG,25,30,27.5
Garlic Dry Chinese,9/5/2016,KG,280,290,285
Tomato Big(Nepali),9/6/2016,KG,35,40,37.5
Potato Red,9/6/2016,KG,35,40,37.5
Onion Dry (Indian),9/6/2016,KG,30,35,32.5
Cabbage(Local),9/6/2016,KG,25,30,27.5
Garlic Dry Chinese,9/6/2016,KG,280,290,285
Tomato Big(Nepali),9/7/2016,KG,30,35,32.5
Potato Red,9/7/2016,KG,35,40,37.5
Onion Dry (Indian),9/7/2016,KG,23,25,24
Cabbage(Local),9/7/2016,KG,25,30,27.5
Garlic Dry Chinese,9/7/2016,KG,280,290,285
Tomato Big(Nepali),9/8/2016,KG,35,40,37.5
Potato Red,9/8/2016,KG,35,40,37.5
Onion Dry (Indian),9/8/2016,KG,23,25,24
Cabbage(Local),9/8/2016,KG,25,40,32.5
Garlic Dry Chinese,9/8/2016,KG,280,290,285
Tomato Big(Nepali),9/9/2016,KG,35,40,37.5
Potato Red,9/9/2016,KG,35,40,37.5
Onion Dry (Indian),9/9/2016,KG,23,25,24
Cabbage(Local),9/9/2016,KG,18,20,19
Garlic Dry Chinese,9/9/2016,KG,280,290,285
Tomato Big(Nepali),9/10/2016,KG,35,40,37.5
Potato Red,9/10/2016,KG,35,40,37.5
Onion Dry (Indian),9/10/2016,KG,23,25,24
Cabbage(Local),9/10/2016,KG,18,20,19
Garlic Dry Chinese,9/10/2016,KG,280,290,285
Tomato Big(Nepali),9/11/2016,KG,45,50,47.5
Potato Red,9/11/2016,KG,35,40,37.5
Onion Dry (Indian),9/11/2016,KG,23,25,24
Cabbage(Local),9/11/2016,KG,18,20,19
Garlic Dry Chinese,9/11/2016,KG,280,290,285
Tomato Big(Nepali),9/12/2016,KG,50,55,52.5
Potato Red,9/12/2016,KG,35,40,37.5
Onion Dry (Indian),9/12/2016,KG,22,24,23
Cabbage(Local),9/12/2016,KG,18,20,19
Garlic Dry Chinese,9/12/2016,KG,280,290,285
Tomato Big(Nepali),9/13/2016,KG,50,55,52.5
Potato Red,9/13/2016,KG,35,40,37.5
Onion Dry (Indian),9/13/2016,KG,22,24,23
Cabbage(Local),9/13/2016,KG,20,25,22.5
Garlic Dry Chinese,9/13/2016,KG,280,290,285
Tomato Big(Nepali),9/14/2016,KG,50,55,52.5
Potato Red,9/14/2016,KG,35,40,37.5
Onion Dry (Indian),9/14/2016,KG,22,24,23
Cabbage(Local),9/14/2016,KG,20,25,22.5
Garlic Dry Chinese,9/14/2016,KG,280,290,285
Tomato Big(Nepali),9/15/2016,KG,50,55,52.5
Potato Red,9/15/2016,KG,35,40,37.5
Onion Dry (Indian),9/15/2016,KG,20,22,21
Cabbage(Local),9/15/2016,KG,20,25,22.5
Garlic Dry Chinese,9/15/2016,KG,280,290,285
Tomato Big(Nepali),9/16/2016,KG,40,45,42.5
Potato Red,9/16/2016,KG,35,40,37.5
Onion Dry (Indian),9/16/2016,KG,21,23,22
Cabbage(Local),9/16/2016,KG,20,25,22.5
Garlic Dry Chinese,9/16/2016,KG,290,300,295
Tomato Big(Nepali),9/17/2016,KG,38,42,40
Potato Red,9/17/2016,KG,35,40,37.5
Onion Dry (Indian),9/17/2016,KG,21,23,22
Cabbage(Local),9/17/2016,KG,20,25,22.5
Garlic Dry Chinese,9/17/2016,KG,290,300,295
Tomato Big(Nepali),9/18/2016,KG,35,40,37.5
Potato Red,9/18/2016,KG,35,40,37.5
Onion Dry (Indian),9/18/2016,KG,21,23,22
Cabbage(Local),9/18/2016,KG,20,25,22.5
Garlic Dry Chinese,9/18/2016,KG,300,310,305
Tomato Big(Nepali),9/19/2016,KG,35,40,37.5
Potato Red,9/19/2016,KG,35,40,37.5
Onion Dry (Indian),9/19/2016,KG,21,23,22
Cabbage(Local),9/19/2016,KG,20,25,22.5
Garlic Dry Chinese,9/19/2016,KG,300,310,305
Tomato Big(Nepali),9/20/2016,KG,35,40,37.5
Potato Red,9/20/2016,KG,35,40,37.5
Onion Dry (Indian),9/20/2016,KG,21,23,22
Cabbage(Local),9/20/2016,KG,20,25,22.5
Garlic Dry Chinese,9/20/2016,KG,300,310,305
Tomato Big(Nepali),9/21/2016,KG,35,40,37.5
Potato Red,9/21/2016,KG,35,40,37.5
Onion Dry (Indian),9/21/2016,KG,21,23,22
Cabbage(Local),9/21/2016,KG,20,25,22.5
Garlic Dry Chinese,9/21/2016,KG,300,310,305
Tomato Big(Nepali),9/22/2016,KG,35,40,37.5
Potato Red,9/22/2016,KG,35,40,37.5
Onion Dry (Indian),9/22/2016,KG,21,23,22
Cabbage(Local),9/22/2016,KG,20,25,22.5
Garlic Dry Chinese,9/22/2016,KG,300,310,305
Tomato Big(Nepali),9/23/2016,KG,35,40,37.5
Potato Red,9/23/2016,KG,35,40,37.5
Onion Dry (Indian),9/23/2016,KG,21,23,22
Cabbage(Local),9/23/2016,KG,20,25,22.5
Garlic Dry Chinese,9/23/2016,KG,300,310,305
Tomato Big(Nepali),9/24/2016,KG,35,40,37.5
Potato Red,9/24/2016,KG,35,40,37.5
Onion Dry (Indian),9/24/2016,KG,21,23,22
Cabbage(Local),9/24/2016,KG,20,25,22.5
Garlic Dry Chinese,9/24/2016,KG,300,310,305
Tomato Big(Nepali),9/25/2016,KG,45,50,47.5
Potato Red,9/25/2016,KG,35,38,36.5
Onion Dry (Indian),9/25/2016,KG,21,23,22
Cabbage(Local),9/25/2016,KG,20,25,22.5
Garlic Dry Chinese,9/25/2016,KG,300,310,305
Tomato Big(Nepali),9/26/2016,KG,35,40,37.5
Potato Red,9/26/2016,KG,35,38,36.5
Onion Dry (Indian),9/26/2016,KG,21,23,22
Cabbage(Local),9/26/2016,KG,20,25,22.5
Garlic Dry Chinese,9/26/2016,KG,300,310,305
Tomato Big(Nepali),9/27/2016,KG,35,40,37.5
Potato Red,9/27/2016,KG,35,38,36.5
Onion Dry (Indian),9/27/2016,KG,21,23,22
Cabbage(Local),9/27/2016,KG,20,25,22.5
Garlic Dry Chinese,9/27/2016,KG,300,310,305
Tomato Big(Nepali),9/28/2016,KG,35,40,37.5
Potato Red,9/28/2016,KG,35,38,36.5
Onion Dry (Indian),9/28/2016,KG,21,23,22
Cabbage(Local),9/28/2016,KG,20,25,22.5
Garlic Dry Chinese,9/28/2016,KG,300,310,305
Tomato Big(Nepali),9/29/2016,KG,45,50,47.5
Potato Red,9/29/2016,KG,35,38,36.5
Onion Dry (Indian),9/29/2016,KG,21,23,22
Cabbage(Local),9/29/2016,KG,20,25,22.5
Garlic Dry Chinese,9/29/2016,KG,300,310,305
Tomato Big(Nepali),9/30/2016,KG,50,55,52.5
Potato Red,9/30/2016,KG,35,38,36.5
Onion Dry (Indian),9/30/2016,KG,21,23,22
Cabbage(Local),9/30/2016,KG,20,25,22.5
Garlic Dry Chinese,9/30/2016,KG,300,310,305
Tomato Big(Nepali),10/1/2016,KG,45,50,47.5
Potato Red,10/1/2016,KG,35,38,36.5
Onion Dry (Indian),10/1/2016,KG,21,23,22
Cabbage(Local),10/1/2016,KG,20,25,22.5
Garlic Dry Chinese,10/1/2016,KG,300,310,305
Tomato Big(Nepali),10/2/2016,KG,45,50,47.5
Potato Red,10/2/2016,KG,35,38,36.5
Onion Dry (Indian),10/2/2016,KG,21,23,22
Cabbage(Local),10/2/2016,KG,20,25,22.5
Garlic Dry Chinese,10/2/2016,KG,300,310,305
Tomato Big(Nepali),10/3/2016,KG,45,50,47.5
Potato Red,10/3/2016,KG,35,38,36.5
Onion Dry (Indian),10/3/2016,KG,21,23,22
Cabbage(Local),10/3/2016,KG,25,30,27.5
Garlic Dry Chinese,10/3/2016,KG,300,310,305
Tomato Big(Nepali),10/4/2016,KG,45,50,47.5
Potato Red,10/4/2016,KG,35,38,36.5
Onion Dry (Indian),10/4/2016,KG,21,23,22
Cabbage(Local),10/4/2016,KG,25,30,27.5
Garlic Dry Chinese,10/4/2016,KG,300,310,305
Tomato Big(Nepali),10/5/2016,KG,45,50,47.5
Potato Red,10/5/2016,KG,35,38,36.5
Onion Dry (Indian),10/5/2016,KG,21,23,22
Cabbage(Local),10/5/2016,KG,25,30,27.5
Garlic Dry Chinese,10/5/2016,KG,300,310,305
Tomato Big(Nepali),10/6/2016,KG,55,60,57.5
Potato Red,10/6/2016,KG,35,38,36.5
Onion Dry (Indian),10/6/2016,KG,21,23,22
Cabbage(Local),10/6/2016,KG,25,30,27.5
Garlic Dry Chinese,10/6/2016,KG,300,310,305
Tomato Big(Nepali),10/7/2016,KG,55,60,57.5
Potato Red,10/7/2016,KG,35,38,36.5
Onion Dry (Indian),10/7/2016,KG,21,23,22
Cabbage(Local),10/7/2016,KG,20,25,22.5
Garlic Dry Chinese,10/7/2016,KG,300,310,305
Tomato Big(Nepali),10/8/2016,KG,40,50,45
Potato Red,10/8/2016,KG,35,38,36.5
Onion Dry (Indian),10/8/2016,KG,21,23,22
Cabbage(Local),10/8/2016,KG,25,30,27.5
Garlic Dry Chinese,10/8/2016,KG,300,310,305
Tomato Big(Nepali),10/9/2016,KG,45,50,47.5
Potato Red,10/9/2016,KG,35,38,36.5
Onion Dry (Indian),10/9/2016,KG,20,23,21.5
Cabbage(Local),10/9/2016,KG,20,25,22.5
Garlic Dry Chinese,10/9/2016,KG,300,310,305
Tomato Big(Nepali),10/10/2016,KG,45,50,47.5
Potato Red,10/10/2016,KG,35,38,36.5
Onion Dry (Indian),10/10/2016,KG,21,23,22
Cabbage(Local),10/10/2016,KG,25,30,27.5
Garlic Dry Chinese,10/10/2016,KG,300,310,305
Tomato Big(Nepali),10/11/2016,KG,50,55,52.5
Potato Red,10/11/2016,KG,35,38,36.5
Onion Dry (Indian),10/11/2016,KG,21,23,22
Cabbage(Local),10/11/2016,KG,25,30,27.5
Garlic Dry Chinese,10/11/2016,KG,300,310,305
Tomato Big(Nepali),10/12/2016,KG,45,50,47.5
Potato Red,10/12/2016,KG,35,38,36.5
Onion Dry (Indian),10/12/2016,KG,21,23,22
Cabbage(Local),10/12/2016,KG,25,30,27.5
Garlic Dry Chinese,10/12/2016,KG,300,310,305
Tomato Big(Nepali),10/13/2016,KG,45,50,47.5
Potato Red,10/13/2016,KG,35,38,36.5
Onion Dry (Indian),10/13/2016,KG,21,23,22
Cabbage(Local),10/13/2016,KG,25,30,27.5
Garlic Dry Chinese,10/13/2016,KG,300,310,305
Tomato Big(Nepali),10/14/2016,KG,45,50,47.5
Potato Red,10/14/2016,KG,35,38,36.5
Onion Dry (Indian),10/14/2016,KG,20,23,21.5
Cabbage(Local),10/14/2016,KG,25,30,27.5
Garlic Dry Chinese,10/14/2016,KG,300,310,305
Tomato Big(Nepali),10/15/2016,KG,45,50,47.5
Potato Red,10/15/2016,KG,35,38,36.5
Onion Dry (Indian),10/15/2016,KG,21,23,22
Cabbage(Local),10/15/2016,KG,25,30,27.5
Garlic Dry Chinese,10/15/2016,KG,300,310,305
Tomato Big(Nepali),10/16/2016,KG,50,55,52.5
Potato Red,10/16/2016,KG,35,38,36.5
Onion Dry (Indian),10/16/2016,KG,21,23,22
Cabbage(Local),10/16/2016,KG,25,30,27.5
Garlic Dry Chinese,10/16/2016,KG,300,310,305
Tomato Big(Nepali),10/17/2016,KG,55,60,57.5
Potato Red,10/17/2016,KG,35,38,36.5
Onion Dry (Indian),10/17/2016,KG,21,23,22
Cabbage(Local),10/17/2016,KG,25,30,27.5
Garlic Dry Chinese,10/17/2016,KG,300,310,305
Tomato Big(Nepali),10/18/2016,KG,55,60,57.5
Potato Red,10/18/2016,KG,35,38,36.5
Onion Dry (Indian),10/18/2016,KG,21,23,22
Cabbage(Local),10/18/2016,KG,25,35,30
Garlic Dry Chinese,10/18/2016,KG,300,310,305
Tomato Big(Nepali),10/19/2016,KG,55,60,57.5
Potato Red,10/19/2016,KG,35,38,36.5
Onion Dry (Indian),10/19/2016,KG,21,23,22
Cabbage(Local),10/19/2016,KG,25,30,27.5
Garlic Dry Chinese,10/19/2016,KG,300,310,305
Tomato Big(Nepali),10/20/2016,KG,55,60,57.5
Potato Red,10/20/2016,KG,35,38,36.5
Onion Dry (Indian),10/20/2016,KG,21,23,22
Cabbage(Local),10/20/2016,KG,25,28,26.5
Garlic Dry Chinese,10/20/2016,KG,300,310,305
Tomato Big(Nepali),10/21/2016,KG,50,60,55
Potato Red,10/21/2016,KG,35,38,36.5
Onion Dry (Indian),10/21/2016,KG,22,24,23
Cabbage(Local),10/21/2016,KG,25,30,27.5
Garlic Dry Chinese,10/21/2016,KG,300,310,305
Tomato Big(Nepali),10/22/2016,KG,50,55,52.5
Potato Red,10/22/2016,KG,35,38,36.5
Onion Dry (Indian),10/22/2016,KG,22,24,23
Cabbage(Local),10/22/2016,KG,25,30,27.5
Garlic Dry Chinese,10/22/2016,KG,300,310,305
Tomato Big(Nepali),10/23/2016,KG,45,50,47.5
Potato Red,10/23/2016,KG,35,40,37.5
Onion Dry (Indian),10/23/2016,KG,22,24,23
Cabbage(Local),10/23/2016,KG,25,30,27.5
Garlic Dry Chinese,10/23/2016,KG,300,310,305
Tomato Big(Nepali),10/24/2016,KG,35,40,37.5
Potato Red,10/24/2016,KG,35,40,37.5
Onion Dry (Indian),10/24/2016,KG,22,24,23
Cabbage(Local),10/24/2016,KG,25,30,27.5
Garlic Dry Chinese,10/24/2016,KG,300,310,305
Tomato Big(Nepali),10/25/2016,KG,40,45,42.5
Potato Red,10/25/2016,KG,35,40,37.5
Onion Dry (Indian),10/25/2016,KG,22,24,23
Cabbage(Local),10/25/2016,KG,50,55,52.5
Garlic Dry Chinese,10/25/2016,KG,300,310,305
Tomato Big(Nepali),10/26/2016,KG,40,50,45
Potato Red,10/26/2016,KG,35,40,37.5
Onion Dry (Indian),10/26/2016,KG,21,24,22.5
Cabbage(Local),10/26/2016,KG,50,55,52.5
Garlic Dry Chinese,10/26/2016,KG,300,310,305
Tomato Big(Nepali),10/27/2016,KG,35,40,37.5
Potato Red,10/27/2016,KG,35,40,37.5
Onion Dry (Indian),10/27/2016,KG,22,24,23
Cabbage(Local),10/27/2016,KG,45,50,47.5
Garlic Dry Chinese,10/27/2016,KG,300,310,305
Tomato Big(Nepali),10/28/2016,KG,35,40,37.5
Potato Red,10/28/2016,KG,35,40,37.5
Onion Dry (Indian),10/28/2016,KG,22,24,23
Cabbage(Local),10/28/2016,KG,45,50,47.5
Garlic Dry Chinese,10/28/2016,KG,300,310,305
Tomato Big(Nepali),10/29/2016,KG,35,40,37.5
Potato Red,10/29/2016,KG,35,40,37.5
Onion Dry (Indian),10/29/2016,KG,22,24,23
Cabbage(Local),10/29/2016,KG,40,50,45
Garlic Dry Chinese,10/29/2016,KG,300,310,305
Tomato Big(Nepali),10/30/2016,KG,35,40,37.5
Potato Red,10/30/2016,KG,35,40,37.5
Onion Dry (Indian),10/30/2016,KG,22,24,23
Cabbage(Local),10/30/2016,KG,40,45,42.5
Garlic Dry Chinese,10/30/2016,KG,300,310,305
Tomato Big(Nepali),10/31/2016,KG,35,40,37.5
Potato Red,10/31/2016,KG,35,40,37.5
Onion Dry (Indian),10/31/2016,KG,22,24,23
Cabbage(Local),10/31/2016,KG,30,35,32.5
Garlic Dry Chinese,10/31/2016,KG,300,310,305
Tomato Big(Nepali),11/1/2016,KG,35,40,37.5
Potato Red,11/1/2016,KG,35,40,37.5
Onion Dry (Indian),11/1/2016,KG,22,24,23
Cabbage(Local),11/1/2016,KG,30,35,32.5
Garlic Dry Chinese,11/1/2016,KG,300,310,305
Tomato Big(Nepali),11/2/2016,KG,35,40,37.5
Potato Red,11/2/2016,KG,35,40,37.5
Onion Dry (Indian),11/2/2016,KG,22,24,23
Cabbage(Local),11/2/2016,KG,50,55,52.5
Garlic Dry Chinese,11/2/2016,KG,300,310,305
Tomato Big(Nepali),11/3/2016,KG,35,40,37.5
Potato Red,11/3/2016,KG,55,60,57.5
Onion Dry (Indian),11/3/2016,KG,22,24,23
Cabbage(Local),11/3/2016,KG,55,60,57.5
Garlic Dry Chinese,11/3/2016,KG,310,320,315
Tomato Big(Nepali),11/4/2016,KG,35,40,37.5
Potato Red,11/4/2016,KG,55,60,57.5
Onion Dry (Indian),11/4/2016,KG,22,24,23
Cabbage(Local),11/4/2016,KG,50,55,52.5
Garlic Dry Chinese,11/4/2016,KG,310,320,315
Tomato Big(Nepali),11/5/2016,KG,35,40,37.5
Potato Red,11/5/2016,KG,55,60,57.5
Onion Dry (Indian),11/5/2016,KG,22,24,23
Cabbage(Local),11/5/2016,KG,50,60,55
Garlic Dry Chinese,11/5/2016,KG,310,320,315
Tomato Big(Nepali),11/6/2016,KG,30,38,34
Potato Red,11/6/2016,KG,55,60,57.5
Onion Dry (Indian),11/6/2016,KG,22,24,23
Cabbage(Local),11/6/2016,KG,50,55,52.5
Garlic Dry Chinese,11/6/2016,KG,310,320,315
Tomato Big(Nepali),11/7/2016,KG,35,40,37.5
Potato Red,11/7/2016,KG,45,50,47.5
Onion Dry (Indian),11/7/2016,KG,24,26,25
Cabbage(Local),11/7/2016,KG,40,45,42.5
Garlic Dry Chinese,11/7/2016,KG,310,320,315
Tomato Big(Nepali),11/8/2016,KG,35,40,37.5
Potato Red,11/8/2016,KG,45,50,47.5
Onion Dry (Indian),11/8/2016,KG,24,26,25
Cabbage(Local),11/8/2016,KG,50,55,52.5
Garlic Dry Chinese,11/8/2016,KG,310,320,315
Tomato Big(Nepali),11/9/2016,KG,35,40,37.5
Potato Red,11/9/2016,KG,45,50,47.5
Onion Dry (Indian),11/9/2016,KG,24,26,25
Cabbage(Local),11/9/2016,KG,50,55,52.5
Garlic Dry Chinese,11/9/2016,KG,310,320,315
Tomato Big(Nepali),11/10/2016,KG,40,45,42.5
Potato Red,11/10/2016,KG,40,45,42.5
Onion Dry (Indian),11/10/2016,KG,24,26,25
Cabbage(Local),11/10/2016,KG,50,60,55
Garlic Dry Chinese,11/10/2016,KG,310,320,315
Tomato Big(Nepali),11/11/2016,KG,35,40,37.5
Potato Red,11/11/2016,KG,40,45,42.5
Onion Dry (Indian),11/11/2016,KG,24,26,25
Cabbage(Local),11/11/2016,KG,60,65,62.5
Garlic Dry Chinese,11/11/2016,KG,310,320,315
Tomato Big(Nepali),11/12/2016,KG,35,40,37.5
Potato Red,11/12/2016,KG,40,45,42.5
Onion Dry (Indian),11/12/2016,KG,24,26,25
Cabbage(Local),11/12/2016,KG,55,60,57.5
Garlic Dry Chinese,11/12/2016,KG,310,320,315
Tomato Big(Nepali),11/13/2016,KG,35,40,37.5
Potato Red,11/13/2016,KG,40,45,42.5
Onion Dry (Indian),11/13/2016,KG,24,26,25
Cabbage(Local),11/13/2016,KG,50,55,52.5
Garlic Dry Chinese,11/13/2016,KG,310,320,315
Tomato Big(Nepali),11/14/2016,KG,30,40,35
Potato Red,11/14/2016,KG,40,45,42.5
Onion Dry (Indian),11/14/2016,KG,25,27,26
Cabbage(Local),11/14/2016,KG,45,50,47.5
Garlic Dry Chinese,11/14/2016,KG,310,320,315
Tomato Big(Nepali),11/15/2016,KG,30,40,35
Potato Red,11/15/2016,KG,35,42,38.5
Onion Dry (Indian),11/15/2016,KG,26,28,27
Cabbage(Local),11/15/2016,KG,45,50,47.5
Garlic Dry Chinese,11/15/2016,KG,310,320,315
Tomato Big(Nepali),11/16/2016,KG,35,40,37.5
Potato Red,11/16/2016,KG,35,40,37.5
Onion Dry (Indian),11/16/2016,KG,26,28,27
Cabbage(Local),11/16/2016,KG,45,50,47.5
Garlic Dry Chinese,11/16/2016,KG,310,320,315
Tomato Big(Nepali),11/17/2016,KG,35,40,37.5
Potato Red,11/17/2016,KG,35,40,37.5
Onion Dry (Indian),11/17/2016,KG,26,28,27
Cabbage(Local),11/17/2016,KG,45,50,47.5
Garlic Dry Chinese,11/17/2016,KG,310,320,315
Tomato Big(Nepali),11/18/2016,KG,35,40,37.5
Potato Red,11/18/2016,KG,35,40,37.5
Onion Dry (Indian),11/18/2016,KG,28,30,29
Cabbage(Local),11/18/2016,KG,45,50,47.5
Garlic Dry Chinese,11/18/2016,KG,330,340,335
Tomato Big(Nepali),11/19/2016,KG,35,40,37.5
Potato Red,11/19/2016,KG,35,40,37.5
Onion Dry (Indian),11/19/2016,KG,28,30,29
Cabbage(Local),11/19/2016,KG,45,50,47.5
Garlic Dry Chinese,11/19/2016,KG,330,340,335
Tomato Big(Nepali),11/20/2016,KG,35,40,37.5
Potato Red,11/20/2016,KG,35,40,37.5
Onion Dry (Indian),11/20/2016,KG,28,30,29
Cabbage(Local),11/20/2016,KG,40,45,42.5
Garlic Dry Chinese,11/20/2016,KG,330,340,335
Tomato Big(Nepali),11/21/2016,KG,40,45,42.5
Potato Red,11/21/2016,KG,35,40,37.5
Onion Dry (Indian),11/21/2016,KG,28,30,29
Cabbage(Local),11/21/2016,KG,35,40,37.5
Garlic Dry Chinese,11/21/2016,KG,330,340,335
Tomato Big(Nepali),11/22/2016,KG,40,45,42.5
Potato Red,11/22/2016,KG,35,40,37.5
Onion Dry (Indian),11/22/2016,KG,28,30,29
Cabbage(Local),11/22/2016,KG,30,40,35
Garlic Dry Chinese,11/22/2016,KG,330,340,335
Tomato Big(Nepali),11/23/2016,KG,40,45,42.5
Potato Red,11/23/2016,KG,35,40,37.5
Onion Dry (Indian),11/23/2016,KG,28,30,29
Cabbage(Local),11/23/2016,KG,25,30,27.5
Garlic Dry Chinese,11/23/2016,KG,330,340,335
Tomato Big(Nepali),11/24/2016,KG,40,45,42.5
Potato Red,11/24/2016,KG,35,40,37.5
Onion Dry (Indian),11/24/2016,KG,28,30,29
Cabbage(Local),11/24/2016,KG,20,25,22.5
Garlic Dry Chinese,11/24/2016,KG,330,340,335
Tomato Big(Nepali),11/25/2016,KG,35,40,37.5
Potato Red,11/25/2016,KG,35,38,36.5
Onion Dry (Indian),11/25/2016,KG,28,30,29
Cabbage(Local),11/25/2016,KG,25,30,27.5
Garlic Dry Chinese,11/25/2016,KG,330,340,335
Tomato Big(Nepali),11/26/2016,KG,35,40,37.5
Potato Red,11/26/2016,KG,35,38,36.5
Onion Dry (Indian),11/26/2016,KG,28,30,29
Cabbage(Local),11/26/2016,KG,25,30,27.5
Garlic Dry Chinese,11/26/2016,KG,330,340,335
Tomato Big(Nepali),11/27/2016,KG,40,45,42.5
Potato Red,11/27/2016,KG,35,38,36.5
Onion Dry (Indian),11/27/2016,KG,28,30,29
Cabbage(Local),11/27/2016,KG,25,30,27.5
Garlic Dry Chinese,11/27/2016,KG,330,340,335
Tomato Big(Nepali),11/28/2016,KG,35,40,37.5
Potato Red,11/28/2016,KG,35,38,36.5
Onion Dry (Indian),11/28/2016,KG,28,30,29
Cabbage(Local),11/28/2016,KG,25,30,27.5
Garlic Dry Chinese,11/28/2016,KG,330,340,335
Tomato Big(Nepali),11/29/2016,KG,35,40,37.5
Potato Red,11/29/2016,KG,30,38,34
Onion Dry (Indian),11/29/2016,KG,28,30,29
Cabbage(Local),11/29/2016,KG,25,30,27.5
Garlic Dry Chinese,11/29/2016,KG,330,340,335
Tomato Big(Nepali),11/30/2016,KG,35,40,37.5
Potato Red,11/30/2016,KG,30,35,32.5
Onion Dry (Indian),11/30/2016,KG,24,26,25
Cabbage(Local),11/30/2016,KG,25,30,27.5
Garlic Dry Chinese,11/30/2016,KG,330,340,335
Tomato Big(Nepali),12/1/2016,KG,35,40,37.5
Potato Red,12/1/2016,KG,30,35,32.5
Onion Dry (Indian),12/1/2016,KG,24,26,25
Cabbage(Local),12/1/2016,KG,25,30,27.5
Garlic Dry Chinese,12/1/2016,KG,330,340,335
Tomato Big(Nepali),12/2/2016,KG,35,40,37.5
Potato Red,12/2/2016,KG,30,35,32.5
Onion Dry (Indian),12/2/2016,KG,24,26,25
Cabbage(Local),12/2/2016,KG,25,30,27.5
Garlic Dry Chinese,12/2/2016,KG,330,340,335
Tomato Big(Nepali),12/3/2016,KG,35,40,37.5
Potato Red,12/3/2016,KG,30,35,32.5
Onion Dry (Indian),12/3/2016,KG,24,26,25
Cabbage(Local),12/3/2016,KG,25,30,27.5
Garlic Dry Chinese,12/3/2016,KG,330,340,335
Tomato Big(Nepali),12/4/2016,KG,35,40,37.5
Potato Red,12/4/2016,KG,30,35,32.5
Onion Dry (Indian),12/4/2016,KG,24,26,25
Cabbage(Local),12/4/2016,KG,25,30,27.5
Garlic Dry Chinese,12/4/2016,KG,330,340,335
Tomato Big(Nepali),12/5/2016,KG,35,40,37.5
Potato Red,12/5/2016,KG,30,35,32.5
Onion Dry (Indian),12/5/2016,KG,24,26,25
Cabbage(Local),12/5/2016,KG,30,35,32.5
Garlic Dry Chinese,12/5/2016,KG,330,340,335
Tomato Big(Nepali),12/6/2016,KG,35,40,37.5
Potato Red,12/6/2016,KG,30,35,32.5
Onion Dry (Indian),12/6/2016,KG,24,26,25
Cabbage(Local),12/6/2016,KG,25,30,27.5
Garlic Dry Chinese,12/6/2016,KG,330,340,335
Tomato Big(Nepali),12/7/2016,KG,35,40,37.5
Potato Red,12/7/2016,KG,30,35,32.5
Onion Dry (Indian),12/7/2016,KG,24,26,25
Cabbage(Local),12/7/2016,KG,25,30,27.5
Garlic Dry Chinese,12/7/2016,KG,330,340,335
Tomato Big(Nepali),12/8/2016,KG,30,35,32.5
Potato Red,12/8/2016,KG,30,35,32.5
Onion Dry (Indian),12/8/2016,KG,24,26,25
Cabbage(Local),12/8/2016,KG,25,30,27.5
Garlic Dry Chinese,12/8/2016,KG,330,340,335
Tomato Big(Nepali),12/9/2016,KG,35,40,37.5
Potato Red,12/9/2016,KG,30,35,32.5
Onion Dry (Indian),12/9/2016,KG,24,26,25
Cabbage(Local),12/9/2016,KG,25,30,27.5
Garlic Dry Chinese,12/9/2016,KG,330,340,335
Tomato Big(Nepali),12/10/2016,KG,35,40,37.5
Potato Red,12/10/2016,KG,30,35,32.5
Onion Dry (Indian),12/10/2016,KG,24,26,25
Cabbage(Local),12/10/2016,KG,25,30,27.5
Garlic Dry Chinese,12/10/2016,KG,330,340,335
Tomato Big(Nepali),12/11/2016,KG,35,40,37.5
Potato Red,12/11/2016,KG,30,35,32.5
Onion Dry (Indian),12/11/2016,KG,25,28,26.5
Cabbage(Local),12/11/2016,KG,25,30,27.5
Garlic Dry Chinese,12/11/2016,KG,330,340,335
Tomato Big(Nepali),12/12/2016,KG,30,40,35
Potato Red,12/12/2016,KG,28,32,30
Onion Dry (Indian),12/12/2016,KG,26,30,28
Cabbage(Local),12/12/2016,KG,25,30,27.5
Garlic Dry Chinese,12/12/2016,KG,330,340,335
Tomato Big(Nepali),12/13/2016,KG,35,40,37.5
Potato Red,12/13/2016,KG,28,32,30
Onion Dry (Indian),12/13/2016,KG,26,30,28
Cabbage(Local),12/13/2016,KG,25,30,27.5
Garlic Dry Chinese,12/13/2016,KG,330,340,335
Tomato Big(Nepali),12/14/2016,KG,35,40,37.5
Potato Red,12/14/2016,KG,28,32,30
Onion Dry (Indian),12/14/2016,KG,26,30,28
Cabbage(Local),12/14/2016,KG,20,25,22.5
Garlic Dry Chinese,12/14/2016,KG,330,340,335
Tomato Big(Nepali),12/15/2016,KG,35,40,37.5
Potato Red,12/15/2016,KG,28,32,30
Onion Dry (Indian),12/15/2016,KG,26,30,28
Cabbage(Local),12/15/2016,KG,20,25,22.5
Garlic Dry Chinese,12/15/2016,KG,330,340,335
Tomato Big(Nepali),12/16/2016,KG,35,40,37.5
Potato Red,12/16/2016,KG,28,32,30
Onion Dry (Indian),12/16/2016,KG,26,30,28
Cabbage(Local),12/16/2016,KG,22,28,25
Garlic Dry Chinese,12/16/2016,KG,330,340,335
Tomato Big(Nepali),12/17/2016,KG,28,32,30
Potato Red,12/17/2016,KG,28,32,30
Onion Dry (Indian),12/17/2016,KG,26,30,28
Cabbage(Local),12/17/2016,KG,20,25,22.5
Garlic Dry Chinese,12/17/2016,KG,330,340,335
Tomato Big(Nepali),12/18/2016,KG,35,40,37.5
Potato Red,12/18/2016,KG,28,33,30.5
Onion Dry (Indian),12/18/2016,KG,25,27,26
Cabbage(Local),12/18/2016,KG,25,30,27.5
Garlic Dry Chinese,12/18/2016,KG,330,340,335
Tomato Big(Nepali),12/19/2016,KG,35,40,37.5
Potato Red,12/19/2016,KG,28,32,30
Onion Dry (Indian),12/19/2016,KG,25,27,26
Cabbage(Local),12/19/2016,KG,25,30,27.5
Garlic Dry Chinese,12/19/2016,KG,330,340,335
Tomato Big(Nepali),12/20/2016,KG,30,35,32.5
Potato Red,12/20/2016,KG,28,32,30
Onion Dry (Indian),12/20/2016,KG,25,28,26.5
Cabbage(Local),12/20/2016,KG,25,30,27.5
Garlic Dry Chinese,12/20/2016,KG,330,340,335
Tomato Big(Nepali),12/21/2016,KG,30,35,32.5
Potato Red,12/21/2016,KG,28,32,30
Onion Dry (Indian),12/21/2016,KG,25,27,26
Cabbage(Local),12/21/2016,KG,25,30,27.5
Garlic Dry Chinese,12/21/2016,KG,330,340,335
Tomato Big(Nepali),12/22/2016,KG,30,35,32.5
Potato Red,12/22/2016,KG,28,32,30
Onion Dry (Indian),12/22/2016,KG,25,27,26
Cabbage(Local),12/22/2016,KG,25,30,27.5
Garlic Dry Chinese,12/22/2016,KG,330,340,335
Tomato Big(Nepali),12/23/2016,KG,30,35,32.5
Potato Red,12/23/2016,KG,28,32,30
Onion Dry (Indian),12/23/2016,KG,25,27,26
Cabbage(Local),12/23/2016,KG,20,25,22.5
Garlic Dry Chinese,12/23/2016,KG,330,340,335
Tomato Big(Nepali),12/24/2016,KG,30,35,32.5
Potato Red,12/24/2016,KG,28,32,30
Onion Dry (Indian),12/24/2016,KG,25,27,26
Cabbage(Local),12/24/2016,KG,18,22,20
Garlic Dry Chinese,12/24/2016,KG,330,340,335
Tomato Big(Nepali),12/25/2016,KG,30,35,32.5
Potato Red,12/25/2016,KG,28,32,30
Onion Dry (Indian),12/25/2016,KG,25,27,26
Cabbage(Local),12/25/2016,KG,18,20,19
Garlic Dry Chinese,12/25/2016,KG,330,340,335
Tomato Big(Nepali),12/26/2016,KG,30,35,32.5
Potato Red,12/26/2016,KG,28,30,29
Onion Dry (Indian),12/26/2016,KG,25,27,26
Cabbage(Local),12/26/2016,KG,20,22,21
Garlic Dry Chinese,12/26/2016,KG,380,390,385
Tomato Big(Nepali),12/27/2016,KG,25,30,27.5
Potato Red,12/27/2016,KG,28,30,29
Onion Dry (Indian),12/27/2016,KG,25,27,26
Cabbage(Local),12/27/2016,KG,18,20,19
Garlic Dry Chinese,12/27/2016,KG,380,390,385
Tomato Big(Nepali),12/28/2016,KG,25,30,27.5
Potato Red,12/28/2016,KG,28,30,29
Onion Dry (Indian),12/28/2016,KG,25,27,26
Cabbage(Local),12/28/2016,KG,18,20,19
Garlic Dry Chinese,12/28/2016,KG,340,350,345
Tomato Big(Nepali),12/29/2016,KG,25,30,27.5
Potato Red,12/29/2016,KG,28,30,29
Onion Dry (Indian),12/29/2016,KG,25,27,26
Cabbage(Local),12/29/2016,KG,18,20,19
Garlic Dry Chinese,12/29/2016,KG,340,350,345
Tomato Big(Nepali),12/30/2016,KG,25,28,26.5
Potato Red,12/30/2016,KG,28,30,29
Onion Dry (Indian),12/30/2016,KG,24,25,24.5
Cabbage(Local),12/30/2016,KG,18,20,19
Garlic Dry Chinese,12/30/2016,KG,340,350,345
Tomato Big(Nepali),12/31/2016,KG,25,30,27.5
Potato Red,12/31/2016,KG,28,30,29
Onion Dry (Indian),12/31/2016,KG,24,26,25
Cabbage(Local),12/31/2016,KG,18,20,19
Garlic Dry Chinese,12/31/2016,KG,340,350,345
Tomato Big(Nepali),1/1/2017,KG,25,30,27.5
Potato Red,1/1/2017,KG,28,30,29
Onion Dry (Indian),1/1/2017,KG,25,27,26
Cabbage(Local),1/1/2017,KG,18,20,19
Garlic Dry Chinese,1/1/2017,KG,340,350,345
Tomato Big(Nepali),1/2/2017,KG,25,30,27.5
Potato Red,1/2/2017,KG,28,30,29
Onion Dry (Indian),1/2/2017,KG,25,27,26
Cabbage(Local),1/2/2017,KG,18,20,19
Garlic Dry Chinese,1/2/2017,KG,340,350,345
Tomato Big(Nepali),1/3/2017,KG,25,30,27.5
Potato Red,1/3/2017,KG,28,30,29
Onion Dry (Indian),1/3/2017,KG,25,27,26
Cabbage(Local),1/3/2017,KG,18,20,19
Garlic Dry Chinese,1/3/2017,KG,340,350,345
Tomato Big(Nepali),1/4/2017,KG,35,40,37.5
Potato Red,1/4/2017,KG,28,30,29
Onion Dry (Indian),1/4/2017,KG,25,27,26
Cabbage(Local),1/4/2017,KG,18,20,19
Garlic Dry Chinese,1/4/2017,KG,340,350,345
Tomato Big(Nepali),1/5/2017,KG,25,30,27.5
Potato Red,1/5/2017,KG,28,30,29
Onion Dry (Indian),1/5/2017,KG,25,27,26
Cabbage(Local),1/5/2017,KG,18,20,19
Garlic Dry Chinese,1/5/2017,KG,340,350,345
Tomato Big(Nepali),1/6/2017,KG,25,30,27.5
Potato Red,1/6/2017,KG,25,28,26.5
Onion Dry (Indian),1/6/2017,KG,24,26,25
Cabbage(Local),1/6/2017,KG,18,20,19
Garlic Dry Chinese,1/6/2017,KG,340,350,345
Tomato Big(Nepali),1/7/2017,KG,25,30,27.5
Potato Red,1/7/2017,KG,25,28,26.5
Onion Dry (Indian),1/7/2017,KG,24,26,25
Cabbage(Local),1/7/2017,KG,18,20,19
Garlic Dry Chinese,1/7/2017,KG,340,350,345
Tomato Big(Nepali),1/8/2017,KG,25,30,27.5
Potato Red,1/8/2017,KG,25,27,26
Onion Dry (Indian),1/8/2017,KG,24,26,25
Cabbage(Local),1/8/2017,KG,18,20,19
Garlic Dry Chinese,1/8/2017,KG,340,350,345
Tomato Big(Nepali),1/9/2017,KG,25,30,27.5
Potato Red,1/9/2017,KG,25,27,26
Onion Dry (Indian),1/9/2017,KG,24,26,25
Cabbage(Local),1/9/2017,KG,15,20,17.5
Garlic Dry Chinese,1/9/2017,KG,340,350,345
Tomato Big(Nepali),1/10/2017,KG,25,30,27.5
Potato Red,1/10/2017,KG,25,27,26
Onion Dry (Indian),1/10/2017,KG,24,26,25
Cabbage(Local),1/10/2017,KG,15,20,17.5
Garlic Dry Chinese,1/10/2017,KG,340,350,345
Tomato Big(Nepali),1/11/2017,KG,25,30,27.5
Potato Red,1/11/2017,KG,25,27,26
Onion Dry (Indian),1/11/2017,KG,24,26,25
Cabbage(Local),1/11/2017,KG,15,20,17.5
Garlic Dry Chinese,1/11/2017,KG,340,350,345
Tomato Big(Nepali),1/12/2017,KG,25,30,27.5
Potato Red,1/12/2017,KG,24,26,25
Onion Dry (Indian),1/12/2017,KG,24,26,25
Cabbage(Local),1/12/2017,KG,20,25,22.5
Garlic Dry Chinese,1/12/2017,KG,340,350,345
Tomato Big(Nepali),1/13/2017,KG,20,25,22.5
Potato Red,1/13/2017,KG,24,26,25
Onion Dry (Indian),1/13/2017,KG,24,26,25
Cabbage(Local),1/13/2017,KG,20,25,22.5
Garlic Dry Chinese,1/13/2017,KG,340,350,345
Tomato Big(Nepali),1/14/2017,KG,20,25,22.5
Potato Red,1/14/2017,KG,24,26,25
Onion Dry (Indian),1/14/2017,KG,24,26,25
Cabbage(Local),1/14/2017,KG,18,24,21
Garlic Dry Chinese,1/14/2017,KG,340,350,345
Tomato Big(Nepali),1/15/2017,KG,20,25,22.5
Potato Red,1/15/2017,KG,24,26,25
Onion Dry (Indian),1/15/2017,KG,24,26,25
Cabbage(Local),1/15/2017,KG,20,25,22.5
Garlic Dry Chinese,1/15/2017,KG,340,350,345
Tomato Big(Nepali),1/16/2017,KG,25,30,27.5
Potato Red,1/16/2017,KG,24,26,25
Onion Dry (Indian),1/16/2017,KG,24,26,25
Cabbage(Local),1/16/2017,KG,20,22,21
Garlic Dry Chinese,1/16/2017,KG,340,350,345
Tomato Big(Nepali),1/17/2017,KG,25,30,27.5
Potato Red,1/17/2017,KG,24,26,25
Onion Dry (Indian),1/17/2017,KG,24,26,25
Cabbage(Local),1/17/2017,KG,20,22,21
Garlic Dry Chinese,1/17/2017,KG,340,350,345
Tomato Big(Nepali),1/18/2017,KG,40,50,45
Potato Red,1/18/2017,KG,40,50,45
Onion Dry (Indian),1/18/2017,KG,40,50,45
Cabbage(Local),1/18/2017,KG,30,40,35
Garlic Dry Chinese,1/18/2017,KG,360,400,380
Tomato Big(Nepali),1/19/2017,KG,35,40,37.5
Potato Red,1/19/2017,KG,24,26,25
Onion Dry (Indian),1/19/2017,KG,24,26,25
Cabbage(Local),1/19/2017,KG,18,20,19
Garlic Dry Chinese,1/19/2017,KG,340,350,345
Tomato Big(Nepali),1/20/2017,KG,35,40,37.5
Potato Red,1/20/2017,KG,24,26,25
Onion Dry (Indian),1/20/2017,KG,24,26,25
Cabbage(Local),1/20/2017,KG,15,18,16.5
Garlic Dry Chinese,1/20/2017,KG,340,350,345
Tomato Big(Nepali),1/21/2017,KG,35,40,37.5
Potato Red,1/21/2017,KG,24,26,25
Onion Dry (Indian),1/21/2017,KG,24,26,25
Cabbage(Local),1/21/2017,KG,18,20,19
Garlic Dry Chinese,1/21/2017,KG,340,350,345
Tomato Big(Nepali),1/22/2017,KG,35,40,37.5
Potato Red,1/22/2017,KG,24,26,25
Onion Dry (Indian),1/22/2017,KG,24,26,25
Cabbage(Local),1/22/2017,KG,15,20,17.5
Garlic Dry Chinese,1/22/2017,KG,340,350,345
Tomato Big(Nepali),1/23/2017,KG,35,40,37.5
Potato Red,1/23/2017,KG,24,26,25
Onion Dry (Indian),1/23/2017,KG,24,26,25
Cabbage(Local),1/23/2017,KG,15,20,17.5
Garlic Dry Chinese,1/23/2017,KG,340,350,345
Tomato Big(Nepali),1/24/2017,KG,35,40,37.5
Potato Red,1/24/2017,KG,24,26,25
Onion Dry (Indian),1/24/2017,KG,24,26,25
Cabbage(Local),1/24/2017,KG,15,20,17.5
Garlic Dry Chinese,1/24/2017,KG,340,350,345
Tomato Big(Nepali),1/25/2017,KG,35,40,37.5
Potato Red,1/25/2017,KG,24,26,25
Onion Dry (Indian),1/25/2017,KG,24,26,25
Cabbage(Local),1/25/2017,KG,15,20,17.5
Garlic Dry Chinese,1/25/2017,KG,340,350,345
Tomato Big(Nepali),1/26/2017,KG,30,35,32.5
Potato Red,1/26/2017,KG,20,22,21
Onion Dry (Indian),1/26/2017,KG,24,26,25
Cabbage(Local),1/26/2017,KG,15,20,17.5
Garlic Dry Chinese,1/26/2017,KG,340,350,345
Tomato Big(Nepali),1/27/2017,KG,30,35,32.5
Potato Red,1/27/2017,KG,20,22,21
Onion Dry (Indian),1/27/2017,KG,24,26,25
Cabbage(Local),1/27/2017,KG,15,20,17.5
Garlic Dry Chinese,1/27/2017,KG,340,350,345
Tomato Big(Nepali),1/28/2017,KG,28,32,30
Potato Red,1/28/2017,KG,20,22,21
Onion Dry (Indian),1/28/2017,KG,24,26,25
Cabbage(Local),1/28/2017,KG,15,20,17.5
Garlic Dry Chinese,1/28/2017,KG,340,350,345
Tomato Big(Nepali),1/29/2017,KG,28,32,30
Potato Red,1/29/2017,KG,20,22,21
Onion Dry (Indian),1/29/2017,KG,24,26,25
Cabbage(Local),1/29/2017,KG,15,20,17.5
Garlic Dry Chinese,1/29/2017,KG,340,350,345
Tomato Big(Nepali),1/30/2017,KG,30,35,32.5
Potato Red,1/30/2017,KG,20,22,21
Onion Dry (Indian),1/30/2017,KG,24,26,25
Cabbage(Local),1/30/2017,KG,14,18,16
Garlic Dry Chinese,1/30/2017,KG,340,350,345
Tomato Big(Nepali),1/31/2017,KG,25,30,27.5
Potato Red,1/31/2017,KG,20,22,21
Onion Dry (Indian),1/31/2017,KG,24,26,25
Cabbage(Local),1/31/2017,KG,20,22,21
Garlic Dry Chinese,1/31/2017,KG,340,350,345
Tomato Big(Nepali),2/1/2017,KG,30,35,32.5
Potato Red,2/1/2017,KG,20,22,21
Onion Dry (Indian),2/1/2017,KG,24,26,25
Cabbage(Local),2/1/2017,KG,18,20,19
Garlic Dry Chinese,2/1/2017,KG,340,350,345
Tomato Big(Nepali),2/2/2017,KG,30,35,32.5
Potato Red,2/2/2017,KG,20,22,21
Onion Dry (Indian),2/2/2017,KG,24,26,25
Cabbage(Local),2/2/2017,KG,18,20,19
Garlic Dry Chinese,2/2/2017,KG,340,350,345
Tomato Big(Nepali),2/3/2017,KG,30,35,32.5
Potato Red,2/3/2017,KG,20,22,21
Onion Dry (Indian),2/3/2017,KG,24,26,25
Cabbage(Local),2/3/2017,KG,15,18,16.5
Garlic Dry Chinese,2/3/2017,KG,340,350,345
Tomato Big(Nepali),2/4/2017,KG,25,30,27.5
Potato Red,2/4/2017,KG,20,22,21
Onion Dry (Indian),2/4/2017,KG,24,26,25
Cabbage(Local),2/4/2017,KG,15,18,16.5
Garlic Dry Chinese,2/4/2017,KG,340,350,345
Tomato Big(Nepali),2/5/2017,KG,30,35,32.5
Potato Red,2/5/2017,KG,20,22,21
Onion Dry (Indian),2/5/2017,KG,23,25,24
Cabbage(Local),2/5/2017,KG,15,17,16
Garlic Dry Chinese,2/5/2017,KG,340,350,345
Tomato Big(Nepali),2/6/2017,KG,20,25,22.5
Potato Red,2/6/2017,KG,20,25,22.5
Onion Dry (Indian),2/6/2017,KG,23,25,24
Cabbage(Local),2/6/2017,KG,10,15,12.5
Garlic Dry Chinese,2/6/2017,KG,340,350,345
Tomato Big(Nepali),2/7/2017,KG,25,30,27.5
Potato Red,2/7/2017,KG,20,22,21
Onion Dry (Indian),2/7/2017,KG,23,25,24
Cabbage(Local),2/7/2017,KG,10,12,11
Garlic Dry Chinese,2/7/2017,KG,340,350,345
Tomato Big(Nepali),2/8/2017,KG,25,30,27.5
Potato Red,2/8/2017,KG,20,25,22.5
Onion Dry (Indian),2/8/2017,KG,23,25,24
Cabbage(Local),2/8/2017,KG,10,15,12.5
Garlic Dry Chinese,2/8/2017,KG,340,350,345
Tomato Big(Nepali),2/9/2017,KG,25,30,27.5
Potato Red,2/9/2017,KG,20,22,21
Onion Dry (Indian),2/9/2017,KG,22,24,23
Cabbage(Local),2/9/2017,KG,12,15,13.5
Garlic Dry Chinese,2/9/2017,KG,340,350,345
Tomato Big(Nepali),2/10/2017,KG,25,30,27.5
Potato Red,2/10/2017,KG,20,22,21
Onion Dry (Indian),2/10/2017,KG,22,24,23
Cabbage(Local),2/10/2017,KG,12,15,13.5
Garlic Dry Chinese,2/10/2017,KG,340,350,345
Tomato Big(Nepali),2/11/2017,KG,25,30,27.5
Potato Red,2/11/2017,KG,20,22,21
Onion Dry (Indian),2/11/2017,KG,23,25,24
Cabbage(Local),2/11/2017,KG,10,15,12.5
Garlic Dry Chinese,2/11/2017,KG,340,350,345
Tomato Big(Nepali),2/12/2017,KG,25,30,27.5
Potato Red,2/12/2017,KG,20,22,21
Onion Dry (Indian),2/12/2017,KG,23,25,24
Cabbage(Local),2/12/2017,KG,15,20,17.5
Garlic Dry Chinese,2/12/2017,KG,340,350,345
Tomato Big(Nepali),2/13/2017,KG,25,30,27.5
Potato Red,2/13/2017,KG,20,22,21
Onion Dry (Indian),2/13/2017,KG,22,24,23
Cabbage(Local),2/13/2017,KG,15,17,16
Garlic Dry Chinese,2/13/2017,KG,340,350,345
Tomato Big(Nepali),2/14/2017,KG,25,30,27.5
Potato Red,2/14/2017,KG,20,22,21
Onion Dry (Indian),2/14/2017,KG,22,24,23
Cabbage(Local),2/14/2017,KG,15,20,17.5
Garlic Dry Chinese,2/14/2017,KG,340,350,345
Tomato Big(Nepali),2/15/2017,KG,25,30,27.5
Potato Red,2/15/2017,KG,20,22,21
Onion Dry (Indian),2/15/2017,KG,22,24,23
Cabbage(Local),2/15/2017,KG,15,17,16
Garlic Dry Chinese,2/15/2017,KG,340,350,345
Tomato Big(Nepali),2/16/2017,KG,25,30,27.5
Potato Red,2/16/2017,KG,20,22,21
Onion Dry (Indian),2/16/2017,KG,22,24,23
Cabbage(Local),2/16/2017,KG,15,17,16
Garlic Dry Chinese,2/16/2017,KG,340,350,345
Tomato Big(Nepali),2/17/2017,KG,25,30,27.5
Potato Red,2/17/2017,KG,20,22,21
Onion Dry (Indian),2/17/2017,KG,22,24,23
Cabbage(Local),2/17/2017,KG,15,17,16
Garlic Dry Chinese,2/17/2017,KG,340,350,345
Tomato Big(Nepali),2/18/2017,KG,25,30,27.5
Potato Red,2/18/2017,KG,20,22,21
Onion Dry (Indian),2/18/2017,KG,22,24,23
Cabbage(Local),2/18/2017,KG,15,18,16.5
Garlic Dry Chinese,2/18/2017,KG,340,350,345
Tomato Big(Nepali),2/19/2017,KG,30,35,32.5
Potato Red,2/19/2017,KG,18,20,19
Onion Dry (Indian),2/19/2017,KG,22,24,23
Cabbage(Local),2/19/2017,KG,12,15,13.5
Garlic Dry Chinese,2/19/2017,KG,340,350,345
Tomato Big(Nepali),2/20/2017,KG,30,35,32.5
Potato Red,2/20/2017,KG,18,20,19
Onion Dry (Indian),2/20/2017,KG,22,24,23
Cabbage(Local),2/20/2017,KG,10,12,11
Garlic Dry Chinese,2/20/2017,KG,340,350,345
Tomato Big(Nepali),2/21/2017,KG,30,35,32.5
Potato Red,2/21/2017,KG,18,20,19
Onion Dry (Indian),2/21/2017,KG,22,24,23
Cabbage(Local),2/21/2017,KG,10,12,11
Garlic Dry Chinese,2/21/2017,KG,340,350,345
Tomato Big(Nepali),2/22/2017,KG,25,30,27.5
Potato Red,2/22/2017,KG,18,20,19
Onion Dry (Indian),2/22/2017,KG,22,24,23
Cabbage(Local),2/22/2017,KG,10,12,11
Garlic Dry Chinese,2/22/2017,KG,340,350,345
Tomato Big(Nepali),2/23/2017,KG,25,30,27.5
Potato Red,2/23/2017,KG,18,20,19
Onion Dry (Indian),2/23/2017,KG,22,24,23
Cabbage(Local),2/23/2017,KG,10,12,11
Garlic Dry Chinese,2/23/2017,KG,340,350,345
Tomato Big(Nepali),2/25/2017,KG,25,30,27.5
Potato Red,2/25/2017,KG,18,20,19
Onion Dry (Indian),2/25/2017,KG,22,24,23
Cabbage(Local),2/25/2017,KG,10,12,11
Garlic Dry Chinese,2/25/2017,KG,340,350,345
Tomato Big(Nepali),2/26/2017,KG,25,30,27.5
Potato Red,2/26/2017,KG,18,20,19
Onion Dry (Indian),2/26/2017,KG,22,24,23
Cabbage(Local),2/26/2017,KG,12,15,13.5
Garlic Dry Chinese,2/26/2017,KG,340,350,345
Tomato Big(Nepali),2/27/2017,KG,20,25,22.5
Potato Red,2/27/2017,KG,18,20,19
Onion Dry (Indian),2/27/2017,KG,22,24,23
Cabbage(Local),2/27/2017,KG,10,12,11
Garlic Dry Chinese,2/27/2017,KG,340,350,345
Tomato Big(Nepali),2/28/2017,KG,25,30,27.5
Potato Red,2/28/2017,KG,18,20,19
Onion Dry (Indian),2/28/2017,KG,22,24,23
Cabbage(Local),2/28/2017,KG,10,12,11
Garlic Dry Chinese,2/28/2017,KG,340,350,345
Tomato Big(Nepali),3/1/2017,KG,25,30,27.5
Potato Red,3/1/2017,KG,18,20,19
Onion Dry (Indian),3/1/2017,KG,22,24,23
Cabbage(Local),3/1/2017,KG,10,12,11
Garlic Dry Chinese,3/1/2017,KG,330,340,335
Tomato Big(Nepali),3/2/2017,KG,20,25,22.5
Potato Red,3/2/2017,KG,18,20,19
Onion Dry (Indian),3/2/2017,KG,22,24,23
Cabbage(Local),3/2/2017,KG,10,12,11
Garlic Dry Chinese,3/2/2017,KG,320,330,325
Tomato Big(Nepali),3/4/2017,KG,20,25,22.5
Potato Red,3/4/2017,KG,18,20,19
Onion Dry (Indian),3/4/2017,KG,22,24,23
Cabbage(Local),3/4/2017,KG,14,18,16
Garlic Dry Chinese,3/4/2017,KG,320,330,325
Tomato Big(Nepali),3/5/2017,KG,25,30,27.5
Potato Red,3/5/2017,KG,18,20,19
Onion Dry (Indian),3/5/2017,KG,22,24,23
Cabbage(Local),3/5/2017,KG,10,12,11
Garlic Dry Chinese,3/5/2017,KG,330,340,335
Tomato Big(Nepali),3/6/2017,KG,25,30,27.5
Potato Red,3/6/2017,KG,18,20,19
Onion Dry (Indian),3/6/2017,KG,22,24,23
Cabbage(Local),3/6/2017,KG,10,12,11
Garlic Dry Chinese,3/6/2017,KG,330,340,335
Tomato Big(Nepali),3/7/2017,KG,25,30,27.5
Potato Red,3/7/2017,KG,16,18,17
Onion Dry (Indian),3/7/2017,KG,24,26,25
Cabbage(Local),3/7/2017,KG,10,12,11
Garlic Dry Chinese,3/7/2017,KG,300,310,305
Tomato Big(Nepali),3/8/2017,KG,25,30,27.5
Potato Red,3/8/2017,KG,16,18,17
Onion Dry (Indian),3/8/2017,KG,24,26,25
Cabbage(Local),3/8/2017,KG,12,15,13.5
Garlic Dry Chinese,3/8/2017,KG,300,310,305
Tomato Big(Nepali),3/9/2017,KG,25,30,27.5
Potato Red,3/9/2017,KG,16,18,17
Onion Dry (Indian),3/9/2017,KG,24,26,25
Cabbage(Local),3/9/2017,KG,10,12,11
Garlic Dry Chinese,3/9/2017,KG,300,310,305
Tomato Big(Nepali),3/10/2017,KG,25,30,27.5
Potato Red,3/10/2017,KG,16,18,17
Onion Dry (Indian),3/10/2017,KG,24,26,25
Cabbage(Local),3/10/2017,KG,10,12,11
Garlic Dry Chinese,3/10/2017,KG,300,310,305
Tomato Big(Nepali),3/11/2017,KG,25,30,27.5
Potato Red,3/11/2017,KG,16,18,17
Onion Dry (Indian),3/11/2017,KG,24,26,25
Cabbage(Local),3/11/2017,KG,18,20,19
Garlic Dry Chinese,3/11/2017,KG,300,310,305
Tomato Big(Nepali),3/13/2017,KG,25,30,27.5
Potato Red,3/13/2017,KG,18,20,19
Onion Dry (Indian),3/13/2017,KG,24,26,25
Cabbage(Local),3/13/2017,KG,20,22,21
Garlic Dry Chinese,3/13/2017,KG,300,310,305
Tomato Big(Nepali),3/14/2017,KG,25,30,27.5
Potato Red,3/14/2017,KG,18,20,19
Onion Dry (Indian),3/14/2017,KG,24,26,25
Cabbage(Local),3/14/2017,KG,18,20,19
Garlic Dry Chinese,3/14/2017,KG,300,310,305
Tomato Big(Nepali),3/15/2017,KG,25,30,27.5
Potato Red,3/15/2017,KG,18,20,19
Onion Dry (Indian),3/15/2017,KG,24,26,25
Cabbage(Local),3/15/2017,KG,18,20,19
Garlic Dry Chinese,3/15/2017,KG,300,310,305
Tomato Big(Nepali),3/16/2017,KG,25,30,27.5
Potato Red,3/16/2017,KG,18,20,19
Onion Dry (Indian),3/16/2017,KG,24,26,25
Cabbage(Local),3/16/2017,KG,15,20,17.5
Garlic Dry Chinese,3/16/2017,KG,300,310,305
Tomato Big(Nepali),3/17/2017,KG,25,30,27.5
Potato Red,3/17/2017,KG,18,20,19
Onion Dry (Indian),3/17/2017,KG,24,26,25
Cabbage(Local),3/17/2017,KG,18,20,19
Garlic Dry Chinese,3/17/2017,KG,280,290,285
Tomato Big(Nepali),3/18/2017,KG,25,30,27.5
Potato Red,3/18/2017,KG,18,20,19
Onion Dry (Indian),3/18/2017,KG,24,26,25
Cabbage(Local),3/18/2017,KG,18,20,19
Garlic Dry Chinese,3/18/2017,KG,280,290,285
Tomato Big(Nepali),3/19/2017,KG,25,30,27.5
Potato Red,3/19/2017,KG,18,20,19
Onion Dry (Indian),3/19/2017,KG,24,26,25
Cabbage(Local),3/19/2017,KG,18,20,19
Garlic Dry Chinese,3/19/2017,KG,280,290,285
Tomato Big(Nepali),3/20/2017,KG,25,30,27.5
Potato Red,3/20/2017,KG,18,20,19
Onion Dry (Indian),3/20/2017,KG,24,26,25
Cabbage(Local),3/20/2017,KG,12,15,13.5
Garlic Dry Chinese,3/20/2017,KG,280,290,285
Tomato Big(Nepali),3/21/2017,KG,25,30,27.5
Potato Red,3/21/2017,KG,14,16,15
Onion Dry (Indian),3/21/2017,KG,22,24,23
Cabbage(Local),3/21/2017,KG,10,12,11
Garlic Dry Chinese,3/21/2017,KG,280,290,285
Tomato Big(Nepali),3/22/2017,KG,25,30,27.5
Potato Red,3/22/2017,KG,14,16,15
Onion Dry (Indian),3/22/2017,KG,22,24,23
Cabbage(Local),3/22/2017,KG,10,12,11
Garlic Dry Chinese,3/22/2017,KG,280,290,285
Tomato Big(Nepali),3/23/2017,KG,25,30,27.5
Potato Red,3/23/2017,KG,14,16,15
Onion Dry (Indian),3/23/2017,KG,22,24,23
Cabbage(Local),3/23/2017,KG,10,12,11
Garlic Dry Chinese,3/23/2017,KG,280,290,285
Tomato Big(Nepali),3/24/2017,KG,25,30,27.5
Potato Red,3/24/2017,KG,14,16,15
Onion Dry (Indian),3/24/2017,KG,22,24,23
Cabbage(Local),3/24/2017,KG,10,12,11
Garlic Dry Chinese,3/24/2017,KG,280,290,285
Tomato Big(Nepali),3/25/2017,KG,25,30,27.5
Potato Red,3/25/2017,KG,14,16,15
Onion Dry (Indian),3/25/2017,KG,22,25,23.5
Cabbage(Local),3/25/2017,KG,10,14,12
Garlic Dry Chinese,3/25/2017,KG,280,285,282.5
Tomato Big(Nepali),3/26/2017,KG,25,30,27.5
Potato Red,3/26/2017,KG,14,16,15
Onion Dry (Indian),3/26/2017,KG,22,24,23
Cabbage(Local),3/26/2017,KG,10,12,11
Garlic Dry Chinese,3/26/2017,KG,280,290,285
Tomato Big(Nepali),3/27/2017,KG,25,30,27.5
Potato Red,3/27/2017,KG,14,16,15
Onion Dry (Indian),3/27/2017,KG,22,24,23
Cabbage(Local),3/27/2017,KG,10,12,11
Garlic Dry Chinese,3/27/2017,KG,280,285,282.5
Tomato Big(Nepali),3/28/2017,KG,25,30,27.5
Potato Red,3/28/2017,KG,14,16,15
Onion Dry (Indian),3/28/2017,KG,22,24,23
Cabbage(Local),3/28/2017,KG,10,12,11
Garlic Dry Chinese,3/28/2017,KG,280,290,285
Tomato Big(Nepali),3/29/2017,KG,25,30,27.5
Potato Red,3/29/2017,KG,14,16,15
Onion Dry (Indian),3/29/2017,KG,22,24,23
Cabbage(Local),3/29/2017,KG,10,15,12.5
Garlic Dry Chinese,3/29/2017,KG,280,290,285
Tomato Big(Nepali),3/30/2017,KG,25,30,27.5
Potato Red,3/30/2017,KG,14,16,15
Onion Dry (Indian),3/30/2017,KG,22,24,23
Cabbage(Local),3/30/2017,KG,10,12,11
Garlic Dry Chinese,3/30/2017,KG,270,280,275
Tomato Big(Nepali),3/31/2017,KG,25,30,27.5
Potato Red,3/31/2017,KG,14,16,15
Onion Dry (Indian),3/31/2017,KG,22,24,23
Cabbage(Local),3/31/2017,KG,10,12,11
Garlic Dry Chinese,3/31/2017,KG,270,280,275
Tomato Big(Nepali),4/1/2017,KG,25,30,27.5
Potato Red,4/1/2017,KG,14,16,15
Onion Dry (Indian),4/1/2017,KG,22,24,23
Cabbage(Local),4/1/2017,KG,10,12,11
Garlic Dry Chinese,4/1/2017,KG,270,280,275
Tomato Big(Nepali),4/2/2017,KG,25,30,27.5
Potato Red,4/2/2017,KG,14,16,15
Onion Dry (Indian),4/2/2017,KG,22,24,23
Cabbage(Local),4/2/2017,KG,10,12,11
Garlic Dry Chinese,4/2/2017,KG,270,280,275
Tomato Big(Nepali),4/3/2017,KG,25,30,27.5
Potato Red,4/3/2017,KG,15,17,16
Onion Dry (Indian),4/3/2017,KG,22,24,23
Cabbage(Local),4/3/2017,KG,10,12,11
Garlic Dry Chinese,4/3/2017,KG,270,280,275
Tomato Big(Nepali),4/4/2017,KG,25,30,27.5
Potato Red,4/4/2017,KG,15,17,16
Onion Dry (Indian),4/4/2017,KG,22,24,23
Cabbage(Local),4/4/2017,KG,10,12,11
Garlic Dry Chinese,4/4/2017,KG,270,280,275
Tomato Big(Nepali),4/5/2017,KG,30,35,32.5
Potato Red,4/5/2017,KG,15,17,16
Onion Dry (Indian),4/5/2017,KG,22,24,23
Cabbage(Local),4/5/2017,KG,10,12,11
Garlic Dry Chinese,4/5/2017,KG,270,280,275
Tomato Big(Nepali),4/6/2017,KG,30,35,32.5
Potato Red,4/6/2017,KG,15,17,16
Onion Dry (Indian),4/6/2017,KG,23,25,24
Cabbage(Local),4/6/2017,KG,10,12,11
Garlic Dry Chinese,4/6/2017,KG,270,280,275
Tomato Big(Nepali),4/7/2017,KG,30,35,32.5
Potato Red,4/7/2017,KG,15,17,16
Onion Dry (Indian),4/7/2017,KG,23,25,24
Cabbage(Local),4/7/2017,KG,10,12,11
Garlic Dry Chinese,4/7/2017,KG,260,270,265
Tomato Big(Nepali),4/8/2017,KG,30,35,32.5
Potato Red,4/8/2017,KG,15,17,16
Onion Dry (Indian),4/8/2017,KG,23,25,24
Cabbage(Local),4/8/2017,KG,10,16,13
Garlic Dry Chinese,4/8/2017,KG,260,270,265
Tomato Big(Nepali),4/9/2017,KG,30,35,32.5
Potato Red,4/9/2017,KG,16,18,17
Onion Dry (Indian),4/9/2017,KG,23,25,24
Cabbage(Local),4/9/2017,KG,10,12,11
Garlic Dry Chinese,4/9/2017,KG,260,270,265
Tomato Big(Nepali),4/10/2017,KG,25,30,27.5
Potato Red,4/10/2017,KG,16,18,17
Onion Dry (Indian),4/10/2017,KG,23,25,24
Cabbage(Local),4/10/2017,KG,10,15,12.5
Garlic Dry Chinese,4/10/2017,KG,260,270,265
Tomato Big(Nepali),4/11/2017,KG,25,30,27.5
Potato Red,4/11/2017,KG,16,18,17
Onion Dry (Indian),4/11/2017,KG,23,25,24
Cabbage(Local),4/11/2017,KG,10,15,12.5
Garlic Dry Chinese,4/11/2017,KG,260,270,265
Tomato Big(Nepali),4/12/2017,KG,25,30,27.5
Potato Red,4/12/2017,KG,16,18,17
Onion Dry (Indian),4/12/2017,KG,23,25,24
Cabbage(Local),4/12/2017,KG,8,15,11.5
Garlic Dry Chinese,4/12/2017,KG,260,270,265
Tomato Big(Nepali),4/13/2017,KG,25,30,27.5
Potato Red,4/13/2017,KG,16,18,17
Onion Dry (Indian),4/13/2017,KG,23,25,24
Cabbage(Local),4/13/2017,KG,8,15,11.5
Garlic Dry Chinese,4/13/2017,KG,260,270,265
Tomato Big(Nepali),4/14/2017,KG,30,35,32.5
Potato Red,4/14/2017,KG,16,18,17
Onion Dry (Indian),4/14/2017,KG,24,25,24.5
Cabbage(Local),4/14/2017,KG,10,15,12.5
Garlic Dry Chinese,4/14/2017,KG,260,270,265
Tomato Big(Nepali),4/15/2017,KG,28,32,30
Potato Red,4/15/2017,KG,16,18,17
Onion Dry (Indian),4/15/2017,KG,23,25,24
Cabbage(Local),4/15/2017,KG,12,18,15
Garlic Dry Chinese,4/15/2017,KG,260,270,265
Tomato Big(Nepali),4/16/2017,KG,25,30,27.5
Potato Red,4/16/2017,KG,23,25,24
Onion Dry (Indian),4/16/2017,KG,23,25,24
Cabbage(Local),4/16/2017,KG,10,12,11
Garlic Dry Chinese,4/16/2017,KG,330,340,335
Tomato Big(Nepali),4/17/2017,KG,25,30,27.5
Potato Red,4/17/2017,KG,22,24,23
Onion Dry (Indian),4/17/2017,KG,23,24,23.5
Cabbage(Local),4/17/2017,KG,12,14,13
Garlic Dry Chinese,4/17/2017,KG,330,340,335
Tomato Big(Nepali),4/18/2017,KG,30,35,32.5
Potato Red,4/18/2017,KG,23,25,24
Onion Dry (Indian),4/18/2017,KG,23,25,24
Cabbage(Local),4/18/2017,KG,10,12,11
Garlic Dry Chinese,4/18/2017,KG,330,340,335
Tomato Big(Nepali),4/19/2017,KG,30,35,32.5
Potato Red,4/19/2017,KG,23,25,24
Onion Dry (Indian),4/19/2017,KG,23,25,24
Cabbage(Local),4/19/2017,KG,10,12,11
Garlic Dry Chinese,4/19/2017,KG,330,340,335
Tomato Big(Nepali),4/20/2017,KG,30,35,32.5
Potato Red,4/20/2017,KG,23,25,24
Onion Dry (Indian),4/20/2017,KG,23,25,24
Cabbage(Local),4/20/2017,KG,10,12,11
Garlic Dry Chinese,4/20/2017,KG,330,340,335
Tomato Big(Nepali),4/21/2017,KG,25,30,27.5
Potato Red,4/21/2017,KG,23,25,24
Onion Dry (Indian),4/21/2017,KG,23,25,24
Cabbage(Local),4/21/2017,KG,10,12,11
Garlic Dry Chinese,4/21/2017,KG,330,340,335
Tomato Big(Nepali),4/22/2017,KG,25,30,27.5
Potato Red,4/22/2017,KG,23,25,24
Onion Dry (Indian),4/22/2017,KG,23,25,24
Cabbage(Local),4/22/2017,KG,10,15,12.5
Garlic Dry Chinese,4/22/2017,KG,330,340,335
Tomato Big(Nepali),4/23/2017,KG,30,35,32.5
Potato Red,4/23/2017,KG,23,25,24
Onion Dry (Indian),4/23/2017,KG,23,25,24
Cabbage(Local),4/23/2017,KG,10,12,11
Garlic Dry Chinese,4/23/2017,KG,330,340,335
Tomato Big(Nepali),4/24/2017,KG,30,35,32.5
Potato Red,4/24/2017,KG,23,25,24
Onion Dry (Indian),4/24/2017,KG,23,25,24
Cabbage(Local),4/24/2017,KG,10,12,11
Garlic Dry Chinese,4/24/2017,KG,330,340,335
Tomato Big(Nepali),4/25/2017,KG,25,30,27.5
Potato Red,4/25/2017,KG,22,24,23
Onion Dry (Indian),4/25/2017,KG,23,25,24
Cabbage(Local),4/25/2017,KG,10,12,11
Garlic Dry Chinese,4/25/2017,KG,330,340,335
Tomato Big(Nepali),4/26/2017,KG,25,30,27.5
Potato Red,4/26/2017,KG,22,24,23
Onion Dry (Indian),4/26/2017,KG,22,25,23.5
Cabbage(Local),4/26/2017,KG,10,15,12.5
Garlic Dry Chinese,4/26/2017,KG,330,340,335
Tomato Big(Nepali),4/27/2017,KG,25,30,27.5
Potato Red,4/27/2017,KG,22,24,23
Onion Dry (Indian),4/27/2017,KG,23,25,24
Cabbage(Local),4/27/2017,KG,10,12,11
Garlic Dry Chinese,4/27/2017,KG,330,340,335
Tomato Big(Nepali),4/28/2017,KG,25,30,27.5
Potato Red,4/28/2017,KG,22,24,23
Onion Dry (Indian),4/28/2017,KG,23,25,24
Cabbage(Local),4/28/2017,KG,10,12,11
Garlic Dry Chinese,4/28/2017,KG,330,340,335
Tomato Big(Nepali),4/29/2017,KG,25,30,27.5
Potato Red,4/29/2017,KG,22,24,23
Onion Dry (Indian),4/29/2017,KG,23,25,24
Cabbage(Local),4/29/2017,KG,10,15,12.5
Garlic Dry Chinese,4/29/2017,KG,320,340,330
Tomato Big(Nepali),4/30/2017,KG,25,30,27.5
Potato Red,4/30/2017,KG,20,22,21
Onion Dry (Indian),4/30/2017,KG,21,23,22
Cabbage(Local),4/30/2017,KG,10,12,11
Garlic Dry Chinese,4/30/2017,KG,370,380,375
Tomato Big(Nepali),5/1/2017,KG,30,35,32.5
Potato Red,5/1/2017,KG,20,22,21
Onion Dry (Indian),5/1/2017,KG,21,23,22
Cabbage(Local),5/1/2017,KG,10,15,12.5
Garlic Dry Chinese,5/1/2017,KG,370,380,375
Tomato Big(Nepali),5/2/2017,KG,30,35,32.5
Potato Red,5/2/2017,KG,20,22,21
Onion Dry (Indian),5/2/2017,KG,21,23,22
Cabbage(Local),5/2/2017,KG,18,20,19
Garlic Dry Chinese,5/2/2017,KG,370,380,375
Tomato Big(Nepali),5/3/2017,KG,30,35,32.5
Potato Red,5/3/2017,KG,20,22,21
Onion Dry (Indian),5/3/2017,KG,20,22,21
Cabbage(Local),5/3/2017,KG,10,15,12.5
Garlic Dry Chinese,5/3/2017,KG,390,400,395
Tomato Big(Nepali),5/4/2017,KG,25,30,27.5
Potato Red,5/4/2017,KG,20,22,21
Onion Dry (Indian),5/4/2017,KG,20,22,21
Cabbage(Local),5/4/2017,KG,12,15,13.5
Garlic Dry Chinese,5/4/2017,KG,390,400,395
Tomato Big(Nepali),5/5/2017,KG,25,30,27.5
Potato Red,5/5/2017,KG,20,22,21
Onion Dry (Indian),5/5/2017,KG,20,22,21
Cabbage(Local),5/5/2017,KG,12,15,13.5
Garlic Dry Chinese,5/5/2017,KG,390,400,395
Tomato Big(Nepali),5/6/2017,KG,30,35,32.5
Potato Red,5/6/2017,KG,20,22,21
Onion Dry (Indian),5/6/2017,KG,20,22,21
Cabbage(Local),5/6/2017,KG,12,15,13.5
Garlic Dry Chinese,5/6/2017,KG,390,400,395
Tomato Big(Nepali),5/7/2017,KG,25,30,27.5
Potato Red,5/7/2017,KG,20,22,21
Onion Dry (Indian),5/7/2017,KG,20,22,21
Cabbage(Local),5/7/2017,KG,12,15,13.5
Garlic Dry Chinese,5/7/2017,KG,390,400,395
Tomato Big(Nepali),5/8/2017,KG,25,30,27.5
Potato Red,5/8/2017,KG,20,22,21
Onion Dry (Indian),5/8/2017,KG,20,22,21
Cabbage(Local),5/8/2017,KG,10,12,11
Garlic Dry Chinese,5/8/2017,KG,390,400,395
Tomato Big(Nepali),5/9/2017,KG,25,30,27.5
Potato Red,5/9/2017,KG,20,22,21
Onion Dry (Indian),5/9/2017,KG,20,22,21
Cabbage(Local),5/9/2017,KG,10,12,11
Garlic Dry Chinese,5/9/2017,KG,390,400,395
Tomato Big(Nepali),5/10/2017,KG,30,35,32.5
Potato Red,5/10/2017,KG,20,22,21
Onion Dry (Indian),5/10/2017,KG,20,22,21
Cabbage(Local),5/10/2017,KG,10,12,11
Garlic Dry Chinese,5/10/2017,KG,390,400,395
Tomato Big(Nepali),5/11/2017,KG,40,45,42.5
Potato Red,5/11/2017,KG,20,22,21
Onion Dry (Indian),5/11/2017,KG,20,22,21
Cabbage(Local),5/11/2017,KG,10,18,14
Garlic Dry Chinese,5/11/2017,KG,390,400,395
Tomato Big(Nepali),5/12/2017,KG,40,50,45
Potato Red,5/12/2017,KG,20,22,21
Onion Dry (Indian),5/12/2017,KG,20,22,21
Cabbage(Local),5/12/2017,KG,10,18,14
Garlic Dry Chinese,5/12/2017,KG,390,400,395
Tomato Big(Nepali),5/13/2017,KG,40,50,45
Potato Red,5/13/2017,KG,20,22,21
Onion Dry (Indian),5/13/2017,KG,20,22,21
Cabbage(Local),5/13/2017,KG,15,20,17.5
Garlic Dry Chinese,5/13/2017,KG,390,400,395
Tomato Big(Nepali),5/15/2017,KG,40,45,42.5
Potato Red,5/15/2017,KG,20,22,21
Onion Dry (Indian),5/15/2017,KG,20,22,21
Cabbage(Local),5/15/2017,KG,20,30,25
Garlic Dry Chinese,5/15/2017,KG,390,400,395
Tomato Big(Nepali),5/16/2017,KG,40,45,42.5
Potato Red,5/16/2017,KG,20,22,21
Onion Dry (Indian),5/16/2017,KG,20,22,21
Cabbage(Local),5/16/2017,KG,20,28,24
Garlic Dry Chinese,5/16/2017,KG,390,400,395
Tomato Big(Nepali),5/17/2017,KG,40,50,45
Potato Red,5/17/2017,KG,20,22,21
Onion Dry (Indian),5/17/2017,KG,20,22,21
Cabbage(Local),5/17/2017,KG,15,20,17.5
Garlic Dry Chinese,5/17/2017,KG,380,400,390
Tomato Big(Nepali),5/18/2017,KG,40,45,42.5
Potato Red,5/18/2017,KG,20,22,21
Onion Dry (Indian),5/18/2017,KG,20,22,21
Cabbage(Local),5/18/2017,KG,12,15,13.5
Garlic Dry Chinese,5/18/2017,KG,370,380,375
Tomato Big(Nepali),5/19/2017,KG,45,50,47.5
Potato Red,5/19/2017,KG,20,22,21
Onion Dry (Indian),5/19/2017,KG,20,22,21
Cabbage(Local),5/19/2017,KG,15,20,17.5
Garlic Dry Chinese,5/19/2017,KG,370,380,375
Tomato Big(Nepali),5/20/2017,KG,45,50,47.5
Potato Red,5/20/2017,KG,20,22,21
Onion Dry (Indian),5/20/2017,KG,20,22,21
Cabbage(Local),5/20/2017,KG,15,20,17.5
Garlic Dry Chinese,5/20/2017,KG,370,380,375
Tomato Big(Nepali),5/21/2017,KG,35,40,37.5
Potato Red,5/21/2017,KG,20,22,21
Onion Dry (Indian),5/21/2017,KG,20,22,21
Cabbage(Local),5/21/2017,KG,12,15,13.5
Garlic Dry Chinese,5/21/2017,KG,370,380,375
Tomato Big(Nepali),5/22/2017,KG,35,40,37.5
Potato Red,5/22/2017,KG,20,22,21
Onion Dry (Indian),5/22/2017,KG,20,22,21
Cabbage(Local),5/22/2017,KG,12,15,13.5
Garlic Dry Chinese,5/22/2017,KG,370,380,375
Tomato Big(Nepali),5/23/2017,KG,30,35,32.5
Potato Red,5/23/2017,KG,20,22,21
Onion Dry (Indian),5/23/2017,KG,20,22,21
Cabbage(Local),5/23/2017,KG,12,15,13.5
Garlic Dry Chinese,5/23/2017,KG,370,380,375
Tomato Big(Nepali),5/24/2017,KG,30,35,32.5
Potato Red,5/24/2017,KG,20,22,21
Onion Dry (Indian),5/24/2017,KG,20,22,21
Cabbage(Local),5/24/2017,KG,12,15,13.5
Garlic Dry Chinese,5/24/2017,KG,370,380,375
Tomato Big(Nepali),5/25/2017,KG,30,35,32.5
Potato Red,5/25/2017,KG,20,22,21
Onion Dry (Indian),5/25/2017,KG,20,22,21
Cabbage(Local),5/25/2017,KG,12,15,13.5
Garlic Dry Chinese,5/25/2017,KG,370,380,375
Tomato Big(Nepali),5/26/2017,KG,30,35,32.5
Potato Red,5/26/2017,KG,20,22,21
Onion Dry (Indian),5/26/2017,KG,20,22,21
Cabbage(Local),5/26/2017,KG,12,15,13.5
Garlic Dry Chinese,5/26/2017,KG,370,380,375
Tomato Big(Nepali),5/27/2017,KG,30,35,32.5
Potato Red,5/27/2017,KG,20,22,21
Onion Dry (Indian),5/27/2017,KG,20,22,21
Cabbage(Local),5/27/2017,KG,12,15,13.5
Garlic Dry Chinese,5/27/2017,KG,370,380,375
Tomato Big(Nepali),5/28/2017,KG,30,35,32.5
Potato Red,5/28/2017,KG,20,22,21
Onion Dry (Indian),5/28/2017,KG,20,22,21
Cabbage(Local),5/28/2017,KG,12,15,13.5
Garlic Dry Chinese,5/28/2017,KG,370,380,375
Tomato Big(Nepali),5/29/2017,KG,30,35,32.5
Potato Red,5/29/2017,KG,20,22,21
Onion Dry (Indian),5/29/2017,KG,20,22,21
Cabbage(Local),5/29/2017,KG,12,14,13
Garlic Dry Chinese,5/29/2017,KG,370,380,375
Tomato Big(Nepali),5/30/2017,KG,30,35,32.5
Potato Red,5/30/2017,KG,20,22,21
Onion Dry (Indian),5/30/2017,KG,20,22,21
Cabbage(Local),5/30/2017,KG,12,15,13.5
Garlic Dry Chinese,5/30/2017,KG,350,360,355
Tomato Big(Nepali),5/31/2017,KG,40,45,42.5
Potato Red,5/31/2017,KG,20,22,21
Onion Dry (Indian),5/31/2017,KG,20,22,21
Cabbage(Local),5/31/2017,KG,12,15,13.5
Garlic Dry Chinese,5/31/2017,KG,350,360,355
Tomato Big(Nepali),6/1/2017,KG,40,45,42.5
Potato Red,6/1/2017,KG,20,22,21
Onion Dry (Indian),6/1/2017,KG,20,22,21
Cabbage(Local),6/1/2017,KG,12,15,13.5
Garlic Dry Chinese,6/1/2017,KG,350,360,355
Tomato Big(Nepali),6/2/2017,KG,35,40,37.5
Potato Red,6/2/2017,KG,20,22,21
Onion Dry (Indian),6/2/2017,KG,20,22,21
Cabbage(Local),6/2/2017,KG,15,17,16
Garlic Dry Chinese,6/2/2017,KG,350,360,355
Tomato Big(Nepali),6/3/2017,KG,35,40,37.5
Potato Red,6/3/2017,KG,20,22,21
Onion Dry (Indian),6/3/2017,KG,20,22,21
Cabbage(Local),6/3/2017,KG,15,18,16.5
Garlic Dry Chinese,6/3/2017,KG,350,360,355
Tomato Big(Nepali),6/4/2017,KG,45,50,47.5
Potato Red,6/4/2017,KG,20,22,21
Onion Dry (Indian),6/4/2017,KG,20,22,21
Cabbage(Local),6/4/2017,KG,18,20,19
Garlic Dry Chinese,6/4/2017,KG,350,360,355
Tomato Big(Nepali),6/5/2017,KG,45,50,47.5
Potato Red,6/5/2017,KG,20,22,21
Onion Dry (Indian),6/5/2017,KG,20,22,21
Cabbage(Local),6/5/2017,KG,18,20,19
Garlic Dry Chinese,6/5/2017,KG,350,360,355
Tomato Big(Nepali),6/6/2017,KG,50,55,52.5
Potato Red,6/6/2017,KG,20,22,21
Onion Dry (Indian),6/6/2017,KG,20,22,21
Cabbage(Local),6/6/2017,KG,18,20,19
Garlic Dry Chinese,6/6/2017,KG,350,360,355
Tomato Big(Nepali),6/7/2017,KG,55,60,57.5
Potato Red,6/7/2017,KG,20,22,21
Onion Dry (Indian),6/7/2017,KG,20,22,21
Cabbage(Local),6/7/2017,KG,15,18,16.5
Garlic Dry Chinese,6/7/2017,KG,330,340,335
Tomato Big(Nepali),6/8/2017,KG,50,55,52.5
Potato Red,6/8/2017,KG,21,23,22
Onion Dry (Indian),6/8/2017,KG,21,23,22
Cabbage(Local),6/8/2017,KG,15,20,17.5
Garlic Dry Chinese,6/8/2017,KG,330,340,335
Tomato Big(Nepali),6/9/2017,KG,45,50,47.5
Potato Red,6/9/2017,KG,21,23,22
Onion Dry (Indian),6/9/2017,KG,21,23,22
Cabbage(Local),6/9/2017,KG,18,20,19
Garlic Dry Chinese,6/9/2017,KG,330,340,335
Tomato Big(Nepali),6/10/2017,KG,45,50,47.5
Potato Red,6/10/2017,KG,21,23,22
Onion Dry (Indian),6/10/2017,KG,21,23,22
Cabbage(Local),6/10/2017,KG,16,20,18
Garlic Dry Chinese,6/10/2017,KG,330,340,335
Tomato Big(Nepali),6/11/2017,KG,45,50,47.5
Potato Red,6/11/2017,KG,21,23,22
Onion Dry (Indian),6/11/2017,KG,21,23,22
Cabbage(Local),6/11/2017,KG,12,15,13.5
Garlic Dry Chinese,6/11/2017,KG,330,340,335
Tomato Big(Nepali),6/12/2017,KG,45,50,47.5
Potato Red,6/12/2017,KG,20,23,21.5
Onion Dry (Indian),6/12/2017,KG,20,23,21.5
Cabbage(Local),6/12/2017,KG,13,15,14
Garlic Dry Chinese,6/12/2017,KG,330,340,335
Tomato Big(Nepali),6/13/2017,KG,40,45,42.5
Potato Red,6/13/2017,KG,20,23,21.5
Onion Dry (Indian),6/13/2017,KG,20,23,21.5
Cabbage(Local),6/13/2017,KG,12,15,13.5
Garlic Dry Chinese,6/13/2017,KG,330,340,335
Tomato Big(Nepali),6/14/2017,KG,40,45,42.5
Potato Red,6/14/2017,KG,20,23,21.5
Onion Dry (Indian),6/14/2017,KG,20,23,21.5
Cabbage(Local),6/14/2017,KG,12,18,15
Garlic Dry Chinese,6/14/2017,KG,330,340,335
Tomato Big(Nepali),6/15/2017,KG,40,45,42.5
Potato Red,6/15/2017,KG,20,23,21.5
Onion Dry (Indian),6/15/2017,KG,24,26,25
Cabbage(Local),6/15/2017,KG,12,18,15
Garlic Dry Chinese,6/15/2017,KG,320,340,330
Tomato Big(Nepali),6/16/2017,KG,40,45,42.5
Potato Red,6/16/2017,KG,20,23,21.5
Onion Dry (Indian),6/16/2017,KG,24,26,25
Cabbage(Local),6/16/2017,KG,15,20,17.5
Garlic Dry Chinese,6/16/2017,KG,330,340,335
Tomato Big(Nepali),6/17/2017,KG,40,45,42.5
Potato Red,6/17/2017,KG,20,23,21.5
Onion Dry (Indian),6/17/2017,KG,24,26,25
Cabbage(Local),6/17/2017,KG,15,20,17.5
Garlic Dry Chinese,6/17/2017,KG,330,340,335
Tomato Big(Nepali),6/18/2017,KG,35,40,37.5
Potato Red,6/18/2017,KG,20,22,21
Onion Dry (Indian),6/18/2017,KG,25,27,26
Cabbage(Local),6/18/2017,KG,15,19,17
Garlic Dry Chinese,6/18/2017,KG,240,250,245
Tomato Big(Nepali),6/19/2017,KG,35,40,37.5
Potato Red,6/19/2017,KG,20,22,21
Onion Dry (Indian),6/19/2017,KG,25,27,26
Cabbage(Local),6/19/2017,KG,15,20,17.5
Garlic Dry Chinese,6/19/2017,KG,240,250,245
Tomato Big(Nepali),6/20/2017,KG,35,40,37.5
Potato Red,6/20/2017,KG,20,22,21
Onion Dry (Indian),6/20/2017,KG,25,27,26
Cabbage(Local),6/20/2017,KG,12,15,13.5
Garlic Dry Chinese,6/20/2017,KG,240,250,245
Tomato Big(Nepali),6/21/2017,KG,35,40,37.5
Potato Red,6/21/2017,KG,20,22,21
Onion Dry (Indian),6/21/2017,KG,25,27,26
Cabbage(Local),6/21/2017,KG,15,20,17.5
Garlic Dry Chinese,6/21/2017,KG,240,250,245
Tomato Big(Nepali),6/22/2017,KG,35,40,37.5
Potato Red,6/22/2017,KG,25,27,26
Onion Dry (Indian),6/22/2017,KG,23,25,24
Cabbage(Local),6/22/2017,KG,15,20,17.5
Garlic Dry Chinese,6/22/2017,KG,220,230,225
Tomato Big(Nepali),6/23/2017,KG,50,55,52.5
Potato Red,6/23/2017,KG,25,27,26
Onion Dry (Indian),6/23/2017,KG,23,25,24
Cabbage(Local),6/23/2017,KG,18,20,19
Garlic Dry Chinese,6/23/2017,KG,220,230,225
Tomato Big(Nepali),6/24/2017,KG,50,55,52.5
Potato Red,6/24/2017,KG,25,27,26
Onion Dry (Indian),6/24/2017,KG,24,25,24.5
Cabbage(Local),6/24/2017,KG,18,20,19
Garlic Dry Chinese,6/24/2017,KG,220,230,225
Potato Red,6/25/2017,KG,24,26,25
Onion Dry (Indian),6/25/2017,KG,20,22,21
Cabbage(Local),6/25/2017,KG,18,20,19
Garlic Dry Chinese,6/25/2017,KG,190,200,195
Potato Red,6/26/2017,KG,24,26,25
Onion Dry (Indian),6/26/2017,KG,20,22,21
Cabbage(Local),6/26/2017,KG,18,20,19
Garlic Dry Chinese,6/26/2017,KG,190,200,195
Tomato Big(Nepali),6/27/2017,KG,40,45,42.5
Potato Red,6/27/2017,KG,23,25,24
Onion Dry (Indian),6/27/2017,KG,20,23,21.5
Cabbage(Local),6/27/2017,KG,15,20,17.5
Garlic Dry Chinese,6/27/2017,KG,190,200,195
Tomato Big(Nepali),6/28/2017,KG,40,45,42.5
Potato Red,6/28/2017,KG,24,28,26
Onion Dry (Indian),6/28/2017,KG,20,23,21.5
Cabbage(Local),6/28/2017,KG,18,20,19
Garlic Dry Chinese,6/28/2017,KG,190,200,195
Tomato Big(Nepali),6/29/2017,KG,40,45,42.5
Potato Red,6/29/2017,KG,24,26,25
Onion Dry (Indian),6/29/2017,KG,20,23,21.5
Cabbage(Local),6/29/2017,KG,18,20,19
Garlic Dry Chinese,6/29/2017,KG,190,200,195
Tomato Big(Nepali),6/30/2017,KG,35,40,37.5
Potato Red,6/30/2017,KG,24,26,25
Onion Dry (Indian),6/30/2017,KG,20,23,21.5
Cabbage(Local),6/30/2017,KG,18,20,19
Garlic Dry Chinese,6/30/2017,KG,190,200,195
Tomato Big(Nepali),7/1/2017,KG,35,40,37.5
Potato Red,7/1/2017,KG,24,26,25
Onion Dry (Indian),7/1/2017,KG,20,22,21
Cabbage(Local),7/1/2017,KG,18,20,19
Garlic Dry Chinese,7/1/2017,KG,190,200,195
Tomato Big(Nepali),7/2/2017,KG,35,40,37.5
Potato Red,7/2/2017,KG,24,26,25
Onion Dry (Indian),7/2/2017,KG,20,25,22.5
Cabbage(Local),7/2/2017,KG,18,20,19
Garlic Dry Chinese,7/2/2017,KG,190,200,195
Potato Red,7/3/2017,KG,24,26,25
Onion Dry (Indian),7/3/2017,KG,20,23,21.5
Cabbage(Local),7/3/2017,KG,18,20,19
Garlic Dry Chinese,7/3/2017,KG,190,200,195
Tomato Big(Nepali),7/4/2017,KG,45,50,47.5
Potato Red,7/4/2017,KG,23,25,24
Onion Dry (Indian),7/4/2017,KG,23,25,24
Cabbage(Local),7/4/2017,KG,15,20,17.5
Garlic Dry Chinese,7/4/2017,KG,190,200,195
Tomato Big(Nepali),7/5/2017,KG,50,60,55
Potato Red,7/5/2017,KG,23,25,24
Onion Dry (Indian),7/5/2017,KG,23,25,24
Cabbage(Local),7/5/2017,KG,15,20,17.5
Garlic Dry Chinese,7/5/2017,KG,190,200,195
Tomato Big(Nepali),7/6/2017,KG,40,50,45
Potato Red,7/6/2017,KG,24,26,25
Onion Dry (Indian),7/6/2017,KG,23,25,24
Cabbage(Local),7/6/2017,KG,15,20,17.5
Garlic Dry Chinese,7/6/2017,KG,190,200,195
Tomato Big(Nepali),7/7/2017,KG,45,50,47.5
Potato Red,7/7/2017,KG,24,26,25
Onion Dry (Indian),7/7/2017,KG,23,25,24
Cabbage(Local),7/7/2017,KG,10,12,11
Garlic Dry Chinese,7/7/2017,KG,190,200,195
Tomato Big(Nepali),7/8/2017,KG,45,50,47.5
Potato Red,7/8/2017,KG,24,26,25
Onion Dry (Indian),7/8/2017,KG,23,25,24
Cabbage(Local),7/8/2017,KG,10,12,11
Garlic Dry Chinese,7/8/2017,KG,190,200,195
Tomato Big(Nepali),7/9/2017,KG,40,45,42.5
Potato Red,7/9/2017,KG,25,27,26
Onion Dry (Indian),7/9/2017,KG,23,25,24
Cabbage(Local),7/9/2017,KG,18,20,19
Garlic Dry Chinese,7/9/2017,KG,190,200,195
Tomato Big(Nepali),7/10/2017,KG,35,40,37.5
Potato Red,7/10/2017,KG,25,27,26
Onion Dry (Indian),7/10/2017,KG,23,25,24
Cabbage(Local),7/10/2017,KG,15,20,17.5
Garlic Dry Chinese,7/10/2017,KG,190,200,195
Tomato Big(Nepali),7/11/2017,KG,35,40,37.5
Potato Red,7/11/2017,KG,25,27,26
Onion Dry (Indian),7/11/2017,KG,23,25,24
Cabbage(Local),7/11/2017,KG,15,20,17.5
Garlic Dry Chinese,7/11/2017,KG,190,200,195
Tomato Big(Nepali),7/12/2017,KG,45,50,47.5
Potato Red,7/12/2017,KG,25,27,26
Onion Dry (Indian),7/12/2017,KG,23,25,24
Cabbage(Local),7/12/2017,KG,15,20,17.5
Garlic Dry Chinese,7/12/2017,KG,190,200,195
Tomato Big(Nepali),7/13/2017,KG,40,45,42.5
Potato Red,7/13/2017,KG,25,27,26
Onion Dry (Indian),7/13/2017,KG,23,25,24
Cabbage(Local),7/13/2017,KG,12,15,13.5
Garlic Dry Chinese,7/13/2017,KG,190,200,195
Tomato Big(Nepali),7/14/2017,KG,40,45,42.5
Potato Red,7/14/2017,KG,25,27,26
Onion Dry (Indian),7/14/2017,KG,23,25,24
Cabbage(Local),7/14/2017,KG,15,20,17.5
Garlic Dry Chinese,7/14/2017,KG,190,200,195
Tomato Big(Nepali),7/15/2017,KG,40,45,42.5
Potato Red,7/15/2017,KG,25,27,26
Onion Dry (Indian),7/15/2017,KG,23,25,24
Cabbage(Local),7/15/2017,KG,12,15,13.5
Garlic Dry Chinese,7/15/2017,KG,190,200,195
Tomato Big(Nepali),7/16/2017,KG,40,45,42.5
Potato Red,7/16/2017,KG,25,27,26
Onion Dry (Indian),7/16/2017,KG,23,25,24
Cabbage(Local),7/16/2017,KG,12,15,13.5
Garlic Dry Chinese,7/16/2017,KG,190,200,195
Tomato Big(Nepali),7/17/2017,KG,40,45,42.5
Potato Red,7/17/2017,KG,24,26,25
Onion Dry (Indian),7/17/2017,KG,23,25,24
Cabbage(Local),7/17/2017,KG,12,15,13.5
Garlic Dry Chinese,7/17/2017,KG,190,200,195
Tomato Big(Nepali),7/18/2017,KG,40,45,42.5
Potato Red,7/18/2017,KG,25,27,26
Onion Dry (Indian),7/18/2017,KG,23,25,24
Cabbage(Local),7/18/2017,KG,12,15,13.5
Garlic Dry Chinese,7/18/2017,KG,190,200,195
Tomato Big(Nepali),7/19/2017,KG,40,45,42.5
Potato Red,7/19/2017,KG,25,27,26
Onion Dry (Indian),7/19/2017,KG,23,25,24
Cabbage(Local),7/19/2017,KG,15,20,17.5
Garlic Dry Chinese,7/19/2017,KG,190,200,195
Tomato Big(Nepali),7/20/2017,KG,35,40,37.5
Potato Red,7/20/2017,KG,25,27,26
Onion Dry (Indian),7/20/2017,KG,23,25,24
Cabbage(Local),7/20/2017,KG,12,15,13.5
Garlic Dry Chinese,7/20/2017,KG,190,200,195
Tomato Big(Nepali),7/21/2017,KG,40,45,42.5
Potato Red,7/21/2017,KG,25,27,26
Onion Dry (Indian),7/21/2017,KG,23,25,24
Cabbage(Local),7/21/2017,KG,15,20,17.5
Garlic Dry Chinese,7/21/2017,KG,190,200,195
Tomato Big(Nepali),7/22/2017,KG,40,45,42.5
Potato Red,7/22/2017,KG,25,27,26
Onion Dry (Indian),7/22/2017,KG,23,25,24
Cabbage(Local),7/22/2017,KG,15,20,17.5
Garlic Dry Chinese,7/22/2017,KG,190,200,195
Tomato Big(Nepali),7/23/2017,KG,35,40,37.5
Potato Red,7/23/2017,KG,25,27,26
Onion Dry (Indian),7/23/2017,KG,23,25,24
Cabbage(Local),7/23/2017,KG,12,15,13.5
Garlic Dry Chinese,7/23/2017,KG,190,200,195
Tomato Big(Nepali),7/24/2017,KG,35,40,37.5
Potato Red,7/24/2017,KG,25,27,26
Onion Dry (Indian),7/24/2017,KG,25,27,26
Cabbage(Local),7/24/2017,KG,12,15,13.5
Garlic Dry Chinese,7/24/2017,KG,190,200,195
Tomato Big(Nepali),7/25/2017,KG,35,40,37.5
Potato Red,7/25/2017,KG,25,27,26
Onion Dry (Indian),7/25/2017,KG,25,27,26
Cabbage(Local),7/25/2017,KG,12,15,13.5
Garlic Dry Chinese,7/25/2017,KG,190,200,195
Tomato Big(Nepali),7/26/2017,KG,40,45,42.5
Potato Red,7/26/2017,KG,25,28,26.5
Onion Dry (Indian),7/26/2017,KG,25,27,26
Cabbage(Local),7/26/2017,KG,12,15,13.5
Garlic Dry Chinese,7/26/2017,KG,190,200,195
Tomato Big(Nepali),7/27/2017,KG,40,50,45
Potato Red,7/27/2017,KG,25,27,26
Onion Dry (Indian),7/27/2017,KG,25,27,26
Cabbage(Local),7/27/2017,KG,12,15,13.5
Garlic Dry Chinese,7/27/2017,KG,190,200,195
Tomato Big(Nepali),7/28/2017,KG,45,50,47.5
Potato Red,7/28/2017,KG,25,27,26
Onion Dry (Indian),7/28/2017,KG,25,27,26
Cabbage(Local),7/28/2017,KG,12,15,13.5
Garlic Dry Chinese,7/28/2017,KG,190,200,195
Tomato Big(Nepali),7/29/2017,KG,45,50,47.5
Potato Red,7/29/2017,KG,25,27,26
Onion Dry (Indian),7/29/2017,KG,25,27,26
Cabbage(Local),7/29/2017,KG,12,15,13.5
Garlic Dry Chinese,7/29/2017,KG,190,200,195
Tomato Big(Nepali),7/30/2017,KG,50,55,52.5
Potato Red,7/30/2017,KG,26,28,27
Onion Dry (Indian),7/30/2017,KG,35,37,36
Cabbage(Local),7/30/2017,KG,12,15,13.5
Garlic Dry Chinese,7/30/2017,KG,190,200,195
Tomato Big(Nepali),7/31/2017,KG,50,55,52.5
Potato Red,7/31/2017,KG,26,28,27
Onion Dry (Indian),7/31/2017,KG,35,37,36
Cabbage(Local),7/31/2017,KG,12,15,13.5
Garlic Dry Chinese,7/31/2017,KG,190,200,195
Tomato Big(Nepali),8/1/2017,KG,50,55,52.5
Potato Red,8/1/2017,KG,26,28,27
Onion Dry (Indian),8/1/2017,KG,33,35,34
Cabbage(Local),8/1/2017,KG,12,15,13.5
Garlic Dry Chinese,8/1/2017,KG,190,200,195
Tomato Big(Nepali),8/2/2017,KG,50,55,52.5
Potato Red,8/2/2017,KG,26,28,27
Onion Dry (Indian),8/2/2017,KG,33,35,34
Cabbage(Local),8/2/2017,KG,12,15,13.5
Garlic Dry Chinese,8/2/2017,KG,190,200,195
Tomato Big(Nepali),8/3/2017,KG,50,55,52.5
Potato Red,8/3/2017,KG,30,33,31.5
Onion Dry (Indian),8/3/2017,KG,35,40,37.5
Cabbage(Local),8/3/2017,KG,12,15,13.5
Garlic Dry Chinese,8/3/2017,KG,190,200,195
Tomato Big(Nepali),8/4/2017,KG,50,55,52.5
Potato Red,8/4/2017,KG,30,33,31.5
Onion Dry (Indian),8/4/2017,KG,35,40,37.5
Cabbage(Local),8/4/2017,KG,12,15,13.5
Garlic Dry Chinese,8/4/2017,KG,190,200,195
Tomato Big(Nepali),8/5/2017,KG,50,55,52.5
Potato Red,8/5/2017,KG,30,33,31.5
Onion Dry (Indian),8/5/2017,KG,48,50,49
Cabbage(Local),8/5/2017,KG,12,15,13.5
Garlic Dry Chinese,8/5/2017,KG,190,200,195
Tomato Big(Nepali),8/6/2017,KG,50,55,52.5
Potato Red,8/6/2017,KG,30,33,31.5
Onion Dry (Indian),8/6/2017,KG,48,50,49
Cabbage(Local),8/6/2017,KG,14,18,16
Garlic Dry Chinese,8/6/2017,KG,190,200,195
Potato Red,8/7/2017,KG,30,33,31.5
Onion Dry (Indian),8/7/2017,KG,48,50,49
Cabbage(Local),8/7/2017,KG,12,15,13.5
Garlic Dry Chinese,8/7/2017,KG,190,200,195
Potato Red,8/8/2017,KG,30,32,31
Onion Dry (Indian),8/8/2017,KG,48,50,49
Cabbage(Local),8/8/2017,KG,12,14,13
Garlic Dry Chinese,8/8/2017,KG,170,180,175
Potato Red,8/9/2017,KG,30,33,31.5
Onion Dry (Indian),8/9/2017,KG,53,55,54
Cabbage(Local),8/9/2017,KG,14,16,15
Garlic Dry Chinese,8/9/2017,KG,190,200,195
Potato Red,8/10/2017,KG,30,33,31.5
Onion Dry (Indian),8/10/2017,KG,53,55,54
Cabbage(Local),8/10/2017,KG,14,16,15
Garlic Dry Chinese,8/10/2017,KG,170,180,175
Potato Red,8/11/2017,KG,30,33,31.5
Onion Dry (Indian),8/11/2017,KG,53,55,54
Cabbage(Local),8/11/2017,KG,15,17,16
Garlic Dry Chinese,8/11/2017,KG,170,180,175
Potato Red,8/12/2017,KG,30,33,31.5
Onion Dry (Indian),8/12/2017,KG,53,55,54
Cabbage(Local),8/12/2017,KG,15,17,16
Garlic Dry Chinese,8/12/2017,KG,170,180,175
Potato Red,8/13/2017,KG,30,33,31.5
Onion Dry (Indian),8/13/2017,KG,53,55,54
Cabbage(Local),8/13/2017,KG,20,25,22.5
Garlic Dry Chinese,8/13/2017,KG,170,180,175
Potato Red,8/14/2017,KG,30,35,32.5
Onion Dry (Indian),8/14/2017,KG,50,55,52.5
Cabbage(Local),8/14/2017,KG,25,30,27.5
Garlic Dry Chinese,8/14/2017,KG,170,180,175
Potato Red,8/15/2017,KG,30,33,31.5
Onion Dry (Indian),8/15/2017,KG,53,55,54
Cabbage(Local),8/15/2017,KG,15,20,17.5
Garlic Dry Chinese,8/15/2017,KG,170,180,175
Potato Red,8/16/2017,KG,30,33,31.5
Onion Dry (Indian),8/16/2017,KG,53,55,54
Cabbage(Local),8/16/2017,KG,18,20,19
Garlic Dry Chinese,8/16/2017,KG,170,180,175
Potato Red,8/17/2017,KG,32,35,33.5
Onion Dry (Indian),8/17/2017,KG,53,55,54
Cabbage(Local),8/17/2017,KG,23,25,24
Garlic Dry Chinese,8/17/2017,KG,170,180,175
Potato Red,8/18/2017,KG,33,35,34
Onion Dry (Indian),8/18/2017,KG,53,55,54
Cabbage(Local),8/18/2017,KG,23,25,24
Garlic Dry Chinese,8/18/2017,KG,170,180,175
Potato Red,8/19/2017,KG,33,35,34
Onion Dry (Indian),8/19/2017,KG,53,55,54
Cabbage(Local),8/19/2017,KG,23,25,24
Garlic Dry Chinese,8/19/2017,KG,170,180,175
Potato Red,8/20/2017,KG,33,35,34
Onion Dry (Indian),8/20/2017,KG,51,53,52
Cabbage(Local),8/20/2017,KG,20,23,21.5
Garlic Dry Chinese,8/20/2017,KG,170,180,175
Tomato Big(Nepali),8/21/2017,KG,95,100,97.5
Potato Red,8/21/2017,KG,33,35,34
Onion Dry (Indian),8/21/2017,KG,50,53,51.5
Cabbage(Local),8/21/2017,KG,23,25,24
Garlic Dry Chinese,8/21/2017,KG,170,180,175
Tomato Big(Nepali),8/22/2017,KG,100,110,105
Potato Red,8/22/2017,KG,33,35,34
Onion Dry (Indian),8/22/2017,KG,50,53,51.5
Cabbage(Local),8/22/2017,KG,25,27,26
Garlic Dry Chinese,8/22/2017,KG,170,180,175
Tomato Big(Nepali),8/23/2017,KG,90,100,95
Potato Red,8/23/2017,KG,33,35,34
Onion Dry (Indian),8/23/2017,KG,50,52,51
Cabbage(Local),8/23/2017,KG,28,30,29
Garlic Dry Chinese,8/23/2017,KG,170,180,175
Tomato Big(Nepali),8/24/2017,KG,95,100,97.5
Potato Red,8/24/2017,KG,33,35,34
Onion Dry (Indian),8/24/2017,KG,50,53,51.5
Cabbage(Local),8/24/2017,KG,28,30,29
Garlic Dry Chinese,8/24/2017,KG,170,180,175
Tomato Big(Nepali),8/25/2017,KG,95,100,97.5
Potato Red,8/25/2017,KG,33,35,34
Onion Dry (Indian),8/25/2017,KG,50,52,51
Cabbage(Local),8/25/2017,KG,28,30,29
Garlic Dry Chinese,8/25/2017,KG,170,180,175
Tomato Big(Nepali),8/26/2017,KG,95,100,97.5
Potato Red,8/26/2017,KG,33,35,34
Onion Dry (Indian),8/26/2017,KG,50,52,51
Cabbage(Local),8/26/2017,KG,28,30,29
Garlic Dry Chinese,8/26/2017,KG,170,180,175
Tomato Big(Nepali),8/27/2017,KG,95,100,97.5
Potato Red,8/27/2017,KG,30,33,31.5
Onion Dry (Indian),8/27/2017,KG,48,50,49
Cabbage(Local),8/27/2017,KG,26,28,27
Garlic Dry Chinese,8/27/2017,KG,170,180,175
Tomato Big(Nepali),8/28/2017,KG,85,90,87.5
Potato Red,8/28/2017,KG,30,33,31.5
Onion Dry (Indian),8/28/2017,KG,48,50,49
Cabbage(Local),8/28/2017,KG,28,30,29
Garlic Dry Chinese,8/28/2017,KG,170,180,175
Tomato Big(Nepali),8/29/2017,KG,80,90,85
Potato Red,8/29/2017,KG,30,32,31
Onion Dry (Indian),8/29/2017,KG,45,47,46
Cabbage(Local),8/29/2017,KG,25,27,26
Garlic Dry Chinese,8/29/2017,KG,170,180,175
Tomato Big(Nepali),8/30/2017,KG,75,80,77.5
Potato Red,8/30/2017,KG,30,32,31
Onion Dry (Indian),8/30/2017,KG,43,45,44
Cabbage(Local),8/30/2017,KG,20,25,22.5
Garlic Dry Chinese,8/30/2017,KG,170,180,175
Tomato Big(Nepali),8/31/2017,KG,75,80,77.5
Potato Red,8/31/2017,KG,30,33,31.5
Onion Dry (Indian),8/31/2017,KG,43,45,44
Cabbage(Local),8/31/2017,KG,25,27,26
Garlic Dry Chinese,8/31/2017,KG,170,180,175
Tomato Big(Nepali),9/1/2017,KG,85,90,87.5
Potato Red,9/1/2017,KG,30,35,32.5
Onion Dry (Indian),9/1/2017,KG,43,45,44
Cabbage(Local),9/1/2017,KG,25,27,26
Garlic Dry Chinese,9/1/2017,KG,170,180,175
Tomato Big(Nepali),9/2/2017,KG,85,90,87.5
Potato Red,9/2/2017,KG,30,33,31.5
Onion Dry (Indian),9/2/2017,KG,43,45,44
Cabbage(Local),9/2/2017,KG,25,28,26.5
Garlic Dry Chinese,9/2/2017,KG,170,180,175
Tomato Big(Nepali),9/3/2017,KG,80,90,85
Potato Red,9/3/2017,KG,30,33,31.5
Onion Dry (Indian),9/3/2017,KG,43,45,44
Cabbage(Local),9/3/2017,KG,27,30,28.5
Garlic Dry Chinese,9/3/2017,KG,170,180,175
Tomato Big(Nepali),9/4/2017,KG,75,80,77.5
Potato Red,9/4/2017,KG,30,33,31.5
Onion Dry (Indian),9/4/2017,KG,43,45,44
Cabbage(Local),9/4/2017,KG,27,30,28.5
Garlic Dry Chinese,9/4/2017,KG,170,180,175
Tomato Big(Nepali),9/5/2017,KG,65,70,67.5
Potato Red,9/5/2017,KG,30,33,31.5
Onion Dry (Indian),9/5/2017,KG,43,45,44
Cabbage(Local),9/5/2017,KG,27,30,28.5
Garlic Dry Chinese,9/5/2017,KG,170,180,175
Tomato Big(Nepali),9/6/2017,KG,65,70,67.5
Potato Red,9/6/2017,KG,30,33,31.5
Onion Dry (Indian),9/6/2017,KG,43,45,44
Cabbage(Local),9/6/2017,KG,27,30,28.5
Garlic Dry Chinese,9/6/2017,KG,170,180,175
Tomato Big(Nepali),9/7/2017,KG,65,70,67.5
Potato Red,9/7/2017,KG,30,33,31.5
Onion Dry (Indian),9/7/2017,KG,43,45,44
Cabbage(Local),9/7/2017,KG,28,30,29
Garlic Dry Chinese,9/7/2017,KG,170,180,175
Tomato Big(Nepali),9/8/2017,KG,65,70,67.5
Potato Red,9/8/2017,KG,30,33,31.5
Onion Dry (Indian),9/8/2017,KG,43,45,44
Cabbage(Local),9/8/2017,KG,30,35,32.5
Garlic Dry Chinese,9/8/2017,KG,170,180,175
Tomato Big(Nepali),9/9/2017,KG,65,70,67.5
Potato Red,9/9/2017,KG,30,33,31.5
Onion Dry (Indian),9/9/2017,KG,43,45,44
Cabbage(Local),9/9/2017,KG,30,35,32.5
Garlic Dry Chinese,9/9/2017,KG,170,180,175
Tomato Big(Nepali),9/10/2017,KG,65,70,67.5
Potato Red,9/10/2017,KG,30,32,31
Onion Dry (Indian),9/10/2017,KG,40,42,41
Cabbage(Local),9/10/2017,KG,40,45,42.5
Garlic Dry Chinese,9/10/2017,KG,170,180,175
Tomato Big(Nepali),9/11/2017,KG,55,60,57.5
Potato Red,9/11/2017,KG,30,32,31
Onion Dry (Indian),9/11/2017,KG,40,43,41.5
Cabbage(Local),9/11/2017,KG,45,50,47.5
Garlic Dry Chinese,9/11/2017,KG,170,180,175
Tomato Big(Nepali),9/12/2017,KG,45,50,47.5
Potato Red,9/12/2017,KG,30,32,31
Onion Dry (Indian),9/12/2017,KG,40,42,41
Cabbage(Local),9/12/2017,KG,40,45,42.5
Garlic Dry Chinese,9/12/2017,KG,170,180,175
Tomato Big(Nepali),9/13/2017,KG,45,50,47.5
Potato Red,9/13/2017,KG,30,33,31.5
Onion Dry (Indian),9/13/2017,KG,40,42,41
Cabbage(Local),9/13/2017,KG,40,45,42.5
Garlic Dry Chinese,9/13/2017,KG,170,180,175
Tomato Big(Nepali),9/14/2017,KG,45,50,47.5
Potato Red,9/14/2017,KG,30,33,31.5
Onion Dry (Indian),9/14/2017,KG,40,43,41.5
Cabbage(Local),9/14/2017,KG,55,60,57.5
Garlic Dry Chinese,9/14/2017,KG,170,180,175
Tomato Big(Nepali),9/15/2017,KG,45,50,47.5
Potato Red,9/15/2017,KG,30,33,31.5
Onion Dry (Indian),9/15/2017,KG,38,40,39
Cabbage(Local),9/15/2017,KG,50,55,52.5
Garlic Dry Chinese,9/15/2017,KG,170,180,175
Tomato Big(Nepali),9/16/2017,KG,45,50,47.5
Potato Red,9/16/2017,KG,30,33,31.5
Onion Dry (Indian),9/16/2017,KG,38,40,39
Cabbage(Local),9/16/2017,KG,50,55,52.5
Garlic Dry Chinese,9/16/2017,KG,170,180,175
Tomato Big(Nepali),9/17/2017,KG,45,50,47.5
Potato Red,9/17/2017,KG,30,32,31
Onion Dry (Indian),9/17/2017,KG,39,41,40
Cabbage(Local),9/17/2017,KG,43,45,44
Garlic Dry Chinese,9/17/2017,KG,170,180,175
Tomato Big(Nepali),9/18/2017,KG,50,55,52.5
Potato Red,9/18/2017,KG,30,32,31
Onion Dry (Indian),9/18/2017,KG,39,41,40
Cabbage(Local),9/18/2017,KG,40,45,42.5
Garlic Dry Chinese,9/18/2017,KG,170,180,175
Tomato Big(Nepali),9/20/2017,KG,55,60,57.5
Potato Red,9/20/2017,KG,30,32,31
Onion Dry (Indian),9/20/2017,KG,38,40,39
Cabbage(Local),9/20/2017,KG,44,46,45
Garlic Dry Chinese,9/20/2017,KG,170,180,175
Tomato Big(Nepali),9/21/2017,KG,50,60,55
Potato Red,9/21/2017,KG,30,32,31
Onion Dry (Indian),9/21/2017,KG,38,40,39
Cabbage(Local),9/21/2017,KG,40,45,42.5
Garlic Dry Chinese,9/21/2017,KG,170,180,175
Tomato Big(Nepali),9/22/2017,KG,60,65,62.5
Potato Red,9/22/2017,KG,30,32,31
Onion Dry (Indian),9/22/2017,KG,40,42,41
Cabbage(Local),9/22/2017,KG,43,45,44
Garlic Dry Chinese,9/22/2017,KG,170,180,175
Tomato Big(Nepali),9/23/2017,KG,60,65,62.5
Potato Red,9/23/2017,KG,30,32,31
Onion Dry (Indian),9/23/2017,KG,40,42,41
Cabbage(Local),9/23/2017,KG,43,48,45.5
Garlic Dry Chinese,9/23/2017,KG,170,180,175
Tomato Big(Nepali),9/24/2017,KG,45,50,47.5
Potato Red,9/24/2017,KG,30,32,31
Onion Dry (Indian),9/24/2017,KG,40,42,41
Cabbage(Local),9/24/2017,KG,50,55,52.5
Garlic Dry Chinese,9/24/2017,KG,170,180,175
Tomato Big(Nepali),9/25/2017,KG,45,50,47.5
Potato Red,9/25/2017,KG,30,32,31
Onion Dry (Indian),9/25/2017,KG,40,42,41
Cabbage(Local),9/25/2017,KG,40,45,42.5
Garlic Dry Chinese,9/25/2017,KG,170,180,175
Tomato Big(Nepali),9/26/2017,KG,45,50,47.5
Potato Red,9/26/2017,KG,30,32,31
Onion Dry (Indian),9/26/2017,KG,40,42,41
Cabbage(Local),9/26/2017,KG,40,45,42.5
Garlic Dry Chinese,9/26/2017,KG,170,180,175
Tomato Big(Nepali),9/27/2017,KG,45,50,47.5
Potato Red,9/27/2017,KG,30,32,31
Onion Dry (Indian),9/27/2017,KG,40,42,41
Cabbage(Local),9/27/2017,KG,40,45,42.5
Garlic Dry Chinese,9/27/2017,KG,170,180,175
Tomato Big(Nepali),9/28/2017,KG,45,50,47.5
Potato Red,9/28/2017,KG,30,32,31
Onion Dry (Indian),9/28/2017,KG,40,42,41
Cabbage(Local),9/28/2017,KG,40,45,42.5
Garlic Dry Chinese,9/28/2017,KG,170,180,175
Tomato Big(Nepali),9/29/2017,KG,45,50,47.5
Potato Red,9/29/2017,KG,30,34,32
Onion Dry (Indian),9/29/2017,KG,40,42,41
Cabbage(Local),9/29/2017,KG,45,50,47.5
Garlic Dry Chinese,9/29/2017,KG,170,180,175
Tomato Big(Nepali),9/30/2017,KG,45,50,47.5
Potato Red,9/30/2017,KG,30,34,32
Onion Dry (Indian),9/30/2017,KG,40,42,41
Cabbage(Local),9/30/2017,KG,50,55,52.5
Garlic Dry Chinese,9/30/2017,KG,170,180,175
Tomato Big(Nepali),10/1/2017,KG,40,45,42.5
Potato Red,10/1/2017,KG,30,34,32
Onion Dry (Indian),10/1/2017,KG,40,42,41
Cabbage(Local),10/1/2017,KG,45,50,47.5
Garlic Dry Chinese,10/1/2017,KG,170,180,175
Tomato Big(Nepali),10/2/2017,KG,45,50,47.5
Potato Red,10/2/2017,KG,30,32,31
Onion Dry (Indian),10/2/2017,KG,40,42,41
Cabbage(Local),10/2/2017,KG,50,55,52.5
Garlic Dry Chinese,10/2/2017,KG,170,180,175
Tomato Big(Nepali),10/3/2017,KG,45,50,47.5
Potato Red,10/3/2017,KG,30,32,31
Onion Dry (Indian),10/3/2017,KG,40,42,41
Cabbage(Local),10/3/2017,KG,45,50,47.5
Garlic Dry Chinese,10/3/2017,KG,170,180,175
Tomato Big(Nepali),10/4/2017,KG,45,50,47.5
Potato Red,10/4/2017,KG,30,32,31
Onion Dry (Indian),10/4/2017,KG,40,42,41
Cabbage(Local),10/4/2017,KG,45,50,47.5
Garlic Dry Chinese,10/4/2017,KG,170,180,175
Tomato Big(Nepali),10/5/2017,KG,40,45,42.5
Potato Red,10/5/2017,KG,30,34,32
Onion Dry (Indian),10/5/2017,KG,40,43,41.5
Cabbage(Local),10/5/2017,KG,40,42,41
Garlic Dry Chinese,10/5/2017,KG,170,180,175
Tomato Big(Nepali),10/6/2017,KG,40,45,42.5
Potato Red,10/6/2017,KG,31,33,32
Onion Dry (Indian),10/6/2017,KG,41,44,42.5
Cabbage(Local),10/6/2017,KG,40,45,42.5
Garlic Dry Chinese,10/6/2017,KG,170,180,175
Tomato Big(Nepali),10/7/2017,KG,40,45,42.5
Potato Red,10/7/2017,KG,31,33,32
Onion Dry (Indian),10/7/2017,KG,40,44,42
Cabbage(Local),10/7/2017,KG,40,45,42.5
Garlic Dry Chinese,10/7/2017,KG,170,180,175
Tomato Big(Nepali),10/8/2017,KG,55,60,57.5
Potato Red,10/8/2017,KG,33,35,34
Onion Dry (Indian),10/8/2017,KG,48,50,49
Cabbage(Local),10/8/2017,KG,45,50,47.5
Garlic Dry Chinese,10/8/2017,KG,170,180,175
Tomato Big(Nepali),10/9/2017,KG,55,60,57.5
Potato Red,10/9/2017,KG,33,35,34
Onion Dry (Indian),10/9/2017,KG,48,50,49
Cabbage(Local),10/9/2017,KG,40,45,42.5
Garlic Dry Chinese,10/9/2017,KG,170,180,175
Tomato Big(Nepali),10/10/2017,KG,60,65,62.5
Potato Red,10/10/2017,KG,33,36,34.5
Onion Dry (Indian),10/10/2017,KG,58,60,59
Cabbage(Local),10/10/2017,KG,40,45,42.5
Garlic Dry Chinese,10/10/2017,KG,170,180,175
Tomato Big(Nepali),10/11/2017,KG,75,80,77.5
Potato Red,10/11/2017,KG,33,35,34
Onion Dry (Indian),10/11/2017,KG,58,60,59
Cabbage(Local),10/11/2017,KG,40,45,42.5
Garlic Dry Chinese,10/11/2017,KG,170,180,175
Tomato Big(Nepali),10/12/2017,KG,75,80,77.5
Potato Red,10/12/2017,KG,33,35,34
Onion Dry (Indian),10/12/2017,KG,58,60,59
Cabbage(Local),10/12/2017,KG,40,45,42.5
Garlic Dry Chinese,10/12/2017,KG,170,180,175
Tomato Big(Nepali),10/13/2017,KG,60,65,62.5
Potato Red,10/13/2017,KG,33,35,34
Onion Dry (Indian),10/13/2017,KG,58,60,59
Cabbage(Local),10/13/2017,KG,40,45,42.5
Garlic Dry Chinese,10/13/2017,KG,170,180,175
Tomato Big(Nepali),10/14/2017,KG,60,65,62.5
Potato Red,10/14/2017,KG,33,35,34
Onion Dry (Indian),10/14/2017,KG,58,60,59
Cabbage(Local),10/14/2017,KG,40,45,42.5
Garlic Dry Chinese,10/14/2017,KG,170,180,175
Tomato Big(Nepali),10/15/2017,KG,50,55,52.5
Potato Red,10/15/2017,KG,30,33,31.5
Onion Dry (Indian),10/15/2017,KG,54,56,55
Cabbage(Local),10/15/2017,KG,40,45,42.5
Garlic Dry Chinese,10/15/2017,KG,170,180,175
Tomato Big(Nepali),10/16/2017,KG,55,60,57.5
Potato Red,10/16/2017,KG,30,32,31
Onion Dry (Indian),10/16/2017,KG,53,55,54
Cabbage(Local),10/16/2017,KG,40,45,42.5
Garlic Dry Chinese,10/16/2017,KG,170,180,175
Tomato Big(Nepali),10/17/2017,KG,60,65,62.5
Potato Red,10/17/2017,KG,30,32,31
Onion Dry (Indian),10/17/2017,KG,52,56,54
Cabbage(Local),10/17/2017,KG,50,53,51.5
Garlic Dry Chinese,10/17/2017,KG,170,180,175
Tomato Big(Nepali),10/18/2017,KG,60,65,62.5
Potato Red,10/18/2017,KG,30,32,31
Onion Dry (Indian),10/18/2017,KG,58,60,59
Cabbage(Local),10/18/2017,KG,40,45,42.5
Garlic Dry Chinese,10/18/2017,KG,170,180,175
Tomato Big(Nepali),10/19/2017,KG,60,65,62.5
Potato Red,10/19/2017,KG,30,32,31
Onion Dry (Indian),10/19/2017,KG,58,60,59
Cabbage(Local),10/19/2017,KG,40,45,42.5
Garlic Dry Chinese,10/19/2017,KG,170,180,175
Tomato Big(Nepali),10/20/2017,KG,30,35,32.5
Potato Red,10/20/2017,KG,30,32,31
Onion Dry (Indian),10/20/2017,KG,50,60,55
Cabbage(Local),10/20/2017,KG,40,45,42.5
Garlic Dry Chinese,10/20/2017,KG,170,180,175
Tomato Big(Nepali),10/21/2017,KG,75,80,77.5
Potato Red,10/21/2017,KG,30,32,31
Onion Dry (Indian),10/21/2017,KG,58,60,59
Cabbage(Local),10/21/2017,KG,48,50,49
Garlic Dry Chinese,10/21/2017,KG,170,180,175
Tomato Big(Nepali),10/22/2017,KG,65,70,67.5
Potato Red,10/22/2017,KG,45,48,46.5
Onion Dry (Indian),10/22/2017,KG,58,60,59
Cabbage(Local),10/22/2017,KG,50,55,52.5
Garlic Dry Chinese,10/22/2017,KG,170,180,175
Tomato Big(Nepali),10/23/2017,KG,60,65,62.5
Potato Red,10/23/2017,KG,48,50,49
Onion Dry (Indian),10/23/2017,KG,58,60,59
Cabbage(Local),10/23/2017,KG,50,55,52.5
Garlic Dry Chinese,10/23/2017,KG,170,180,175
Tomato Big(Nepali),10/24/2017,KG,65,70,67.5
Potato Red,10/24/2017,KG,45,48,46.5
Onion Dry (Indian),10/24/2017,KG,58,60,59
Cabbage(Local),10/24/2017,KG,50,53,51.5
Garlic Dry Chinese,10/24/2017,KG,170,180,175
Tomato Big(Nepali),10/25/2017,KG,60,65,62.5
Potato Red,10/25/2017,KG,40,45,42.5
Onion Dry (Indian),10/25/2017,KG,63,65,64
Cabbage(Local),10/25/2017,KG,45,50,47.5
Garlic Dry Chinese,10/25/2017,KG,170,180,175
Tomato Big(Nepali),10/26/2017,KG,60,65,62.5
Potato Red,10/26/2017,KG,40,45,42.5
Onion Dry (Indian),10/26/2017,KG,63,65,64
Cabbage(Local),10/26/2017,KG,40,45,42.5
Garlic Dry Chinese,10/26/2017,KG,170,180,175
Tomato Big(Nepali),10/27/2017,KG,60,65,62.5
Potato Red,10/27/2017,KG,40,45,42.5
Onion Dry (Indian),10/27/2017,KG,63,65,64
Cabbage(Local),10/27/2017,KG,50,55,52.5
Garlic Dry Chinese,10/27/2017,KG,170,180,175
Tomato Big(Nepali),10/28/2017,KG,60,65,62.5
Potato Red,10/28/2017,KG,40,45,42.5
Onion Dry (Indian),10/28/2017,KG,63,67,65
Cabbage(Local),10/28/2017,KG,55,60,57.5
Garlic Dry Chinese,10/28/2017,KG,170,180,175
Tomato Big(Nepali),10/29/2017,KG,70,75,72.5
Potato Red,10/29/2017,KG,43,45,44
Onion Dry (Indian),10/29/2017,KG,63,65,64
Cabbage(Local),10/29/2017,KG,60,65,62.5
Garlic Dry Chinese,10/29/2017,KG,170,180,175
Tomato Big(Nepali),10/30/2017,KG,75,80,77.5
Potato Red,10/30/2017,KG,43,45,44
Onion Dry (Indian),10/30/2017,KG,63,65,64
Cabbage(Local),10/30/2017,KG,50,55,52.5
Garlic Dry Chinese,10/30/2017,KG,170,180,175
Tomato Big(Nepali),10/31/2017,KG,90,95,92.5
Potato Red,10/31/2017,KG,43,45,44
Onion Dry (Indian),10/31/2017,KG,63,65,64
Cabbage(Local),10/31/2017,KG,60,65,62.5
Garlic Dry Chinese,10/31/2017,KG,170,180,175
Tomato Big(Nepali),11/1/2017,KG,100,110,105
Potato Red,11/1/2017,KG,43,45,44
Onion Dry (Indian),11/1/2017,KG,63,65,64
Cabbage(Local),11/1/2017,KG,60,65,62.5
Garlic Dry Chinese,11/1/2017,KG,170,180,175
Tomato Big(Nepali),11/2/2017,KG,90,95,92.5
Potato Red,11/2/2017,KG,43,45,44
Onion Dry (Indian),11/2/2017,KG,63,65,64
Cabbage(Local),11/2/2017,KG,65,70,67.5
Garlic Dry Chinese,11/2/2017,KG,170,180,175
Tomato Big(Nepali),11/3/2017,KG,90,95,92.5
Potato Red,11/3/2017,KG,43,45,44
Onion Dry (Indian),11/3/2017,KG,63,65,64
Cabbage(Local),11/3/2017,KG,80,85,82.5
Garlic Dry Chinese,11/3/2017,KG,170,180,175
Tomato Big(Nepali),11/4/2017,KG,90,95,92.5
Potato Red,11/4/2017,KG,43,45,44
Onion Dry (Indian),11/4/2017,KG,63,65,64
Cabbage(Local),11/4/2017,KG,80,85,82.5
Garlic Dry Chinese,11/4/2017,KG,170,180,175
Tomato Big(Nepali),11/5/2017,KG,90,95,92.5
Potato Red,11/5/2017,KG,43,45,44
Onion Dry (Indian),11/5/2017,KG,65,68,66.5
Cabbage(Local),11/5/2017,KG,85,90,87.5
Garlic Dry Chinese,11/5/2017,KG,170,180,175
Tomato Big(Nepali),11/6/2017,KG,90,95,92.5
Potato Red,11/6/2017,KG,43,45,44
Onion Dry (Indian),11/6/2017,KG,66,68,67
Cabbage(Local),11/6/2017,KG,65,70,67.5
Garlic Dry Chinese,11/6/2017,KG,170,180,175
Tomato Big(Nepali),11/7/2017,KG,85,90,87.5
Potato Red,11/7/2017,KG,43,45,44
Onion Dry (Indian),11/7/2017,KG,66,68,67
Cabbage(Local),11/7/2017,KG,65,70,67.5
Garlic Dry Chinese,11/7/2017,KG,170,180,175
Tomato Big(Nepali),11/8/2017,KG,80,85,82.5
Potato Red,11/8/2017,KG,43,45,44
Onion Dry (Indian),11/8/2017,KG,66,68,67
Cabbage(Local),11/8/2017,KG,70,75,72.5
Garlic Dry Chinese,11/8/2017,KG,170,180,175
Tomato Big(Nepali),11/9/2017,KG,80,85,82.5
Potato Red,11/9/2017,KG,40,43,41.5
Onion Dry (Indian),11/9/2017,KG,63,65,64
Cabbage(Local),11/9/2017,KG,70,75,72.5
Garlic Dry Chinese,11/9/2017,KG,170,180,175
Tomato Big(Nepali),11/10/2017,KG,85,90,87.5
Potato Red,11/10/2017,KG,40,43,41.5
Onion Dry (Indian),11/10/2017,KG,63,65,64
Cabbage(Local),11/10/2017,KG,70,75,72.5
Garlic Dry Chinese,11/10/2017,KG,170,180,175
Tomato Big(Nepali),11/11/2017,KG,80,85,82.5
Potato Red,11/11/2017,KG,40,43,41.5
Onion Dry (Indian),11/11/2017,KG,63,65,64
Cabbage(Local),11/11/2017,KG,70,75,72.5
Garlic Dry Chinese,11/11/2017,KG,170,180,175
Tomato Big(Nepali),11/12/2017,KG,80,85,82.5
Potato Red,11/12/2017,KG,40,43,41.5
Onion Dry (Indian),11/12/2017,KG,62,65,63.5
Cabbage(Local),11/12/2017,KG,70,75,72.5
Garlic Dry Chinese,11/12/2017,KG,170,180,175
Tomato Big(Nepali),11/13/2017,KG,90,95,92.5
Potato Red,11/13/2017,KG,40,45,42.5
Onion Dry (Indian),11/13/2017,KG,58,61,59.5
Cabbage(Local),11/13/2017,KG,70,75,72.5
Garlic Dry Chinese,11/13/2017,KG,170,180,175
Tomato Big(Nepali),11/14/2017,KG,95,100,97.5
Potato Red,11/14/2017,KG,40,42,41
Onion Dry (Indian),11/14/2017,KG,58,61,59.5
Cabbage(Local),11/14/2017,KG,70,75,72.5
Garlic Dry Chinese,11/14/2017,KG,170,180,175
Tomato Big(Nepali),11/15/2017,KG,90,95,92.5
Potato Red,11/15/2017,KG,40,43,41.5
Onion Dry (Indian),11/15/2017,KG,59,61,60
Cabbage(Local),11/15/2017,KG,65,70,67.5
Garlic Dry Chinese,11/15/2017,KG,170,180,175
Tomato Big(Nepali),11/16/2017,KG,85,90,87.5
Potato Red,11/16/2017,KG,35,40,37.5
Onion Dry (Indian),11/16/2017,KG,66,68,67
Cabbage(Local),11/16/2017,KG,60,65,62.5
Garlic Dry Chinese,11/16/2017,KG,170,180,175
Tomato Big(Nepali),11/17/2017,KG,80,85,82.5
Potato Red,11/17/2017,KG,35,40,37.5
Onion Dry (Indian),11/17/2017,KG,66,68,67
Cabbage(Local),11/17/2017,KG,55,60,57.5
Garlic Dry Chinese,11/17/2017,KG,170,180,175
Tomato Big(Nepali),11/18/2017,KG,75,80,77.5
Potato Red,11/18/2017,KG,32,35,33.5
Onion Dry (Indian),11/18/2017,KG,64,68,66
Cabbage(Local),11/18/2017,KG,60,65,62.5
Garlic Dry Chinese,11/18/2017,KG,170,180,175
Tomato Big(Nepali),11/19/2017,KG,75,80,77.5
Potato Red,11/19/2017,KG,35,38,36.5
Onion Dry (Indian),11/19/2017,KG,66,68,67
Cabbage(Local),11/19/2017,KG,55,60,57.5
Garlic Dry Chinese,11/19/2017,KG,170,180,175
Tomato Big(Nepali),11/20/2017,KG,75,80,77.5
Potato Red,11/20/2017,KG,35,38,36.5
Onion Dry (Indian),11/20/2017,KG,66,68,67
Cabbage(Local),11/20/2017,KG,50,55,52.5
Garlic Dry Chinese,11/20/2017,KG,170,180,175
Tomato Big(Nepali),11/21/2017,KG,75,80,77.5
Potato Red,11/21/2017,KG,33,35,34
Onion Dry (Indian),11/21/2017,KG,66,68,67
Cabbage(Local),11/21/2017,KG,50,55,52.5
Garlic Dry Chinese,11/21/2017,KG,140,150,145
Tomato Big(Nepali),11/22/2017,KG,75,80,77.5
Potato Red,11/22/2017,KG,33,35,34
Onion Dry (Indian),11/22/2017,KG,68,70,69
Cabbage(Local),11/22/2017,KG,50,55,52.5
Garlic Dry Chinese,11/22/2017,KG,100,150,125
Tomato Big(Nepali),11/23/2017,KG,95,100,97.5
Potato Red,11/23/2017,KG,33,35,34
Onion Dry (Indian),11/23/2017,KG,68,70,69
Cabbage(Local),11/23/2017,KG,50,55,52.5
Garlic Dry Chinese,11/23/2017,KG,140,150,145
Tomato Big(Nepali),11/24/2017,KG,95,100,97.5
Potato Red,11/24/2017,KG,33,35,34
Onion Dry (Indian),11/24/2017,KG,68,70,69
Cabbage(Local),11/24/2017,KG,55,60,57.5
Garlic Dry Chinese,11/24/2017,KG,140,150,145
Tomato Big(Nepali),11/25/2017,KG,85,90,87.5
Potato Red,11/25/2017,KG,33,35,34
Onion Dry (Indian),11/25/2017,KG,90,95,92.5
Cabbage(Local),11/25/2017,KG,50,55,52.5
Garlic Dry Chinese,11/25/2017,KG,140,150,145
Tomato Big(Nepali),11/26/2017,KG,85,90,87.5
Potato Red,11/26/2017,KG,32,35,33.5
Onion Dry (Indian),11/26/2017,KG,90,95,92.5
Cabbage(Local),11/26/2017,KG,55,60,57.5
Garlic Dry Chinese,11/26/2017,KG,140,150,145
Tomato Big(Nepali),11/27/2017,KG,85,90,87.5
Potato Red,11/27/2017,KG,32,35,33.5
Onion Dry (Indian),11/27/2017,KG,90,95,92.5
Cabbage(Local),11/27/2017,KG,55,60,57.5
Garlic Dry Chinese,11/27/2017,KG,140,150,145
Tomato Big(Nepali),11/28/2017,KG,85,90,87.5
Potato Red,11/28/2017,KG,32,35,33.5
Onion Dry (Indian),11/28/2017,KG,100,105,102.5
Cabbage(Local),11/28/2017,KG,50,60,55
Garlic Dry Chinese,11/28/2017,KG,140,150,145
Tomato Big(Nepali),11/29/2017,KG,80,90,85
Potato Red,11/29/2017,KG,30,33,31.5
Onion Dry (Indian),11/29/2017,KG,108,110,109
Cabbage(Local),11/29/2017,KG,45,50,47.5
Garlic Dry Chinese,11/29/2017,KG,140,150,145
Tomato Big(Nepali),11/30/2017,KG,85,90,87.5
Potato Red,11/30/2017,KG,30,35,32.5
Onion Dry (Indian),11/30/2017,KG,115,117,116
Cabbage(Local),11/30/2017,KG,40,45,42.5
Garlic Dry Chinese,11/30/2017,KG,140,150,145
Tomato Big(Nepali),12/1/2017,KG,85,90,87.5
Potato Red,12/1/2017,KG,30,33,31.5
Onion Dry (Indian),12/1/2017,KG,98,100,99
Cabbage(Local),12/1/2017,KG,40,45,42.5
Garlic Dry Chinese,12/1/2017,KG,140,150,145
Tomato Big(Nepali),12/2/2017,KG,85,90,87.5
Potato Red,12/2/2017,KG,30,33,31.5
Onion Dry (Indian),12/2/2017,KG,95,98,96.5
Cabbage(Local),12/2/2017,KG,40,45,42.5
Garlic Dry Chinese,12/2/2017,KG,140,150,145
Tomato Big(Nepali),12/3/2017,KG,85,90,87.5
Potato Red,12/3/2017,KG,30,32,31
Onion Dry (Indian),12/3/2017,KG,90,95,92.5
Cabbage(Local),12/3/2017,KG,40,45,42.5
Garlic Dry Chinese,12/3/2017,KG,140,150,145
Tomato Big(Nepali),12/4/2017,KG,85,90,87.5
Potato Red,12/4/2017,KG,30,33,31.5
Onion Dry (Indian),12/4/2017,KG,90,95,92.5
Cabbage(Local),12/4/2017,KG,40,45,42.5
Garlic Dry Chinese,12/4/2017,KG,140,150,145
Tomato Big(Nepali),12/5/2017,KG,85,90,87.5
Potato Red,12/5/2017,KG,30,33,31.5
Onion Dry (Indian),12/5/2017,KG,88,90,89
Cabbage(Local),12/5/2017,KG,35,40,37.5
Garlic Dry Chinese,12/5/2017,KG,140,150,145
Tomato Big(Nepali),12/6/2017,KG,95,100,97.5
Potato Red,12/6/2017,KG,30,33,31.5
Onion Dry (Indian),12/6/2017,KG,85,90,87.5
Cabbage(Local),12/6/2017,KG,35,40,37.5
Garlic Dry Chinese,12/6/2017,KG,140,150,145
Tomato Big(Nepali),12/8/2017,KG,100,110,105
Potato Red,12/8/2017,KG,30,33,31.5
Onion Dry (Indian),12/8/2017,KG,85,90,87.5
Cabbage(Local),12/8/2017,KG,40,45,42.5
Garlic Dry Chinese,12/8/2017,KG,140,150,145
Tomato Big(Nepali),12/9/2017,KG,100,105,102.5
Potato Red,12/9/2017,KG,30,33,31.5
Onion Dry (Indian),12/9/2017,KG,85,90,87.5
Cabbage(Local),12/9/2017,KG,40,45,42.5
Garlic Dry Chinese,12/9/2017,KG,140,150,145
Tomato Big(Nepali),12/10/2017,KG,90,95,92.5
Potato Red,12/10/2017,KG,35,38,36.5
Onion Dry (Indian),12/10/2017,KG,80,85,82.5
Cabbage(Local),12/10/2017,KG,35,40,37.5
Garlic Dry Chinese,12/10/2017,KG,140,150,145
Tomato Big(Nepali),12/11/2017,KG,65,70,67.5
Potato Red,12/11/2017,KG,35,38,36.5
Onion Dry (Indian),12/11/2017,KG,80,85,82.5
Cabbage(Local),12/11/2017,KG,35,40,37.5
Garlic Dry Chinese,12/11/2017,KG,140,150,145
Tomato Big(Nepali),12/12/2017,KG,70,75,72.5
Potato Red,12/12/2017,KG,35,38,36.5
Onion Dry (Indian),12/12/2017,KG,82,85,83.5
Cabbage(Local),12/12/2017,KG,35,38,36.5
Garlic Dry Chinese,12/12/2017,KG,140,150,145
Tomato Big(Nepali),12/13/2017,KG,65,70,67.5
Potato Red,12/13/2017,KG,35,38,36.5
Onion Dry (Indian),12/13/2017,KG,88,90,89
Cabbage(Local),12/13/2017,KG,35,40,37.5
Garlic Dry Chinese,12/13/2017,KG,140,150,145
Tomato Big(Nepali),12/14/2017,KG,55,60,57.5
Potato Red,12/14/2017,KG,33,38,35.5
Onion Dry (Indian),12/14/2017,KG,88,90,89
Cabbage(Local),12/14/2017,KG,25,30,27.5
Garlic Dry Chinese,12/14/2017,KG,140,150,145
Tomato Big(Nepali),12/15/2017,KG,55,60,57.5
Potato Red,12/15/2017,KG,35,38,36.5
Onion Dry (Indian),12/15/2017,KG,83,85,84
Cabbage(Local),12/15/2017,KG,25,30,27.5
Garlic Dry Chinese,12/15/2017,KG,140,150,145
Tomato Big(Nepali),12/16/2017,KG,40,45,42.5
Potato Red,12/16/2017,KG,35,38,36.5
Onion Dry (Indian),12/16/2017,KG,83,85,84
Cabbage(Local),12/16/2017,KG,25,30,27.5
Garlic Dry Chinese,12/16/2017,KG,140,150,145
Tomato Big(Nepali),12/17/2017,KG,50,55,52.5
Potato Red,12/17/2017,KG,35,38,36.5
Onion Dry (Indian),12/17/2017,KG,80,82,81
Cabbage(Local),12/17/2017,KG,25,27,26
Garlic Dry Chinese,12/17/2017,KG,140,150,145
Tomato Big(Nepali),12/18/2017,KG,45,50,47.5
Potato Red,12/18/2017,KG,35,38,36.5
Onion Dry (Indian),12/18/2017,KG,80,82,81
Cabbage(Local),12/18/2017,KG,25,27,26
Garlic Dry Chinese,12/18/2017,KG,140,145,142.5
Tomato Big(Nepali),12/19/2017,KG,35,40,37.5
Potato Red,12/19/2017,KG,35,38,36.5
Onion Dry (Indian),12/19/2017,KG,80,82,81
Cabbage(Local),12/19/2017,KG,20,28,24
Garlic Dry Chinese,12/19/2017,KG,140,150,145
Tomato Big(Nepali),12/20/2017,KG,35,40,37.5
Potato Red,12/20/2017,KG,35,38,36.5
Onion Dry (Indian),12/20/2017,KG,75,80,77.5
Cabbage(Local),12/20/2017,KG,20,25,22.5
Garlic Dry Chinese,12/20/2017,KG,140,150,145
Tomato Big(Nepali),12/27/2017,KG,40,45,42.5
Potato Red,12/27/2017,KG,35,38,36.5
Onion Dry (Indian),12/27/2017,KG,70,75,72.5
Cabbage(Local),12/27/2017,KG,25,30,27.5
Garlic Dry Chinese,12/27/2017,KG,140,150,145
Tomato Big(Nepali),12/28/2017,KG,40,45,42.5
Potato Red,12/28/2017,KG,35,37,36
Onion Dry (Indian),12/28/2017,KG,70,75,72.5
Cabbage(Local),12/28/2017,KG,25,27,26
Garlic Dry Chinese,12/28/2017,KG,140,150,145
Tomato Big(Nepali),12/29/2017,KG,40,45,42.5
Potato Red,12/29/2017,KG,35,37,36
Onion Dry (Indian),12/29/2017,KG,70,75,72.5
Cabbage(Local),12/29/2017,KG,22,25,23.5
Garlic Dry Chinese,12/29/2017,KG,150,160,155
Tomato Big(Nepali),12/30/2017,KG,40,45,42.5
Potato Red,12/30/2017,KG,35,37,36
Onion Dry (Indian),12/30/2017,KG,70,75,72.5
Cabbage(Local),12/30/2017,KG,22,25,23.5
Garlic Dry Chinese,12/30/2017,KG,150,160,155
Tomato Big(Nepali),12/31/2017,KG,40,45,42.5
Potato Red,12/31/2017,KG,35,37,36
Onion Dry (Indian),12/31/2017,KG,70,75,72.5
Cabbage(Local),12/31/2017,KG,25,27,26
Garlic Dry Chinese,12/31/2017,KG,160,170,165
Tomato Big(Nepali),1/1/2018,KG,40,45,42.5
Potato Red,1/1/2018,KG,34,36,35
Onion Dry (Indian),1/1/2018,KG,70,75,72.5
Cabbage(Local),1/1/2018,KG,28,30,29
Garlic Dry Chinese,1/1/2018,KG,150,160,155
Tomato Big(Nepali),1/2/2018,KG,40,45,42.5
Potato Red,1/2/2018,KG,30,33,31.5
Onion Dry (Indian),1/2/2018,KG,75,78,76.5
Cabbage(Local),1/2/2018,KG,25,28,26.5
Garlic Dry Chinese,1/2/2018,KG,150,160,155
Tomato Big(Nepali),1/3/2018,KG,40,45,42.5
Potato Red,1/3/2018,KG,30,33,31.5
Onion Dry (Indian),1/3/2018,KG,75,80,77.5
Cabbage(Local),1/3/2018,KG,25,30,27.5
Garlic Dry Chinese,1/3/2018,KG,150,160,155
Tomato Big(Nepali),1/4/2018,KG,40,45,42.5
Potato Red,1/4/2018,KG,30,32,31
Onion Dry (Indian),1/4/2018,KG,75,80,77.5
Cabbage(Local),1/4/2018,KG,25,30,27.5
Garlic Dry Chinese,1/4/2018,KG,150,160,155
Tomato Big(Nepali),1/5/2018,KG,40,45,42.5
Potato Red,1/5/2018,KG,30,32,31
Onion Dry (Indian),1/5/2018,KG,75,80,77.5
Cabbage(Local),1/5/2018,KG,25,30,27.5
Garlic Dry Chinese,1/5/2018,KG,150,160,155
Tomato Big(Nepali),1/6/2018,KG,38,40,39
Potato Red,1/6/2018,KG,30,32,31
Onion Dry (Indian),1/6/2018,KG,75,80,77.5
Cabbage(Local),1/6/2018,KG,24,26,25
Garlic Dry Chinese,1/6/2018,KG,150,160,155
Tomato Big(Nepali),1/7/2018,KG,40,45,42.5
Potato Red,1/7/2018,KG,28,30,29
Onion Dry (Indian),1/7/2018,KG,80,85,82.5
Cabbage(Local),1/7/2018,KG,25,28,26.5
Garlic Dry Chinese,1/7/2018,KG,150,160,155
Tomato Big(Nepali),1/8/2018,KG,40,45,42.5
Potato Red,1/8/2018,KG,28,30,29
Onion Dry (Indian),1/8/2018,KG,85,88,86.5
Cabbage(Local),1/8/2018,KG,25,28,26.5
Garlic Dry Chinese,1/8/2018,KG,150,160,155
Tomato Big(Nepali),1/9/2018,KG,40,45,42.5
Potato Red,1/9/2018,KG,28,30,29
Onion Dry (Indian),1/9/2018,KG,80,85,82.5
Cabbage(Local),1/9/2018,KG,20,25,22.5
Garlic Dry Chinese,1/9/2018,KG,150,160,155
Tomato Big(Nepali),1/10/2018,KG,40,45,42.5
Potato Red,1/10/2018,KG,28,30,29
Onion Dry (Indian),1/10/2018,KG,80,85,82.5
Cabbage(Local),1/10/2018,KG,25,30,27.5
Garlic Dry Chinese,1/10/2018,KG,150,160,155
Tomato Big(Nepali),1/11/2018,KG,40,45,42.5
Potato Red,1/11/2018,KG,28,30,29
Onion Dry (Indian),1/11/2018,KG,85,88,86.5
Cabbage(Local),1/11/2018,KG,25,30,27.5
Garlic Dry Chinese,1/11/2018,KG,150,160,155
Tomato Big(Nepali),1/12/2018,KG,40,45,42.5
Potato Red,1/12/2018,KG,28,30,29
Onion Dry (Indian),1/12/2018,KG,85,88,86.5
Cabbage(Local),1/12/2018,KG,33,35,34
Garlic Dry Chinese,1/12/2018,KG,150,160,155
Tomato Big(Nepali),1/13/2018,KG,40,45,42.5
Potato Red,1/13/2018,KG,28,30,29
Onion Dry (Indian),1/13/2018,KG,85,88,86.5
Cabbage(Local),1/13/2018,KG,35,40,37.5
Garlic Dry Chinese,1/13/2018,KG,150,160,155
Tomato Big(Nepali),1/14/2018,KG,45,50,47.5
Potato Red,1/14/2018,KG,28,30,29
Onion Dry (Indian),1/14/2018,KG,74,76,75
Cabbage(Local),1/14/2018,KG,35,40,37.5
Garlic Dry Chinese,1/14/2018,KG,150,160,155
Tomato Big(Nepali),1/16/2018,KG,50,55,52.5
Potato Red,1/16/2018,KG,28,30,29
Onion Dry (Indian),1/16/2018,KG,73,75,74
Cabbage(Local),1/16/2018,KG,30,32,31
Garlic Dry Chinese,1/16/2018,KG,150,160,155
Tomato Big(Nepali),1/17/2018,KG,45,50,47.5
Potato Red,1/17/2018,KG,25,27,26
Onion Dry (Indian),1/17/2018,KG,73,75,74
Cabbage(Local),1/17/2018,KG,28,30,29
Garlic Dry Chinese,1/17/2018,KG,150,160,155
Tomato Big(Nepali),1/18/2018,KG,45,50,47.5
Potato Red,1/18/2018,KG,25,27,26
Onion Dry (Indian),1/18/2018,KG,73,75,74
Cabbage(Local),1/18/2018,KG,28,30,29
Garlic Dry Chinese,1/18/2018,KG,150,160,155
Tomato Big(Nepali),1/19/2018,KG,40,45,42.5
Potato Red,1/19/2018,KG,25,27,26
Onion Dry (Indian),1/19/2018,KG,73,75,74
Cabbage(Local),1/19/2018,KG,30,35,32.5
Garlic Dry Chinese,1/19/2018,KG,150,160,155
Tomato Big(Nepali),1/20/2018,KG,40,45,42.5
Potato Red,1/20/2018,KG,25,27,26
Onion Dry (Indian),1/20/2018,KG,70,75,72.5
Cabbage(Local),1/20/2018,KG,30,35,32.5
Garlic Dry Chinese,1/20/2018,KG,150,160,155
Tomato Big(Nepali),1/21/2018,KG,35,40,37.5
Potato Red,1/21/2018,KG,25,27,26
Onion Dry (Indian),1/21/2018,KG,78,80,79
Cabbage(Local),1/21/2018,KG,25,30,27.5
Garlic Dry Chinese,1/21/2018,KG,150,160,155
Tomato Big(Nepali),1/22/2018,KG,40,45,42.5
Potato Red,1/22/2018,KG,25,27,26
Onion Dry (Indian),1/22/2018,KG,80,85,82.5
Cabbage(Local),1/22/2018,KG,25,30,27.5
Garlic Dry Chinese,1/22/2018,KG,150,160,155
Tomato Big(Nepali),1/23/2018,KG,40,45,42.5
Potato Red,1/23/2018,KG,24,26,25
Onion Dry (Indian),1/23/2018,KG,75,80,77.5
Cabbage(Local),1/23/2018,KG,25,30,27.5
Garlic Dry Chinese,1/23/2018,KG,170,180,175
Tomato Big(Nepali),1/24/2018,KG,35,40,37.5
Potato Red,1/24/2018,KG,23,25,24
Onion Dry (Indian),1/24/2018,KG,75,80,77.5
Cabbage(Local),1/24/2018,KG,25,30,27.5
Garlic Dry Chinese,1/24/2018,KG,170,180,175
Tomato Big(Nepali),1/25/2018,KG,35,40,37.5
Potato Red,1/25/2018,KG,23,25,24
Onion Dry (Indian),1/25/2018,KG,75,80,77.5
Cabbage(Local),1/25/2018,KG,30,35,32.5
Garlic Dry Chinese,1/25/2018,KG,170,180,175
Tomato Big(Nepali),1/26/2018,KG,35,40,37.5
Potato Red,1/26/2018,KG,23,25,24
Onion Dry (Indian),1/26/2018,KG,75,80,77.5
Cabbage(Local),1/26/2018,KG,35,40,37.5
Garlic Dry Chinese,1/26/2018,KG,170,180,175
Tomato Big(Nepali),1/27/2018,KG,35,40,37.5
Potato Red,1/27/2018,KG,23,25,24
Onion Dry (Indian),1/27/2018,KG,73,75,74
Cabbage(Local),1/27/2018,KG,35,40,37.5
Garlic Dry Chinese,1/27/2018,KG,170,180,175
Tomato Big(Nepali),1/28/2018,KG,35,40,37.5
Potato Red,1/28/2018,KG,20,25,22.5
Onion Dry (Indian),1/28/2018,KG,73,75,74
Cabbage(Local),1/28/2018,KG,35,40,37.5
Garlic Dry Chinese,1/28/2018,KG,170,180,175
Tomato Big(Nepali),1/29/2018,KG,35,40,37.5
Potato Red,1/29/2018,KG,23,25,24
Onion Dry (Indian),1/29/2018,KG,70,75,72.5
Cabbage(Local),1/29/2018,KG,30,33,31.5
Garlic Dry Chinese,1/29/2018,KG,170,180,175
Tomato Big(Nepali),1/30/2018,KG,35,40,37.5
Potato Red,1/30/2018,KG,23,25,24
Onion Dry (Indian),1/30/2018,KG,70,75,72.5
Cabbage(Local),1/30/2018,KG,28,30,29
Garlic Dry Chinese,1/30/2018,KG,170,180,175
Tomato Big(Nepali),1/31/2018,KG,35,40,37.5
Potato Red,1/31/2018,KG,23,25,24
Onion Dry (Indian),1/31/2018,KG,65,70,67.5
Cabbage(Local),1/31/2018,KG,28,30,29
Garlic Dry Chinese,1/31/2018,KG,170,180,175
Tomato Big(Nepali),2/1/2018,KG,35,40,37.5
Potato Red,2/1/2018,KG,23,25,24
Onion Dry (Indian),2/1/2018,KG,65,70,67.5
Cabbage(Local),2/1/2018,KG,28,30,29
Garlic Dry Chinese,2/1/2018,KG,170,180,175
Tomato Big(Nepali),2/2/2018,KG,30,35,32.5
Potato Red,2/2/2018,KG,20,24,22
Onion Dry (Indian),2/2/2018,KG,60,62,61
Cabbage(Local),2/2/2018,KG,28,30,29
Garlic Dry Chinese,2/2/2018,KG,170,180,175
Tomato Big(Nepali),2/3/2018,KG,30,35,32.5
Potato Red,2/3/2018,KG,20,24,22
Onion Dry (Indian),2/3/2018,KG,60,62,61
Cabbage(Local),2/3/2018,KG,28,30,29
Garlic Dry Chinese,2/3/2018,KG,170,180,175
Tomato Big(Nepali),2/4/2018,KG,30,35,32.5
Potato Red,2/4/2018,KG,20,22,21
Onion Dry (Indian),2/4/2018,KG,50,52,51
Cabbage(Local),2/4/2018,KG,30,35,32.5
Garlic Dry Chinese,2/4/2018,KG,170,180,175
Tomato Big(Nepali),2/5/2018,KG,30,35,32.5
Potato Red,2/5/2018,KG,20,22,21
Onion Dry (Indian),2/5/2018,KG,50,52,51
Cabbage(Local),2/5/2018,KG,30,35,32.5
Garlic Dry Chinese,2/5/2018,KG,170,180,175
Tomato Big(Nepali),2/6/2018,KG,40,45,42.5
Potato Red,2/6/2018,KG,20,22,21
Onion Dry (Indian),2/6/2018,KG,53,55,54
Cabbage(Local),2/6/2018,KG,30,35,32.5
Garlic Dry Chinese,2/6/2018,KG,170,180,175
Tomato Big(Nepali),2/7/2018,KG,35,40,37.5
Potato Red,2/7/2018,KG,20,22,21
Onion Dry (Indian),2/7/2018,KG,53,55,54
Cabbage(Local),2/7/2018,KG,30,35,32.5
Garlic Dry Chinese,2/7/2018,KG,170,180,175
Tomato Big(Nepali),2/8/2018,KG,40,45,42.5
Potato Red,2/8/2018,KG,20,22,21
Onion Dry (Indian),2/8/2018,KG,53,55,54
Cabbage(Local),2/8/2018,KG,30,35,32.5
Garlic Dry Chinese,2/8/2018,KG,170,180,175
Tomato Big(Nepali),2/9/2018,KG,40,45,42.5
Potato Red,2/9/2018,KG,20,22,21
Onion Dry (Indian),2/9/2018,KG,53,55,54
Cabbage(Local),2/9/2018,KG,30,35,32.5
Garlic Dry Chinese,2/9/2018,KG,170,180,175
Tomato Big(Nepali),2/10/2018,KG,40,45,42.5
Potato Red,2/10/2018,KG,20,22,21
Onion Dry (Indian),2/10/2018,KG,53,55,54
Cabbage(Local),2/10/2018,KG,30,35,32.5
Garlic Dry Chinese,2/10/2018,KG,170,180,175
Tomato Big(Nepali),2/11/2018,KG,40,45,42.5
Potato Red,2/11/2018,KG,20,22,21
Onion Dry (Indian),2/11/2018,KG,50,52,51
Cabbage(Local),2/11/2018,KG,28,30,29
Garlic Dry Chinese,2/11/2018,KG,170,180,175
Tomato Big(Nepali),2/12/2018,KG,40,45,42.5
Potato Red,2/12/2018,KG,20,25,22.5
Onion Dry (Indian),2/12/2018,KG,53,55,54
Cabbage(Local),2/12/2018,KG,28,30,29
Garlic Dry Chinese,2/12/2018,KG,170,180,175
Tomato Big(Nepali),2/13/2018,KG,40,45,42.5
Potato Red,2/13/2018,KG,20,22,21
Onion Dry (Indian),2/13/2018,KG,50,52,51
Cabbage(Local),2/13/2018,KG,28,30,29
Garlic Dry Chinese,2/13/2018,KG,170,180,175
Tomato Big(Nepali),2/14/2018,KG,35,40,37.5
Potato Red,2/14/2018,KG,20,22,21
Onion Dry (Indian),2/14/2018,KG,50,52,51
Cabbage(Local),2/14/2018,KG,28,30,29
Garlic Dry Chinese,2/14/2018,KG,170,180,175
Tomato Big(Nepali),2/15/2018,KG,35,40,37.5
Potato Red,2/15/2018,KG,20,22,21
Onion Dry (Indian),2/15/2018,KG,50,52,51
Cabbage(Local),2/15/2018,KG,28,30,29
Garlic Dry Chinese,2/15/2018,KG,170,180,175
Tomato Big(Nepali),2/16/2018,KG,35,40,37.5
Potato Red,2/16/2018,KG,20,22,21
Onion Dry (Indian),2/16/2018,KG,50,52,51
Cabbage(Local),2/16/2018,KG,28,30,29
Garlic Dry Chinese,2/16/2018,KG,170,180,175
Tomato Big(Nepali),2/17/2018,KG,35,40,37.5
Potato Red,2/17/2018,KG,20,22,21
Onion Dry (Indian),2/17/2018,KG,50,55,52.5
Cabbage(Local),2/17/2018,KG,28,30,29
Garlic Dry Chinese,2/17/2018,KG,170,180,175
Tomato Big(Nepali),2/18/2018,KG,35,40,37.5
Potato Red,2/18/2018,KG,20,22,21
Onion Dry (Indian),2/18/2018,KG,46,48,47
Cabbage(Local),2/18/2018,KG,30,35,32.5
Garlic Dry Chinese,2/18/2018,KG,170,180,175
Tomato Big(Nepali),2/19/2018,KG,35,40,37.5
Potato Red,2/19/2018,KG,20,22,21
Onion Dry (Indian),2/19/2018,KG,45,48,46.5
Cabbage(Local),2/19/2018,KG,28,30,29
Garlic Dry Chinese,2/19/2018,KG,170,180,175
Tomato Big(Nepali),2/20/2018,KG,35,40,37.5
Potato Red,2/20/2018,KG,20,22,21
Onion Dry (Indian),2/20/2018,KG,44,46,45
Cabbage(Local),2/20/2018,KG,28,30,29
Garlic Dry Chinese,2/20/2018,KG,175,180,177.5
Tomato Big(Nepali),2/21/2018,KG,35,40,37.5
Potato Red,2/21/2018,KG,20,22,21
Onion Dry (Indian),2/21/2018,KG,45,47,46
Cabbage(Local),2/21/2018,KG,28,30,29
Garlic Dry Chinese,2/21/2018,KG,170,180,175
Tomato Big(Nepali),2/22/2018,KG,35,40,37.5
Potato Red,2/22/2018,KG,20,22,21
Onion Dry (Indian),2/22/2018,KG,45,48,46.5
Cabbage(Local),2/22/2018,KG,28,30,29
Garlic Dry Chinese,2/22/2018,KG,170,180,175
Tomato Big(Nepali),2/23/2018,KG,35,40,37.5
Potato Red,2/23/2018,KG,20,22,21
Onion Dry (Indian),2/23/2018,KG,44,46,45
Cabbage(Local),2/23/2018,KG,28,30,29
Garlic Dry Chinese,2/23/2018,KG,170,180,175
Tomato Big(Nepali),2/24/2018,KG,35,40,37.5
Potato Red,2/24/2018,KG,20,23,21.5
Onion Dry (Indian),2/24/2018,KG,44,47,45.5
Cabbage(Local),2/24/2018,KG,25,30,27.5
Garlic Dry Chinese,2/24/2018,KG,170,180,175
Tomato Big(Nepali),2/25/2018,KG,30,35,32.5
Potato Red,2/25/2018,KG,20,23,21.5
Onion Dry (Indian),2/25/2018,KG,44,46,45
Cabbage(Local),2/25/2018,KG,22,28,25
Garlic Dry Chinese,2/25/2018,KG,170,180,175
Tomato Big(Nepali),2/26/2018,KG,35,40,37.5
Potato Red,2/26/2018,KG,20,22,21
Onion Dry (Indian),2/26/2018,KG,43,45,44
Cabbage(Local),2/26/2018,KG,28,30,29
Garlic Dry Chinese,2/26/2018,KG,170,180,175
Tomato Big(Nepali),2/27/2018,KG,35,40,37.5
Potato Red,2/27/2018,KG,23,25,24
Onion Dry (Indian),2/27/2018,KG,42,44,43
Cabbage(Local),2/27/2018,KG,28,30,29
Garlic Dry Chinese,2/27/2018,KG,180,190,185
Tomato Big(Nepali),2/28/2018,KG,30,35,32.5
Potato Red,2/28/2018,KG,22,24,23
Onion Dry (Indian),2/28/2018,KG,40,42,41
Cabbage(Local),2/28/2018,KG,30,32,31
Garlic Dry Chinese,2/28/2018,KG,180,190,185
Tomato Big(Nepali),3/1/2018,KG,30,35,32.5
Potato Red,3/1/2018,KG,22,24,23
Onion Dry (Indian),3/1/2018,KG,40,42,41
Cabbage(Local),3/1/2018,KG,30,32,31
Garlic Dry Chinese,3/1/2018,KG,180,190,185
Tomato Big(Nepali),3/2/2018,KG,30,35,32.5
Potato Red,3/2/2018,KG,22,24,23
Onion Dry (Indian),3/2/2018,KG,40,42,41
Cabbage(Local),3/2/2018,KG,24,26,25
Garlic Dry Chinese,3/2/2018,KG,180,190,185
Tomato Big(Nepali),3/3/2018,KG,30,35,32.5
Potato Red,3/3/2018,KG,22,24,23
Onion Dry (Indian),3/3/2018,KG,40,42,41
Cabbage(Local),3/3/2018,KG,24,28,26
Garlic Dry Chinese,3/3/2018,KG,180,190,185
Tomato Big(Nepali),3/5/2018,KG,30,35,32.5
Potato Red,3/5/2018,KG,22,24,23
Onion Dry (Indian),3/5/2018,KG,38,40,39
Cabbage(Local),3/5/2018,KG,23,25,24
Garlic Dry Chinese,3/5/2018,KG,180,190,185
Tomato Big(Nepali),3/6/2018,KG,30,35,32.5
Potato Red,3/6/2018,KG,22,24,23
Onion Dry (Indian),3/6/2018,KG,38,40,39
Cabbage(Local),3/6/2018,KG,22,25,23.5
Garlic Dry Chinese,3/6/2018,KG,180,190,185
Tomato Big(Nepali),3/7/2018,KG,30,35,32.5
Potato Red,3/7/2018,KG,22,24,23
Onion Dry (Indian),3/7/2018,KG,38,40,39
Cabbage(Local),3/7/2018,KG,28,30,29
Garlic Dry Chinese,3/7/2018,KG,180,190,185
Tomato Big(Nepali),3/8/2018,KG,30,35,32.5
Potato Red,3/8/2018,KG,22,24,23
Onion Dry (Indian),3/8/2018,KG,38,40,39
Cabbage(Local),3/8/2018,KG,28,30,29
Garlic Dry Chinese,3/8/2018,KG,180,190,185
Tomato Big(Nepali),3/9/2018,KG,35,45,40
Potato Red,3/9/2018,KG,20,23,21.5
Onion Dry (Indian),3/9/2018,KG,38,40,39
Cabbage(Local),3/9/2018,KG,28,30,29
Garlic Dry Chinese,3/9/2018,KG,180,190,185
Tomato Big(Nepali),3/10/2018,KG,50,60,55
Potato Red,3/10/2018,KG,35,40,37.5
Onion Dry (Indian),3/10/2018,KG,50,60,55
Cabbage(Local),3/10/2018,KG,40,50,45
Garlic Dry Chinese,3/10/2018,KG,220,250,235
Tomato Big(Nepali),3/11/2018,KG,30,35,32.5
Potato Red,3/11/2018,KG,22,24,23
Onion Dry (Indian),3/11/2018,KG,33,35,34
Cabbage(Local),3/11/2018,KG,28,30,29
Garlic Dry Chinese,3/11/2018,KG,180,190,185
Tomato Big(Nepali),3/12/2018,KG,30,35,32.5
Potato Red,3/12/2018,KG,20,24,22
Onion Dry (Indian),3/12/2018,KG,33,35,34
Cabbage(Local),3/12/2018,KG,22,25,23.5
Garlic Dry Chinese,3/12/2018,KG,180,190,185
Tomato Big(Nepali),3/13/2018,KG,30,35,32.5
Potato Red,3/13/2018,KG,20,23,21.5
Onion Dry (Indian),3/13/2018,KG,33,35,34
Cabbage(Local),3/13/2018,KG,22,25,23.5
Garlic Dry Chinese,3/13/2018,KG,180,190,185
Tomato Big(Nepali),3/14/2018,KG,35,40,37.5
Potato Red,3/14/2018,KG,20,24,22
Onion Dry (Indian),3/14/2018,KG,33,35,34
Cabbage(Local),3/14/2018,KG,22,25,23.5
Garlic Dry Chinese,3/14/2018,KG,180,190,185
Tomato Big(Nepali),3/15/2018,KG,35,40,37.5
Potato Red,3/15/2018,KG,20,23,21.5
Onion Dry (Indian),3/15/2018,KG,32,34,33
Cabbage(Local),3/15/2018,KG,28,30,29
Garlic Dry Chinese,3/15/2018,KG,180,190,185
Tomato Big(Nepali),3/16/2018,KG,35,40,37.5
Potato Red,3/16/2018,KG,22,24,23
Onion Dry (Indian),3/16/2018,KG,31,33,32
Cabbage(Local),3/16/2018,KG,25,30,27.5
Garlic Dry Chinese,3/16/2018,KG,180,190,185
Tomato Big(Nepali),3/17/2018,KG,35,40,37.5
Potato Red,3/17/2018,KG,22,24,23
Onion Dry (Indian),3/17/2018,KG,31,33,32
Cabbage(Local),3/17/2018,KG,25,30,27.5
Garlic Dry Chinese,3/17/2018,KG,180,190,185
Tomato Big(Nepali),3/18/2018,KG,45,50,47.5
Potato Red,3/18/2018,KG,23,25,24
Onion Dry (Indian),3/18/2018,KG,29,31,30
Cabbage(Local),3/18/2018,KG,25,30,27.5
Garlic Dry Chinese,3/18/2018,KG,180,190,185
Tomato Big(Nepali),3/19/2018,KG,50,55,52.5
Potato Red,3/19/2018,KG,23,25,24
Onion Dry (Indian),3/19/2018,KG,29,31,30
Cabbage(Local),3/19/2018,KG,25,30,27.5
Garlic Dry Chinese,3/19/2018,KG,180,190,185
Tomato Big(Nepali),3/20/2018,KG,45,50,47.5
Potato Red,3/20/2018,KG,22,24,23
Onion Dry (Indian),3/20/2018,KG,28,30,29
Cabbage(Local),3/20/2018,KG,22,25,23.5
Garlic Dry Chinese,3/20/2018,KG,180,190,185
Tomato Big(Nepali),3/21/2018,KG,55,60,57.5
Potato Red,3/21/2018,KG,22,24,23
Onion Dry (Indian),3/21/2018,KG,27,29,28
Cabbage(Local),3/21/2018,KG,22,24,23
Garlic Dry Chinese,3/21/2018,KG,180,190,185
Tomato Big(Nepali),3/22/2018,KG,55,60,57.5
Potato Red,3/22/2018,KG,22,24,23
Onion Dry (Indian),3/22/2018,KG,27,29,28
Cabbage(Local),3/22/2018,KG,25,27,26
Garlic Dry Chinese,3/22/2018,KG,180,190,185
Tomato Big(Nepali),3/23/2018,KG,45,50,47.5
Potato Red,3/23/2018,KG,22,24,23
Onion Dry (Indian),3/23/2018,KG,27,29,28
Cabbage(Local),3/23/2018,KG,25,27,26
Garlic Dry Chinese,3/23/2018,KG,180,190,185
Tomato Big(Nepali),3/24/2018,KG,40,48,44
Potato Red,3/24/2018,KG,22,24,23
Onion Dry (Indian),3/24/2018,KG,27,29,28
Cabbage(Local),3/24/2018,KG,22,25,23.5
Garlic Dry Chinese,3/24/2018,KG,180,190,185
Tomato Big(Nepali),3/25/2018,KG,45,50,47.5
Potato Red,3/25/2018,KG,22,24,23
Onion Dry (Indian),3/25/2018,KG,27,28,27.5
Cabbage(Local),3/25/2018,KG,20,25,22.5
Garlic Dry Chinese,3/25/2018,KG,180,190,185
Tomato Big(Nepali),3/26/2018,KG,35,40,37.5
Potato Red,3/26/2018,KG,22,24,23
Onion Dry (Indian),3/26/2018,KG,27,29,28
Cabbage(Local),3/26/2018,KG,20,24,22
Garlic Dry Chinese,3/26/2018,KG,180,190,185
Tomato Big(Nepali),3/27/2018,KG,35,40,37.5
Potato Red,3/27/2018,KG,23,25,24
Onion Dry (Indian),3/27/2018,KG,28,30,29
Cabbage(Local),3/27/2018,KG,25,27,26
Garlic Dry Chinese,3/27/2018,KG,180,190,185
Tomato Big(Nepali),3/28/2018,KG,30,35,32.5
Potato Red,3/28/2018,KG,23,25,24
Onion Dry (Indian),3/28/2018,KG,28,30,29
Cabbage(Local),3/28/2018,KG,23,25,24
Garlic Dry Chinese,3/28/2018,KG,180,190,185
Tomato Big(Nepali),3/29/2018,KG,35,40,37.5
Potato Red,3/29/2018,KG,23,25,24
Onion Dry (Indian),3/29/2018,KG,25,30,27.5
Cabbage(Local),3/29/2018,KG,22,25,23.5
Garlic Dry Chinese,3/29/2018,KG,180,190,185
Tomato Big(Nepali),3/30/2018,KG,35,40,37.5
Potato Red,3/30/2018,KG,24,26,25
Onion Dry (Indian),3/30/2018,KG,27,29,28
Cabbage(Local),3/30/2018,KG,22,24,23
Garlic Dry Chinese,3/30/2018,KG,180,190,185
Tomato Big(Nepali),3/31/2018,KG,30,35,32.5
Potato Red,3/31/2018,KG,26,28,27
Onion Dry (Indian),3/31/2018,KG,27,29,28
Cabbage(Local),3/31/2018,KG,22,25,23.5
Garlic Dry Chinese,3/31/2018,KG,180,190,185
Tomato Big(Nepali),4/1/2018,KG,30,35,32.5
Potato Red,4/1/2018,KG,28,30,29
Onion Dry (Indian),4/1/2018,KG,28,30,29
Cabbage(Local),4/1/2018,KG,22,25,23.5
Garlic Dry Chinese,4/1/2018,KG,180,190,185
Tomato Big(Nepali),4/2/2018,KG,30,35,32.5
Potato Red,4/2/2018,KG,28,30,29
Onion Dry (Indian),4/2/2018,KG,27,28,27.5
Cabbage(Local),4/2/2018,KG,20,25,22.5
Garlic Dry Chinese,4/2/2018,KG,180,190,185
Tomato Big(Nepali),4/3/2018,KG,35,40,37.5
Potato Red,4/3/2018,KG,28,30,29
Onion Dry (Indian),4/3/2018,KG,26,28,27
Cabbage(Local),4/3/2018,KG,24,26,25
Garlic Dry Chinese,4/3/2018,KG,180,190,185
Tomato Big(Nepali),4/4/2018,KG,30,35,32.5
Potato Red,4/4/2018,KG,30,32,31
Onion Dry (Indian),4/4/2018,KG,28,30,29
Cabbage(Local),4/4/2018,KG,25,28,26.5
Garlic Dry Chinese,4/4/2018,KG,140,150,145
Tomato Big(Nepali),4/5/2018,KG,30,35,32.5
Potato Red,4/5/2018,KG,30,32,31
Onion Dry (Indian),4/5/2018,KG,27,29,28
Cabbage(Local),4/5/2018,KG,25,28,26.5
Garlic Dry Chinese,4/5/2018,KG,140,150,145
Tomato Big(Nepali),4/6/2018,KG,35,40,37.5
Potato Red,4/6/2018,KG,33,35,34
Onion Dry (Indian),4/6/2018,KG,27,29,28
Cabbage(Local),4/6/2018,KG,30,35,32.5
Garlic Dry Chinese,4/6/2018,KG,140,150,145
Tomato Big(Nepali),4/7/2018,KG,35,40,37.5
Potato Red,4/7/2018,KG,33,35,34
Onion Dry (Indian),4/7/2018,KG,25,27,26
Cabbage(Local),4/7/2018,KG,25,30,27.5
Garlic Dry Chinese,4/7/2018,KG,140,150,145
Tomato Big(Nepali),4/8/2018,KG,30,35,32.5
Potato Red,4/8/2018,KG,33,35,34
Onion Dry (Indian),4/8/2018,KG,26,28,27
Cabbage(Local),4/8/2018,KG,28,33,30.5
Garlic Dry Chinese,4/8/2018,KG,140,150,145
Tomato Big(Nepali),4/9/2018,KG,30,35,32.5
Potato Red,4/9/2018,KG,33,35,34
Onion Dry (Indian),4/9/2018,KG,26,28,27
Cabbage(Local),4/9/2018,KG,28,30,29
Garlic Dry Chinese,4/9/2018,KG,140,150,145
Tomato Big(Nepali),4/10/2018,KG,30,35,32.5
Potato Red,4/10/2018,KG,33,35,34
Onion Dry (Indian),4/10/2018,KG,25,27,26
Cabbage(Local),4/10/2018,KG,25,30,27.5
Garlic Dry Chinese,4/10/2018,KG,140,150,145
Tomato Big(Nepali),4/11/2018,KG,30,35,32.5
Potato Red,4/11/2018,KG,30,33,31.5
Onion Dry (Indian),4/11/2018,KG,25,27,26
Cabbage(Local),4/11/2018,KG,25,30,27.5
Garlic Dry Chinese,4/11/2018,KG,140,150,145
Tomato Big(Nepali),4/12/2018,KG,30,35,32.5
Potato Red,4/12/2018,KG,32,34,33
Onion Dry (Indian),4/12/2018,KG,25,27,26
Cabbage(Local),4/12/2018,KG,25,30,27.5
Garlic Dry Chinese,4/12/2018,KG,140,150,145
Tomato Big(Nepali),4/13/2018,KG,30,38,34
Potato Red,4/13/2018,KG,32,34,33
Onion Dry (Indian),4/13/2018,KG,24,26,25
Cabbage(Local),4/13/2018,KG,25,30,27.5
Garlic Dry Chinese,4/13/2018,KG,140,150,145
Tomato Big(Nepali),4/14/2018,KG,30,35,32.5
Potato Red,4/14/2018,KG,32,34,33
Onion Dry (Indian),4/14/2018,KG,24,26,25
Cabbage(Local),4/14/2018,KG,25,30,27.5
Garlic Dry Chinese,4/14/2018,KG,140,150,145
Tomato Big(Nepali),4/15/2018,KG,30,35,32.5
Potato Red,4/15/2018,KG,28,30,29
Onion Dry (Indian),4/15/2018,KG,24,26,25
Cabbage(Local),4/15/2018,KG,25,30,27.5
Garlic Dry Chinese,4/15/2018,KG,140,150,145
Tomato Big(Nepali),4/16/2018,KG,30,35,32.5
Potato Red,4/16/2018,KG,28,30,29
Onion Dry (Indian),4/16/2018,KG,24,26,25
Cabbage(Local),4/16/2018,KG,25,30,27.5
Garlic Dry Chinese,4/16/2018,KG,140,150,145
Tomato Big(Nepali),4/17/2018,KG,35,40,37.5
Potato Red,4/17/2018,KG,28,30,29
Onion Dry (Indian),4/17/2018,KG,24,26,25
Cabbage(Local),4/17/2018,KG,28,33,30.5
Garlic Dry Chinese,4/17/2018,KG,140,150,145
Tomato Big(Nepali),4/18/2018,KG,35,40,37.5
Potato Red,4/18/2018,KG,28,33,30.5
Onion Dry (Indian),4/18/2018,KG,23,25,24
Cabbage(Local),4/18/2018,KG,29,35,32
Garlic Dry Chinese,4/18/2018,KG,140,150,145
Tomato Big(Nepali),4/19/2018,KG,40,45,42.5
Potato Red,4/19/2018,KG,30,32,31
Onion Dry (Indian),4/19/2018,KG,23,25,24
Cabbage(Local),4/19/2018,KG,28,33,30.5
Garlic Dry Chinese,4/19/2018,KG,140,150,145
Tomato Big(Nepali),4/20/2018,KG,50,55,52.5
Potato Red,4/20/2018,KG,30,33,31.5
Onion Dry (Indian),4/20/2018,KG,23,25,24
Cabbage(Local),4/20/2018,KG,28,33,30.5
Garlic Dry Chinese,4/20/2018,KG,140,150,145
Tomato Big(Nepali),4/21/2018,KG,50,55,52.5
Potato Red,4/21/2018,KG,30,33,31.5
Onion Dry (Indian),4/21/2018,KG,23,25,24
Cabbage(Local),4/21/2018,KG,20,25,22.5
Garlic Dry Chinese,4/21/2018,KG,140,150,145
Tomato Big(Nepali),4/22/2018,KG,35,40,37.5
Potato Red,4/22/2018,KG,30,33,31.5
Onion Dry (Indian),4/22/2018,KG,23,25,24
Cabbage(Local),4/22/2018,KG,28,33,30.5
Garlic Dry Chinese,4/22/2018,KG,140,150,145
Tomato Big(Nepali),4/23/2018,KG,40,45,42.5
Potato Red,4/23/2018,KG,30,32,31
Onion Dry (Indian),4/23/2018,KG,24,26,25
Cabbage(Local),4/23/2018,KG,25,30,27.5
Garlic Dry Chinese,4/23/2018,KG,140,150,145
Tomato Big(Nepali),4/24/2018,KG,45,50,47.5
Potato Red,4/24/2018,KG,28,33,30.5
Onion Dry (Indian),4/24/2018,KG,23,25,24
Cabbage(Local),4/24/2018,KG,20,25,22.5
Garlic Dry Chinese,4/24/2018,KG,140,150,145
Tomato Big(Nepali),4/25/2018,KG,40,45,42.5
Potato Red,4/25/2018,KG,30,32,31
Onion Dry (Indian),4/25/2018,KG,23,25,24
Cabbage(Local),4/25/2018,KG,22,25,23.5
Garlic Dry Chinese,4/25/2018,KG,140,150,145
Tomato Big(Nepali),4/26/2018,KG,45,50,47.5
Potato Red,4/26/2018,KG,30,32,31
Onion Dry (Indian),4/26/2018,KG,23,25,24
Cabbage(Local),4/26/2018,KG,22,25,23.5
Garlic Dry Chinese,4/26/2018,KG,140,150,145
Tomato Big(Nepali),4/27/2018,KG,45,50,47.5
Potato Red,4/27/2018,KG,30,32,31
Onion Dry (Indian),4/27/2018,KG,23,25,24
Cabbage(Local),4/27/2018,KG,23,25,24
Garlic Dry Chinese,4/27/2018,KG,140,150,145
Tomato Big(Nepali),4/28/2018,KG,45,50,47.5
Potato Red,4/28/2018,KG,30,33,31.5
Onion Dry (Indian),4/28/2018,KG,23,25,24
Cabbage(Local),4/28/2018,KG,20,25,22.5
Garlic Dry Chinese,4/28/2018,KG,140,150,145
Tomato Big(Nepali),4/29/2018,KG,45,50,47.5
Potato Red,4/29/2018,KG,30,32,31
Onion Dry (Indian),4/29/2018,KG,24,26,25
Cabbage(Local),4/29/2018,KG,20,25,22.5
Garlic Dry Chinese,4/29/2018,KG,140,150,145
Tomato Big(Nepali),4/30/2018,KG,35,40,37.5
Potato Red,4/30/2018,KG,30,32,31
Onion Dry (Indian),4/30/2018,KG,24,26,25
Cabbage(Local),4/30/2018,KG,24,26,25
Garlic Dry Chinese,4/30/2018,KG,140,150,145
Tomato Big(Nepali),5/1/2018,KG,35,40,37.5
Potato Red,5/1/2018,KG,30,32,31
Onion Dry (Indian),5/1/2018,KG,25,27,26
Cabbage(Local),5/1/2018,KG,23,25,24
Garlic Dry Chinese,5/1/2018,KG,140,150,145
Tomato Big(Nepali),5/2/2018,KG,35,40,37.5
Potato Red,5/2/2018,KG,30,32,31
Onion Dry (Indian),5/2/2018,KG,24,26,25
Cabbage(Local),5/2/2018,KG,24,26,25
Garlic Dry Chinese,5/2/2018,KG,140,150,145
Tomato Big(Nepali),5/3/2018,KG,35,40,37.5
Potato Red,5/3/2018,KG,30,32,31
Onion Dry (Indian),5/3/2018,KG,24,26,25
Cabbage(Local),5/3/2018,KG,24,26,25
Garlic Dry Chinese,5/3/2018,KG,140,150,145
Tomato Big(Nepali),5/4/2018,KG,40,45,42.5
Potato Red,5/4/2018,KG,30,33,31.5
Onion Dry (Indian),5/4/2018,KG,24,26,25
Cabbage(Local),5/4/2018,KG,20,25,22.5
Garlic Dry Chinese,5/4/2018,KG,140,150,145
Tomato Big(Nepali),5/5/2018,KG,40,45,42.5
Potato Red,5/5/2018,KG,29,32,30.5
Onion Dry (Indian),5/5/2018,KG,24,25,24.5
Cabbage(Local),5/5/2018,KG,18,20,19
Garlic Dry Chinese,5/5/2018,KG,140,150,145
Tomato Big(Nepali),5/6/2018,KG,40,45,42.5
Potato Red,5/6/2018,KG,30,33,31.5
Onion Dry (Indian),5/6/2018,KG,24,26,25
Cabbage(Local),5/6/2018,KG,20,25,22.5
Garlic Dry Chinese,5/6/2018,KG,140,150,145
Tomato Big(Nepali),5/7/2018,KG,35,40,37.5
Potato Red,5/7/2018,KG,30,33,31.5
Onion Dry (Indian),5/7/2018,KG,24,26,25
Cabbage(Local),5/7/2018,KG,20,25,22.5
Garlic Dry Chinese,5/7/2018,KG,140,150,145
Tomato Big(Nepali),5/8/2018,KG,35,40,37.5
Potato Red,5/8/2018,KG,30,32,31
Onion Dry (Indian),5/8/2018,KG,24,26,25
Cabbage(Local),5/8/2018,KG,20,24,22
Garlic Dry Chinese,5/8/2018,KG,140,150,145
Tomato Big(Nepali),5/9/2018,KG,35,40,37.5
Potato Red,5/9/2018,KG,30,32,31
Onion Dry (Indian),5/9/2018,KG,24,26,25
Cabbage(Local),5/9/2018,KG,20,25,22.5
Garlic Dry Chinese,5/9/2018,KG,140,150,145
Tomato Big(Nepali),5/10/2018,KG,35,40,37.5
Potato Red,5/10/2018,KG,28,32,30
Onion Dry (Indian),5/10/2018,KG,23,25,24
Cabbage(Local),5/10/2018,KG,18,20,19
Garlic Dry Chinese,5/10/2018,KG,140,150,145
Tomato Big(Nepali),5/11/2018,KG,35,40,37.5
Potato Red,5/11/2018,KG,28,30,29
Onion Dry (Indian),5/11/2018,KG,23,25,24
Cabbage(Local),5/11/2018,KG,18,20,19
Garlic Dry Chinese,5/11/2018,KG,140,150,145
Tomato Big(Nepali),5/12/2018,KG,35,40,37.5
Potato Red,5/12/2018,KG,28,30,29
Onion Dry (Indian),5/12/2018,KG,23,25,24
Cabbage(Local),5/12/2018,KG,16,18,17
Garlic Dry Chinese,5/12/2018,KG,140,150,145
Tomato Big(Nepali),5/13/2018,KG,35,40,37.5
Potato Red,5/13/2018,KG,28,30,29
Onion Dry (Indian),5/13/2018,KG,23,25,24
Cabbage(Local),5/13/2018,KG,15,18,16.5
Garlic Dry Chinese,5/13/2018,KG,120,130,125
Tomato Big(Nepali),5/14/2018,KG,35,40,37.5
Potato Red,5/14/2018,KG,28,30,29
Onion Dry (Indian),5/14/2018,KG,23,25,24
Cabbage(Local),5/14/2018,KG,15,20,17.5
Garlic Dry Chinese,5/14/2018,KG,120,130,125
Tomato Big(Nepali),5/15/2018,KG,35,40,37.5
Potato Red,5/15/2018,KG,28,30,29
Onion Dry (Indian),5/15/2018,KG,23,25,24
Cabbage(Local),5/15/2018,KG,20,25,22.5
Garlic Dry Chinese,5/15/2018,KG,120,130,125
Tomato Big(Nepali),5/16/2018,KG,35,40,37.5
Potato Red,5/16/2018,KG,28,30,29
Onion Dry (Indian),5/16/2018,KG,23,25,24
Cabbage(Local),5/16/2018,KG,20,25,22.5
Garlic Dry Chinese,5/16/2018,KG,120,130,125
Tomato Big(Nepali),5/17/2018,KG,35,40,37.5
Potato Red,5/17/2018,KG,28,30,29
Onion Dry (Indian),5/17/2018,KG,23,25,24
Cabbage(Local),5/17/2018,KG,20,25,22.5
Garlic Dry Chinese,5/17/2018,KG,120,130,125
Tomato Big(Nepali),5/18/2018,KG,35,40,37.5
Potato Red,5/18/2018,KG,25,30,27.5
Onion Dry (Indian),5/18/2018,KG,23,25,24
Cabbage(Local),5/18/2018,KG,25,28,26.5
Garlic Dry Chinese,5/18/2018,KG,120,130,125
Tomato Big(Nepali),5/19/2018,KG,30,35,32.5
Potato Red,5/19/2018,KG,28,30,29
Onion Dry (Indian),5/19/2018,KG,23,25,24
Cabbage(Local),5/19/2018,KG,25,28,26.5
Garlic Dry Chinese,5/19/2018,KG,120,130,125
Tomato Big(Nepali),5/20/2018,KG,30,35,32.5
Potato Red,5/20/2018,KG,28,30,29
Onion Dry (Indian),5/20/2018,KG,23,25,24
Cabbage(Local),5/20/2018,KG,25,30,27.5
Garlic Dry Chinese,5/20/2018,KG,120,130,125
Tomato Big(Nepali),5/21/2018,KG,30,35,32.5
Potato Red,5/21/2018,KG,28,30,29
Onion Dry (Indian),5/21/2018,KG,23,25,24
Cabbage(Local),5/21/2018,KG,25,28,26.5
Garlic Dry Chinese,5/21/2018,KG,120,130,125
Tomato Big(Nepali),5/22/2018,KG,30,35,32.5
Potato Red,5/22/2018,KG,28,30,29
Onion Dry (Indian),5/22/2018,KG,23,25,24
Cabbage(Local),5/22/2018,KG,25,30,27.5
Garlic Dry Chinese,5/22/2018,KG,120,130,125
Tomato Big(Nepali),5/23/2018,KG,30,35,32.5
Potato Red,5/23/2018,KG,25,28,26.5
Onion Dry (Indian),5/23/2018,KG,23,25,24
Cabbage(Local),5/23/2018,KG,25,30,27.5
Garlic Dry Chinese,5/23/2018,KG,120,130,125
Tomato Big(Nepali),5/24/2018,KG,30,35,32.5
Potato Red,5/24/2018,KG,25,28,26.5
Onion Dry (Indian),5/24/2018,KG,23,25,24
Cabbage(Local),5/24/2018,KG,25,28,26.5
Garlic Dry Chinese,5/24/2018,KG,120,130,125
Tomato Big(Nepali),5/25/2018,KG,30,35,32.5
Potato Red,5/25/2018,KG,25,28,26.5
Onion Dry (Indian),5/25/2018,KG,23,25,24
Cabbage(Local),5/25/2018,KG,25,28,26.5
Garlic Dry Chinese,5/25/2018,KG,120,130,125
Tomato Big(Nepali),5/26/2018,KG,30,35,32.5
Potato Red,5/26/2018,KG,25,28,26.5
Onion Dry (Indian),5/26/2018,KG,23,25,24
Cabbage(Local),5/26/2018,KG,25,28,26.5
Garlic Dry Chinese,5/26/2018,KG,120,130,125
Tomato Big(Nepali),5/27/2018,KG,30,35,32.5
Potato Red,5/27/2018,KG,25,28,26.5
Onion Dry (Indian),5/27/2018,KG,23,25,24
Cabbage(Local),5/27/2018,KG,25,28,26.5
Garlic Dry Chinese,5/27/2018,KG,120,130,125
Tomato Big(Nepali),5/28/2018,KG,30,35,32.5
Potato Red,5/28/2018,KG,25,28,26.5
Onion Dry (Indian),5/28/2018,KG,23,25,24
Cabbage(Local),5/28/2018,KG,30,35,32.5
Garlic Dry Chinese,5/28/2018,KG,120,130,125
Tomato Big(Nepali),5/29/2018,KG,45,50,47.5
Potato Red,5/29/2018,KG,25,30,27.5
Onion Dry (Indian),5/29/2018,KG,23,25,24
Cabbage(Local),5/29/2018,KG,40,45,42.5
Garlic Dry Chinese,5/29/2018,KG,120,130,125
Tomato Big(Nepali),5/30/2018,KG,40,45,42.5
Potato Red,5/30/2018,KG,30,32,31
Onion Dry (Indian),5/30/2018,KG,23,25,24
Cabbage(Local),5/30/2018,KG,35,40,37.5
Garlic Dry Chinese,5/30/2018,KG,120,130,125
Tomato Big(Nepali),5/31/2018,KG,40,45,42.5
Potato Red,5/31/2018,KG,29,31,30
Onion Dry (Indian),5/31/2018,KG,23,25,24
Cabbage(Local),5/31/2018,KG,35,40,37.5
Garlic Dry Chinese,5/31/2018,KG,120,130,125
Tomato Big(Nepali),6/1/2018,KG,40,45,42.5
Potato Red,6/1/2018,KG,30,32,31
Onion Dry (Indian),6/1/2018,KG,23,25,24
Cabbage(Local),6/1/2018,KG,35,40,37.5
Garlic Dry Chinese,6/1/2018,KG,120,130,125
Tomato Big(Nepali),6/2/2018,KG,40,45,42.5
Potato Red,6/2/2018,KG,30,32,31
Onion Dry (Indian),6/2/2018,KG,23,25,24
Cabbage(Local),6/2/2018,KG,35,40,37.5
Garlic Dry Chinese,6/2/2018,KG,120,130,125
Tomato Big(Nepali),6/3/2018,KG,35,40,37.5
Potato Red,6/3/2018,KG,31,33,32
Onion Dry (Indian),6/3/2018,KG,24,26,25
Cabbage(Local),6/3/2018,KG,35,40,37.5
Garlic Dry Chinese,6/3/2018,KG,120,130,125
Tomato Big(Nepali),6/4/2018,KG,35,40,37.5
Potato Red,6/4/2018,KG,32,34,33
Onion Dry (Indian),6/4/2018,KG,24,26,25
Cabbage(Local),6/4/2018,KG,30,35,32.5
Garlic Dry Chinese,6/4/2018,KG,120,130,125
Tomato Big(Nepali),6/5/2018,KG,35,40,37.5
Potato Red,6/5/2018,KG,33,35,34
Onion Dry (Indian),6/5/2018,KG,24,26,25
Cabbage(Local),6/5/2018,KG,30,35,32.5
Garlic Dry Chinese,6/5/2018,KG,120,130,125
Tomato Big(Nepali),6/6/2018,KG,35,40,37.5
Potato Red,6/6/2018,KG,33,35,34
Onion Dry (Indian),6/6/2018,KG,24,26,25
Cabbage(Local),6/6/2018,KG,30,35,32.5
Garlic Dry Chinese,6/6/2018,KG,120,130,125
Tomato Big(Nepali),6/7/2018,KG,35,40,37.5
Potato Red,6/7/2018,KG,33,35,34
Onion Dry (Indian),6/7/2018,KG,24,26,25
Cabbage(Local),6/7/2018,KG,30,35,32.5
Garlic Dry Chinese,6/7/2018,KG,120,130,125
Tomato Big(Nepali),6/8/2018,KG,35,40,37.5
Potato Red,6/8/2018,KG,33,35,34
Onion Dry (Indian),6/8/2018,KG,23,25,24
Cabbage(Local),6/8/2018,KG,28,30,29
Garlic Dry Chinese,6/8/2018,KG,120,130,125
Tomato Big(Nepali),6/9/2018,KG,35,40,37.5
Potato Red,6/9/2018,KG,33,35,34
Onion Dry (Indian),6/9/2018,KG,22,25,23.5
Cabbage(Local),6/9/2018,KG,28,30,29
Garlic Dry Chinese,6/9/2018,KG,120,130,125
Tomato Big(Nepali),6/10/2018,KG,40,45,42.5
Potato Red,6/10/2018,KG,31,33,32
Onion Dry (Indian),6/10/2018,KG,23,25,24
Cabbage(Local),6/10/2018,KG,28,30,29
Garlic Dry Chinese,6/10/2018,KG,120,130,125
Tomato Big(Nepali),6/11/2018,KG,40,45,42.5
Potato Red,6/11/2018,KG,31,33,32
Onion Dry (Indian),6/11/2018,KG,23,25,24
Cabbage(Local),6/11/2018,KG,22,25,23.5
Garlic Dry Chinese,6/11/2018,KG,120,130,125
Tomato Big(Nepali),6/12/2018,KG,55,60,57.5
Potato Red,6/12/2018,KG,31,33,32
Onion Dry (Indian),6/12/2018,KG,23,25,24
Cabbage(Local),6/12/2018,KG,23,25,24
Garlic Dry Chinese,6/12/2018,KG,120,130,125
Tomato Big(Nepali),6/13/2018,KG,55,60,57.5
Potato Red,6/13/2018,KG,31,33,32
Onion Dry (Indian),6/13/2018,KG,25,27,26
Cabbage(Local),6/13/2018,KG,25,27,26
Garlic Dry Chinese,6/13/2018,KG,120,130,125
Tomato Big(Nepali),6/14/2018,KG,55,60,57.5
Potato Red,6/14/2018,KG,31,33,32
Onion Dry (Indian),6/14/2018,KG,26,28,27
Cabbage(Local),6/14/2018,KG,30,35,32.5
Garlic Dry Chinese,6/14/2018,KG,120,130,125
Tomato Big(Nepali),6/15/2018,KG,55,60,57.5
Potato Red,6/15/2018,KG,31,33,32
Onion Dry (Indian),6/15/2018,KG,25,27,26
Cabbage(Local),6/15/2018,KG,30,35,32.5
Garlic Dry Chinese,6/15/2018,KG,120,130,125
Tomato Big(Nepali),6/16/2018,KG,55,60,57.5
Potato Red,6/16/2018,KG,31,33,32
Onion Dry (Indian),6/16/2018,KG,25,27,26
Cabbage(Local),6/16/2018,KG,35,40,37.5
Garlic Dry Chinese,6/16/2018,KG,120,130,125
Tomato Big(Nepali),6/17/2018,KG,55,60,57.5
Potato Red,6/17/2018,KG,31,33,32
Onion Dry (Indian),6/17/2018,KG,27,29,28
Cabbage(Local),6/17/2018,KG,40,45,42.5
Garlic Dry Chinese,6/17/2018,KG,120,130,125
Tomato Big(Nepali),6/18/2018,KG,55,60,57.5
Potato Red,6/18/2018,KG,31,33,32
Onion Dry (Indian),6/18/2018,KG,28,30,29
Cabbage(Local),6/18/2018,KG,40,45,42.5
Garlic Dry Chinese,6/18/2018,KG,120,130,125
Tomato Big(Nepali),6/19/2018,KG,55,60,57.5
Potato Red,6/19/2018,KG,31,33,32
Onion Dry (Indian),6/19/2018,KG,28,30,29
Cabbage(Local),6/19/2018,KG,40,45,42.5
Garlic Dry Chinese,6/19/2018,KG,120,130,125
Potato Red,6/20/2018,KG,32,35,33.5
Onion Dry (Indian),6/20/2018,KG,28,30,29
Cabbage(Local),6/20/2018,KG,55,60,57.5
Garlic Dry Chinese,6/20/2018,KG,120,130,125
Potato Red,6/21/2018,KG,32,34,33
Onion Dry (Indian),6/21/2018,KG,29,31,30
Cabbage(Local),6/21/2018,KG,55,60,57.5
Garlic Dry Chinese,6/21/2018,KG,120,130,125
Potato Red,6/22/2018,KG,33,35,34
Onion Dry (Indian),6/22/2018,KG,34,36,35
Cabbage(Local),6/22/2018,KG,55,60,57.5
Garlic Dry Chinese,6/22/2018,KG,120,130,125
Potato Red,6/23/2018,KG,33,35,34
Onion Dry (Indian),6/23/2018,KG,34,36,35
Cabbage(Local),6/23/2018,KG,55,60,57.5
Garlic Dry Chinese,6/23/2018,KG,120,130,125
Tomato Big(Nepali),6/24/2018,KG,75,80,77.5
Potato Red,6/24/2018,KG,33,35,34
Onion Dry (Indian),6/24/2018,KG,34,36,35
Cabbage(Local),6/24/2018,KG,60,65,62.5
Garlic Dry Chinese,6/24/2018,KG,130,140,135
Tomato Big(Nepali),6/25/2018,KG,70,80,75
Potato Red,6/25/2018,KG,34,36,35
Onion Dry (Indian),6/25/2018,KG,34,36,35
Cabbage(Local),6/25/2018,KG,65,70,67.5
Garlic Dry Chinese,6/25/2018,KG,130,140,135
Tomato Big(Nepali),6/26/2018,KG,65,70,67.5
Potato Red,6/26/2018,KG,34,36,35
Onion Dry (Indian),6/26/2018,KG,34,36,35
Cabbage(Local),6/26/2018,KG,65,70,67.5
Garlic Dry Chinese,6/26/2018,KG,130,140,135
Tomato Big(Nepali),6/27/2018,KG,65,70,67.5
Potato Red,6/27/2018,KG,34,37,35.5
Onion Dry (Indian),6/27/2018,KG,34,36,35
Cabbage(Local),6/27/2018,KG,45,50,47.5
Garlic Dry Chinese,6/27/2018,KG,130,140,135
Tomato Big(Nepali),6/28/2018,KG,65,70,67.5
Potato Red,6/28/2018,KG,34,37,35.5
Onion Dry (Indian),6/28/2018,KG,34,36,35
Cabbage(Local),6/28/2018,KG,50,55,52.5
Garlic Dry Chinese,6/28/2018,KG,130,140,135
Tomato Big(Nepali),6/29/2018,KG,55,60,57.5
Potato Red,6/29/2018,KG,34,37,35.5
Onion Dry (Indian),6/29/2018,KG,34,36,35
Cabbage(Local),6/29/2018,KG,45,50,47.5
Garlic Dry Chinese,6/29/2018,KG,130,140,135
Tomato Big(Nepali),6/30/2018,KG,55,60,57.5
Potato Red,6/30/2018,KG,35,37,36
Onion Dry (Indian),6/30/2018,KG,34,36,35
Cabbage(Local),6/30/2018,KG,45,50,47.5
Garlic Dry Chinese,6/30/2018,KG,130,140,135
Tomato Big(Nepali),7/1/2018,KG,45,50,47.5
Potato Red,7/1/2018,KG,35,37,36
Onion Dry (Indian),7/1/2018,KG,33,35,34
Cabbage(Local),7/1/2018,KG,45,50,47.5
Garlic Dry Chinese,7/1/2018,KG,130,140,135
Tomato Big(Nepali),7/2/2018,KG,45,50,47.5
Potato Red,7/2/2018,KG,34,37,35.5
Onion Dry (Indian),7/2/2018,KG,34,36,35
Cabbage(Local),7/2/2018,KG,65,70,67.5
Garlic Dry Chinese,7/2/2018,KG,130,140,135
Tomato Big(Nepali),7/3/2018,KG,50,55,52.5
Potato Red,7/3/2018,KG,38,40,39
Onion Dry (Indian),7/3/2018,KG,38,40,39
Cabbage(Local),7/3/2018,KG,75,80,77.5
Garlic Dry Chinese,7/3/2018,KG,130,140,135
Tomato Big(Nepali),7/4/2018,KG,40,45,42.5
Potato Red,7/4/2018,KG,36,38,37
Onion Dry (Indian),7/4/2018,KG,38,40,39
Cabbage(Local),7/4/2018,KG,45,50,47.5
Garlic Dry Chinese,7/4/2018,KG,130,140,135
Tomato Big(Nepali),7/5/2018,KG,35,40,37.5
Potato Red,7/5/2018,KG,37,40,38.5
Onion Dry (Indian),7/5/2018,KG,38,40,39
Cabbage(Local),7/5/2018,KG,45,50,47.5
Garlic Dry Chinese,7/5/2018,KG,130,140,135
Tomato Big(Nepali),7/6/2018,KG,35,40,37.5
Potato Red,7/6/2018,KG,36,38,37
Onion Dry (Indian),7/6/2018,KG,36,38,37
Cabbage(Local),7/6/2018,KG,45,50,47.5
Garlic Dry Chinese,7/6/2018,KG,130,140,135
Tomato Big(Nepali),7/7/2018,KG,35,40,37.5
Potato Red,7/7/2018,KG,36,38,37
Onion Dry (Indian),7/7/2018,KG,36,38,37
Cabbage(Local),7/7/2018,KG,40,45,42.5
Garlic Dry Chinese,7/7/2018,KG,130,140,135
Tomato Big(Nepali),7/8/2018,KG,35,40,37.5
Potato Red,7/8/2018,KG,38,40,39
Onion Dry (Indian),7/8/2018,KG,36,38,37
Cabbage(Local),7/8/2018,KG,35,40,37.5
Garlic Dry Chinese,7/8/2018,KG,130,140,135
Tomato Big(Nepali),7/9/2018,KG,35,40,37.5
Potato Red,7/9/2018,KG,38,40,39
Onion Dry (Indian),7/9/2018,KG,35,37,36
Cabbage(Local),7/9/2018,KG,35,40,37.5
Garlic Dry Chinese,7/9/2018,KG,130,140,135
Tomato Big(Nepali),7/10/2018,KG,40,45,42.5
Potato Red,7/10/2018,KG,38,40,39
Onion Dry (Indian),7/10/2018,KG,35,37,36
Cabbage(Local),7/10/2018,KG,35,40,37.5
Garlic Dry Chinese,7/10/2018,KG,130,140,135
Potato Red,7/11/2018,KG,38,40,39
Onion Dry (Indian),7/11/2018,KG,33,35,34
Cabbage(Local),7/11/2018,KG,35,40,37.5
Garlic Dry Chinese,7/11/2018,KG,130,140,135
Potato Red,7/12/2018,KG,38,40,39
Onion Dry (Indian),7/12/2018,KG,34,36,35
Cabbage(Local),7/12/2018,KG,35,40,37.5
Garlic Dry Chinese,7/12/2018,KG,130,140,135
Potato Red,7/13/2018,KG,38,40,39
Onion Dry (Indian),7/13/2018,KG,33,35,34
Cabbage(Local),7/13/2018,KG,40,45,42.5
Garlic Dry Chinese,7/13/2018,KG,130,140,135
Potato Red,7/14/2018,KG,38,40,39
Onion Dry (Indian),7/14/2018,KG,33,35,34
Cabbage(Local),7/14/2018,KG,35,40,37.5
Garlic Dry Chinese,7/14/2018,KG,130,140,135
Tomato Big(Nepali),7/15/2018,KG,55,60,57.5
Potato Red,7/15/2018,KG,38,40,39
Onion Dry (Indian),7/15/2018,KG,33,35,34
Cabbage(Local),7/15/2018,KG,35,40,37.5
Garlic Dry Chinese,7/15/2018,KG,120,130,125
Tomato Big(Nepali),7/16/2018,KG,55,60,57.5
Potato Red,7/16/2018,KG,38,40,39
Onion Dry (Indian),7/16/2018,KG,33,35,34
Cabbage(Local),7/16/2018,KG,35,40,37.5
Garlic Dry Chinese,7/16/2018,KG,120,130,125
Tomato Big(Nepali),7/17/2018,KG,55,60,57.5
Potato Red,7/17/2018,KG,38,40,39
Onion Dry (Indian),7/17/2018,KG,33,35,34
Cabbage(Local),7/17/2018,KG,40,45,42.5
Garlic Dry Chinese,7/17/2018,KG,120,130,125
Potato Red,7/18/2018,KG,40,45,42.5
Onion Dry (Indian),7/18/2018,KG,33,35,34
Cabbage(Local),7/18/2018,KG,40,45,42.5
Garlic Dry Chinese,7/18/2018,KG,120,130,125
Tomato Big(Nepali),7/19/2018,KG,30,35,32.5
Potato Red,7/19/2018,KG,40,45,42.5
Onion Dry (Indian),7/19/2018,KG,34,36,35
Cabbage(Local),7/19/2018,KG,40,45,42.5
Garlic Dry Chinese,7/19/2018,KG,120,130,125
Tomato Big(Nepali),7/20/2018,KG,35,40,37.5
Potato Red,7/20/2018,KG,40,45,42.5
Onion Dry (Indian),7/20/2018,KG,34,36,35
Cabbage(Local),7/20/2018,KG,35,40,37.5
Garlic Dry Chinese,7/20/2018,KG,120,130,125
Tomato Big(Nepali),7/21/2018,KG,35,40,37.5
Potato Red,7/21/2018,KG,40,45,42.5
Onion Dry (Indian),7/21/2018,KG,34,36,35
Cabbage(Local),7/21/2018,KG,35,40,37.5
Garlic Dry Chinese,7/21/2018,KG,120,130,125
Tomato Big(Nepali),7/22/2018,KG,35,40,37.5
Potato Red,7/22/2018,KG,40,45,42.5
Onion Dry (Indian),7/22/2018,KG,34,36,35
Cabbage(Local),7/22/2018,KG,35,40,37.5
Garlic Dry Chinese,7/22/2018,KG,120,130,125
Tomato Big(Nepali),7/23/2018,KG,20,25,22.5
Potato Red,7/23/2018,KG,40,45,42.5
Onion Dry (Indian),7/23/2018,KG,34,36,35
Cabbage(Local),7/23/2018,KG,35,40,37.5
Garlic Dry Chinese,7/23/2018,KG,120,130,125
Tomato Big(Nepali),7/24/2018,KG,30,35,32.5
Potato Red,7/24/2018,KG,40,45,42.5
Onion Dry (Indian),7/24/2018,KG,34,36,35
Cabbage(Local),7/24/2018,KG,35,40,37.5
Garlic Dry Chinese,7/24/2018,KG,120,130,125
Tomato Big(Nepali),7/25/2018,KG,30,35,32.5
Potato Red,7/25/2018,KG,40,45,42.5
Onion Dry (Indian),7/25/2018,KG,34,36,35
Cabbage(Local),7/25/2018,KG,35,40,37.5
Garlic Dry Chinese,7/25/2018,KG,120,130,125
Tomato Big(Nepali),7/26/2018,KG,35,40,37.5
Potato Red,7/26/2018,KG,40,45,42.5
Onion Dry (Indian),7/26/2018,KG,34,36,35
Cabbage(Local),7/26/2018,KG,35,40,37.5
Garlic Dry Chinese,7/26/2018,KG,120,130,125
Tomato Big(Nepali),7/27/2018,KG,30,35,32.5
Potato Red,7/27/2018,KG,40,45,42.5
Onion Dry (Indian),7/27/2018,KG,34,36,35
Cabbage(Local),7/27/2018,KG,35,40,37.5
Garlic Dry Chinese,7/27/2018,KG,120,130,125
Tomato Big(Nepali),7/28/2018,KG,30,35,32.5
Potato Red,7/28/2018,KG,40,45,42.5
Onion Dry (Indian),7/28/2018,KG,34,36,35
Cabbage(Local),7/28/2018,KG,30,35,32.5
Garlic Dry Chinese,7/28/2018,KG,120,130,125
Tomato Big(Nepali),7/29/2018,KG,30,35,32.5
Potato Red,7/29/2018,KG,40,45,42.5
Onion Dry (Indian),7/29/2018,KG,35,37,36
Cabbage(Local),7/29/2018,KG,35,40,37.5
Garlic Dry Chinese,7/29/2018,KG,120,130,125
Tomato Big(Nepali),7/30/2018,KG,35,40,37.5
Potato Red,7/30/2018,KG,40,45,42.5
Onion Dry (Indian),7/30/2018,KG,35,37,36
Cabbage(Local),7/30/2018,KG,35,40,37.5
Garlic Dry Chinese,7/30/2018,KG,120,130,125
Tomato Big(Nepali),7/31/2018,KG,35,40,37.5
Potato Red,7/31/2018,KG,40,45,42.5
Onion Dry (Indian),7/31/2018,KG,35,37,36
Cabbage(Local),7/31/2018,KG,35,40,37.5
Garlic Dry Chinese,7/31/2018,KG,120,130,125
Tomato Big(Nepali),8/1/2018,KG,35,40,37.5
Potato Red,8/1/2018,KG,40,45,42.5
Onion Dry (Indian),8/1/2018,KG,35,37,36
Cabbage(Local),8/1/2018,KG,30,35,32.5
Garlic Dry Chinese,8/1/2018,KG,120,130,125
Tomato Big(Nepali),8/2/2018,KG,45,50,47.5
Potato Red,8/2/2018,KG,40,45,42.5
Onion Dry (Indian),8/2/2018,KG,33,35,34
Cabbage(Local),8/2/2018,KG,30,35,32.5
Garlic Dry Chinese,8/2/2018,KG,120,130,125
Tomato Big(Nepali),8/3/2018,KG,40,45,42.5
Potato Red,8/3/2018,KG,40,45,42.5
Onion Dry (Indian),8/3/2018,KG,34,36,35
Cabbage(Local),8/3/2018,KG,35,40,37.5
Garlic Dry Chinese,8/3/2018,KG,120,130,125
Tomato Big(Nepali),8/4/2018,KG,40,45,42.5
Potato Red,8/4/2018,KG,40,45,42.5
Onion Dry (Indian),8/4/2018,KG,34,36,35
Cabbage(Local),8/4/2018,KG,30,38,34
Garlic Dry Chinese,8/4/2018,KG,120,130,125
Tomato Big(Nepali),8/5/2018,KG,40,45,42.5
Potato Red,8/5/2018,KG,40,44,42
Onion Dry (Indian),8/5/2018,KG,34,36,35
Cabbage(Local),8/5/2018,KG,30,35,32.5
Garlic Dry Chinese,8/5/2018,KG,120,130,125
Tomato Big(Nepali),8/6/2018,KG,45,50,47.5
Potato Red,8/6/2018,KG,40,44,42
Onion Dry (Indian),8/6/2018,KG,34,36,35
Cabbage(Local),8/6/2018,KG,35,40,37.5
Garlic Dry Chinese,8/6/2018,KG,120,130,125
Tomato Big(Nepali),8/7/2018,KG,55,60,57.5
Potato Red,8/7/2018,KG,44,46,45
Onion Dry (Indian),8/7/2018,KG,33,35,34
Cabbage(Local),8/7/2018,KG,33,35,34
Garlic Dry Chinese,8/7/2018,KG,120,130,125
Potato Red,8/8/2018,KG,43,47,45
Onion Dry (Indian),8/8/2018,KG,33,35,34
Cabbage(Local),8/8/2018,KG,30,35,32.5
Garlic Dry Chinese,8/8/2018,KG,120,130,125
Tomato Big(Nepali),8/9/2018,KG,65,70,67.5
Potato Red,8/9/2018,KG,44,46,45
Onion Dry (Indian),8/9/2018,KG,33,35,34
Cabbage(Local),8/9/2018,KG,30,35,32.5
Garlic Dry Chinese,8/9/2018,KG,120,130,125
Tomato Big(Nepali),8/10/2018,KG,50,55,52.5
Potato Red,8/10/2018,KG,44,46,45
Onion Dry (Indian),8/10/2018,KG,33,35,34
Cabbage(Local),8/10/2018,KG,35,40,37.5
Garlic Dry Chinese,8/10/2018,KG,120,130,125
Tomato Big(Nepali),8/11/2018,KG,50,55,52.5
Potato Red,8/11/2018,KG,44,46,45
Onion Dry (Indian),8/11/2018,KG,33,35,34
Cabbage(Local),8/11/2018,KG,35,40,37.5
Garlic Dry Chinese,8/11/2018,KG,120,130,125
Tomato Big(Nepali),8/12/2018,KG,50,55,52.5
Potato Red,8/12/2018,KG,45,47,46
Onion Dry (Indian),8/12/2018,KG,33,35,34
Cabbage(Local),8/12/2018,KG,50,55,52.5
Garlic Dry Chinese,8/12/2018,KG,120,130,125
Tomato Big(Nepali),8/13/2018,KG,50,55,52.5
Potato Red,8/13/2018,KG,45,47,46
Onion Dry (Indian),8/13/2018,KG,33,35,34
Cabbage(Local),8/13/2018,KG,45,50,47.5
Garlic Dry Chinese,8/13/2018,KG,120,130,125
Tomato Big(Nepali),8/14/2018,KG,45,50,47.5
Potato Red,8/14/2018,KG,45,47,46
Onion Dry (Indian),8/14/2018,KG,33,34,33.5
Cabbage(Local),8/14/2018,KG,50,55,52.5
Garlic Dry Chinese,8/14/2018,KG,120,130,125
Tomato Big(Nepali),8/15/2018,KG,45,50,47.5
Potato Red,8/15/2018,KG,45,47,46
Onion Dry (Indian),8/15/2018,KG,33,34,33.5
Cabbage(Local),8/15/2018,KG,45,50,47.5
Garlic Dry Chinese,8/15/2018,KG,120,130,125
Tomato Big(Nepali),8/16/2018,KG,45,50,47.5
Potato Red,8/16/2018,KG,45,47,46
Onion Dry (Indian),8/16/2018,KG,32,34,33
Cabbage(Local),8/16/2018,KG,45,50,47.5
Garlic Dry Chinese,8/16/2018,KG,120,130,125
Tomato Big(Nepali),8/17/2018,KG,45,50,47.5
Potato Red,8/17/2018,KG,45,47,46
Onion Dry (Indian),8/17/2018,KG,32,34,33
Cabbage(Local),8/17/2018,KG,55,60,57.5
Garlic Dry Chinese,8/17/2018,KG,120,130,125
Tomato Big(Nepali),8/18/2018,KG,45,50,47.5
Potato Red,8/18/2018,KG,45,47,46
Onion Dry (Indian),8/18/2018,KG,32,34,33
Cabbage(Local),8/18/2018,KG,45,50,47.5
Garlic Dry Chinese,8/18/2018,KG,120,130,125
Tomato Big(Nepali),8/19/2018,KG,45,50,47.5
Potato Red,8/19/2018,KG,45,47,46
Onion Dry (Indian),8/19/2018,KG,32,34,33
Cabbage(Local),8/19/2018,KG,45,50,47.5
Garlic Dry Chinese,8/19/2018,KG,120,130,125
Tomato Big(Nepali),8/20/2018,KG,50,55,52.5
Potato Red,8/20/2018,KG,45,47,46
Onion Dry (Indian),8/20/2018,KG,31,33,32
Cabbage(Local),8/20/2018,KG,50,55,52.5
Garlic Dry Chinese,8/20/2018,KG,120,130,125
Tomato Big(Nepali),8/21/2018,KG,55,60,57.5
Potato Red,8/21/2018,KG,45,46,45.5
Onion Dry (Indian),8/21/2018,KG,31,33,32
Cabbage(Local),8/21/2018,KG,55,60,57.5
Garlic Dry Chinese,8/21/2018,KG,120,130,125
Tomato Big(Nepali),8/22/2018,KG,55,60,57.5
Potato Red,8/22/2018,KG,45,47,46
Onion Dry (Indian),8/22/2018,KG,31,33,32
Cabbage(Local),8/22/2018,KG,65,70,67.5
Garlic Dry Chinese,8/22/2018,KG,120,130,125
Tomato Big(Nepali),8/23/2018,KG,45,50,47.5
Potato Red,8/23/2018,KG,45,47,46
Onion Dry (Indian),8/23/2018,KG,31,33,32
Cabbage(Local),8/23/2018,KG,65,70,67.5
Garlic Dry Chinese,8/23/2018,KG,120,130,125
Tomato Big(Nepali),8/24/2018,KG,45,50,47.5
Potato Red,8/24/2018,KG,45,47,46
Onion Dry (Indian),8/24/2018,KG,31,33,32
Cabbage(Local),8/24/2018,KG,65,70,67.5
Garlic Dry Chinese,8/24/2018,KG,120,130,125
Tomato Big(Nepali),8/25/2018,KG,45,50,47.5
Potato Red,8/25/2018,KG,45,47,46
Onion Dry (Indian),8/25/2018,KG,30,33,31.5
Cabbage(Local),8/25/2018,KG,45,50,47.5
Garlic Dry Chinese,8/25/2018,KG,120,130,125
Tomato Big(Nepali),8/26/2018,KG,40,45,42.5
Potato Red,8/26/2018,KG,45,47,46
Onion Dry (Indian),8/26/2018,KG,30,32,31
Cabbage(Local),8/26/2018,KG,45,50,47.5
Garlic Dry Chinese,8/26/2018,KG,120,130,125
Tomato Big(Nepali),8/27/2018,KG,35,40,37.5
Potato Red,8/27/2018,KG,45,47,46
Onion Dry (Indian),8/27/2018,KG,30,32,31
Cabbage(Local),8/27/2018,KG,45,50,47.5
Garlic Dry Chinese,8/27/2018,KG,120,130,125
Tomato Big(Nepali),8/28/2018,KG,40,45,42.5
Potato Red,8/28/2018,KG,45,47,46
Onion Dry (Indian),8/28/2018,KG,31,33,32
Cabbage(Local),8/28/2018,KG,40,45,42.5
Garlic Dry Chinese,8/28/2018,KG,120,130,125
Tomato Big(Nepali),8/29/2018,KG,50,55,52.5
Potato Red,8/29/2018,KG,45,47,46
Onion Dry (Indian),8/29/2018,KG,30,32,31
Cabbage(Local),8/29/2018,KG,45,50,47.5
Garlic Dry Chinese,8/29/2018,KG,120,130,125
Tomato Big(Nepali),8/30/2018,KG,50,55,52.5
Potato Red,8/30/2018,KG,45,48,46.5
Onion Dry (Indian),8/30/2018,KG,30,32,31
Cabbage(Local),8/30/2018,KG,45,50,47.5
Garlic Dry Chinese,8/30/2018,KG,120,130,125
Tomato Big(Nepali),8/31/2018,KG,45,50,47.5
Potato Red,8/31/2018,KG,45,48,46.5
Onion Dry (Indian),8/31/2018,KG,30,32,31
Cabbage(Local),8/31/2018,KG,45,50,47.5
Garlic Dry Chinese,8/31/2018,KG,120,130,125
Tomato Big(Nepali),9/1/2018,KG,45,50,47.5
Potato Red,9/1/2018,KG,45,48,46.5
Onion Dry (Indian),9/1/2018,KG,30,32,31
Cabbage(Local),9/1/2018,KG,45,50,47.5
Garlic Dry Chinese,9/1/2018,KG,120,130,125
Tomato Big(Nepali),9/2/2018,KG,45,50,47.5
Potato Red,9/2/2018,KG,45,48,46.5
Onion Dry (Indian),9/2/2018,KG,30,32,31
Cabbage(Local),9/2/2018,KG,45,50,47.5
Garlic Dry Chinese,9/2/2018,KG,120,130,125
Tomato Big(Nepali),9/3/2018,KG,45,50,47.5
Potato Red,9/3/2018,KG,45,48,46.5
Onion Dry (Indian),9/3/2018,KG,30,32,31
Cabbage(Local),9/3/2018,KG,45,48,46.5
Garlic Dry Chinese,9/3/2018,KG,120,130,125
Tomato Big(Nepali),9/4/2018,KG,50,55,52.5
Potato Red,9/4/2018,KG,45,50,47.5
Onion Dry (Indian),9/4/2018,KG,30,32,31
Cabbage(Local),9/4/2018,KG,45,50,47.5
Garlic Dry Chinese,9/4/2018,KG,120,130,125
Tomato Big(Nepali),9/5/2018,KG,40,45,42.5
Potato Red,9/5/2018,KG,45,50,47.5
Onion Dry (Indian),9/5/2018,KG,30,32,31
Cabbage(Local),9/5/2018,KG,50,55,52.5
Garlic Dry Chinese,9/5/2018,KG,120,130,125
Tomato Big(Nepali),9/6/2018,KG,40,45,42.5
Potato Red,9/6/2018,KG,45,50,47.5
Onion Dry (Indian),9/6/2018,KG,30,32,31
Cabbage(Local),9/6/2018,KG,45,50,47.5
Garlic Dry Chinese,9/6/2018,KG,120,130,125
Tomato Big(Nepali),9/7/2018,KG,40,45,42.5
Potato Red,9/7/2018,KG,48,50,49
Onion Dry (Indian),9/7/2018,KG,30,32,31
Cabbage(Local),9/7/2018,KG,50,55,52.5
Garlic Dry Chinese,9/7/2018,KG,120,130,125
Tomato Big(Nepali),9/8/2018,KG,40,45,42.5
Potato Red,9/8/2018,KG,48,50,49
Onion Dry (Indian),9/8/2018,KG,30,32,31
Cabbage(Local),9/8/2018,KG,50,60,55
Garlic Dry Chinese,9/8/2018,KG,120,130,125
Tomato Big(Nepali),9/9/2018,KG,35,40,37.5
Potato Red,9/9/2018,KG,50,55,52.5
Onion Dry (Indian),9/9/2018,KG,30,32,31
Cabbage(Local),9/9/2018,KG,50,55,52.5
Garlic Dry Chinese,9/9/2018,KG,120,130,125
Tomato Big(Nepali),9/10/2018,KG,35,40,37.5
Potato Red,9/10/2018,KG,50,55,52.5
Onion Dry (Indian),9/10/2018,KG,30,32,31
Cabbage(Local),9/10/2018,KG,50,55,52.5
Garlic Dry Chinese,9/10/2018,KG,120,130,125
Tomato Big(Nepali),9/11/2018,KG,35,40,37.5
Potato Red,9/11/2018,KG,50,55,52.5
Onion Dry (Indian),9/11/2018,KG,30,32,31
Cabbage(Local),9/11/2018,KG,50,55,52.5
Garlic Dry Chinese,9/11/2018,KG,120,130,125
Tomato Big(Nepali),9/12/2018,KG,35,40,37.5
Potato Red,9/12/2018,KG,50,55,52.5
Onion Dry (Indian),9/12/2018,KG,30,32,31
Cabbage(Local),9/12/2018,KG,45,50,47.5
Garlic Dry Chinese,9/12/2018,KG,120,130,125
Tomato Big(Nepali),9/13/2018,KG,35,40,37.5
Potato Red,9/13/2018,KG,50,55,52.5
Onion Dry (Indian),9/13/2018,KG,30,32,31
Cabbage(Local),9/13/2018,KG,50,55,52.5
Garlic Dry Chinese,9/13/2018,KG,120,130,125
Tomato Big(Nepali),9/14/2018,KG,35,40,37.5
Potato Red,9/14/2018,KG,55,58,56.5
Onion Dry (Indian),9/14/2018,KG,29,31,30
Cabbage(Local),9/14/2018,KG,50,55,52.5
Garlic Dry Chinese,9/14/2018,KG,120,130,125
Tomato Big(Nepali),9/15/2018,KG,35,40,37.5
Potato Red,9/15/2018,KG,55,58,56.5
Onion Dry (Indian),9/15/2018,KG,29,30,29.5
Cabbage(Local),9/15/2018,KG,50,55,52.5
Garlic Dry Chinese,9/15/2018,KG,120,130,125
Tomato Big(Nepali),9/16/2018,KG,35,40,37.5
Potato Red,9/16/2018,KG,55,58,56.5
Onion Dry (Indian),9/16/2018,KG,29,31,30
Cabbage(Local),9/16/2018,KG,50,55,52.5
Garlic Dry Chinese,9/16/2018,KG,120,130,125
Tomato Big(Nepali),9/17/2018,KG,35,40,37.5
Potato Red,9/17/2018,KG,55,58,56.5
Onion Dry (Indian),9/17/2018,KG,30,31,30.5
Cabbage(Local),9/17/2018,KG,45,50,47.5
Garlic Dry Chinese,9/17/2018,KG,120,130,125
Tomato Big(Nepali),9/18/2018,KG,35,40,37.5
Potato Red,9/18/2018,KG,55,58,56.5
Onion Dry (Indian),9/18/2018,KG,30,31,30.5
Cabbage(Local),9/18/2018,KG,45,50,47.5
Garlic Dry Chinese,9/18/2018,KG,120,130,125
Tomato Big(Nepali),9/19/2018,KG,35,40,37.5
Potato Red,9/19/2018,KG,55,60,57.5
Onion Dry (Indian),9/19/2018,KG,29,31,30
Cabbage(Local),9/19/2018,KG,65,70,67.5
Garlic Dry Chinese,9/19/2018,KG,120,130,125
Tomato Big(Nepali),9/20/2018,KG,45,50,47.5
Potato Red,9/20/2018,KG,55,58,56.5
Onion Dry (Indian),9/20/2018,KG,29,31,30
Cabbage(Local),9/20/2018,KG,55,60,57.5
Garlic Dry Chinese,9/20/2018,KG,120,130,125
Tomato Big(Nepali),9/21/2018,KG,45,50,47.5
Potato Red,9/21/2018,KG,55,58,56.5
Onion Dry (Indian),9/21/2018,KG,29,31,30
Cabbage(Local),9/21/2018,KG,75,80,77.5
Garlic Dry Chinese,9/21/2018,KG,120,130,125
Tomato Big(Nepali),9/22/2018,KG,43,48,45.5
Potato Red,9/22/2018,KG,55,58,56.5
Onion Dry (Indian),9/22/2018,KG,29,30,29.5
Cabbage(Local),9/22/2018,KG,50,60,55
Garlic Dry Chinese,9/22/2018,KG,120,130,125
Tomato Big(Nepali),9/23/2018,KG,40,45,42.5
Potato Red,9/23/2018,KG,55,60,57.5
Onion Dry (Indian),9/23/2018,KG,31,33,32
Cabbage(Local),9/23/2018,KG,45,50,47.5
Garlic Dry Chinese,9/23/2018,KG,120,130,125
Tomato Big(Nepali),9/24/2018,KG,35,40,37.5
Potato Red,9/24/2018,KG,58,60,59
Onion Dry (Indian),9/24/2018,KG,29,31,30
Cabbage(Local),9/24/2018,KG,45,50,47.5
Garlic Dry Chinese,9/24/2018,KG,120,130,125
Tomato Big(Nepali),9/25/2018,KG,35,40,37.5
Potato Red,9/25/2018,KG,60,65,62.5
Onion Dry (Indian),9/25/2018,KG,29,31,30
Cabbage(Local),9/25/2018,KG,45,50,47.5
Garlic Dry Chinese,9/25/2018,KG,120,130,125
Tomato Big(Nepali),9/26/2018,KG,35,40,37.5
Potato Red,9/26/2018,KG,55,58,56.5
Onion Dry (Indian),9/26/2018,KG,28,31,29.5
Cabbage(Local),9/26/2018,KG,35,50,42.5
Garlic Dry Chinese,9/26/2018,KG,120,130,125
Tomato Big(Nepali),9/27/2018,KG,35,40,37.5
Potato Red,9/27/2018,KG,50,55,52.5
Onion Dry (Indian),9/27/2018,KG,29,31,30
Cabbage(Local),9/27/2018,KG,45,50,47.5
Garlic Dry Chinese,9/27/2018,KG,120,130,125
Tomato Big(Nepali),9/28/2018,KG,35,40,37.5
Potato Red,9/28/2018,KG,50,55,52.5
Onion Dry (Indian),9/28/2018,KG,28,30,29
Cabbage(Local),9/28/2018,KG,40,45,42.5
Garlic Dry Chinese,9/28/2018,KG,120,130,125
Tomato Big(Nepali),9/29/2018,KG,35,40,37.5
Potato Red,9/29/2018,KG,50,55,52.5
Onion Dry (Indian),9/29/2018,KG,29,31,30
Cabbage(Local),9/29/2018,KG,35,40,37.5
Garlic Dry Chinese,9/29/2018,KG,120,130,125
Tomato Big(Nepali),9/30/2018,KG,35,40,37.5
Potato Red,9/30/2018,KG,50,55,52.5
Onion Dry (Indian),9/30/2018,KG,30,32,31
Cabbage(Local),9/30/2018,KG,35,40,37.5
Garlic Dry Chinese,9/30/2018,KG,120,130,125
Tomato Big(Nepali),10/1/2018,KG,35,40,37.5
Potato Red,10/1/2018,KG,50,55,52.5
Onion Dry (Indian),10/1/2018,KG,30,32,31
Cabbage(Local),10/1/2018,KG,35,40,37.5
Garlic Dry Chinese,10/1/2018,KG,120,130,125
Tomato Big(Nepali),10/2/2018,KG,45,50,47.5
Potato Red,10/2/2018,KG,50,55,52.5
Onion Dry (Indian),10/2/2018,KG,30,32,31
Cabbage(Local),10/2/2018,KG,42,45,43.5
Garlic Dry Chinese,10/2/2018,KG,120,130,125
Tomato Big(Nepali),10/3/2018,KG,40,45,42.5
Potato Red,10/3/2018,KG,50,55,52.5
Onion Dry (Indian),10/3/2018,KG,31,33,32
Cabbage(Local),10/3/2018,KG,35,40,37.5
Garlic Dry Chinese,10/3/2018,KG,120,130,125
Tomato Big(Nepali),10/4/2018,KG,50,55,52.5
Potato Red,10/4/2018,KG,50,55,52.5
Onion Dry (Indian),10/4/2018,KG,30,32,31
Cabbage(Local),10/4/2018,KG,35,40,37.5
Garlic Dry Chinese,10/4/2018,KG,120,130,125
Tomato Big(Nepali),10/5/2018,KG,50,55,52.5
Potato Red,10/5/2018,KG,50,55,52.5
Onion Dry (Indian),10/5/2018,KG,30,32,31
Cabbage(Local),10/5/2018,KG,35,40,37.5
Garlic Dry Chinese,10/5/2018,KG,120,130,125
Tomato Big(Nepali),10/6/2018,KG,50,55,52.5
Potato Red,10/6/2018,KG,50,55,52.5
Onion Dry (Indian),10/6/2018,KG,30,32,31
Cabbage(Local),10/6/2018,KG,35,40,37.5
Garlic Dry Chinese,10/6/2018,KG,120,130,125
Tomato Big(Nepali),10/7/2018,KG,50,55,52.5
Potato Red,10/7/2018,KG,50,55,52.5
Onion Dry (Indian),10/7/2018,KG,30,32,31
Cabbage(Local),10/7/2018,KG,35,40,37.5
Garlic Dry Chinese,10/7/2018,KG,120,130,125
Tomato Big(Nepali),10/8/2018,KG,50,55,52.5
Potato Red,10/8/2018,KG,50,56,53
Onion Dry (Indian),10/8/2018,KG,30,32,31
Cabbage(Local),10/8/2018,KG,35,40,37.5
Garlic Dry Chinese,10/8/2018,KG,120,130,125
Tomato Big(Nepali),10/9/2018,KG,45,50,47.5
Potato Red,10/9/2018,KG,50,55,52.5
Onion Dry (Indian),10/9/2018,KG,30,32,31
Cabbage(Local),10/9/2018,KG,35,40,37.5
Garlic Dry Chinese,10/9/2018,KG,120,130,125
Tomato Big(Nepali),10/10/2018,KG,40,45,42.5
Potato Red,10/10/2018,KG,50,55,52.5
Onion Dry (Indian),10/10/2018,KG,30,32,31
Cabbage(Local),10/10/2018,KG,35,40,37.5
Garlic Dry Chinese,10/10/2018,KG,120,130,125
Tomato Big(Nepali),10/11/2018,KG,40,45,42.5
Potato Red,10/11/2018,KG,50,55,52.5
Onion Dry (Indian),10/11/2018,KG,30,32,31
Cabbage(Local),10/11/2018,KG,35,40,37.5
Garlic Dry Chinese,10/11/2018,KG,120,130,125
Tomato Big(Nepali),10/12/2018,KG,40,45,42.5
Potato Red,10/12/2018,KG,50,55,52.5
Onion Dry (Indian),10/12/2018,KG,30,32,31
Cabbage(Local),10/12/2018,KG,35,40,37.5
Garlic Dry Chinese,10/12/2018,KG,120,130,125
Tomato Big(Nepali),10/13/2018,KG,40,45,42.5
Potato Red,10/13/2018,KG,50,55,52.5
Onion Dry (Indian),10/13/2018,KG,34,36,35
Cabbage(Local),10/13/2018,KG,35,40,37.5
Garlic Dry Chinese,10/13/2018,KG,120,130,125
Tomato Big(Nepali),10/14/2018,KG,35,40,37.5
Potato Red,10/14/2018,KG,50,55,52.5
Onion Dry (Indian),10/14/2018,KG,34,36,35
Cabbage(Local),10/14/2018,KG,35,37,36
Garlic Dry Chinese,10/14/2018,KG,120,130,125
Tomato Big(Nepali),10/15/2018,KG,35,40,37.5
Potato Red,10/15/2018,KG,55,60,57.5
Onion Dry (Indian),10/15/2018,KG,34,36,35
Cabbage(Local),10/15/2018,KG,30,35,32.5
Garlic Dry Chinese,10/15/2018,KG,120,130,125
Tomato Big(Nepali),10/16/2018,KG,35,40,37.5
Potato Red,10/16/2018,KG,55,60,57.5
Onion Dry (Indian),10/16/2018,KG,35,37,36
Cabbage(Local),10/16/2018,KG,30,35,32.5
Garlic Dry Chinese,10/16/2018,KG,120,130,125
Tomato Big(Nepali),10/17/2018,KG,35,40,37.5
Potato Red,10/17/2018,KG,60,65,62.5
Onion Dry (Indian),10/17/2018,KG,35,40,37.5
Cabbage(Local),10/17/2018,KG,35,40,37.5
Garlic Dry Chinese,10/17/2018,KG,120,130,125
Tomato Big(Nepali),10/18/2018,KG,35,40,37.5
Potato Red,10/18/2018,KG,58,60,59
Onion Dry (Indian),10/18/2018,KG,40,45,42.5
Cabbage(Local),10/18/2018,KG,35,40,37.5
Garlic Dry Chinese,10/18/2018,KG,120,130,125
Tomato Big(Nepali),10/19/2018,KG,35,40,37.5
Potato Red,10/19/2018,KG,58,60,59
Onion Dry (Indian),10/19/2018,KG,45,47,46
Cabbage(Local),10/19/2018,KG,35,40,37.5
Garlic Dry Chinese,10/19/2018,KG,120,130,125
Tomato Big(Nepali),10/20/2018,KG,35,40,37.5
Potato Red,10/20/2018,KG,60,65,62.5
Onion Dry (Indian),10/20/2018,KG,45,47,46
Cabbage(Local),10/20/2018,KG,30,35,32.5
Garlic Dry Chinese,10/20/2018,KG,120,130,125
Tomato Big(Nepali),10/21/2018,KG,35,40,37.5
Potato Red,10/21/2018,KG,60,65,62.5
Onion Dry (Indian),10/21/2018,KG,43,45,44
Cabbage(Local),10/21/2018,KG,35,40,37.5
Garlic Dry Chinese,10/21/2018,KG,120,130,125
Tomato Big(Nepali),10/22/2018,KG,35,40,37.5
Potato Red,10/22/2018,KG,70,75,72.5
Onion Dry (Indian),10/22/2018,KG,41,44,42.5
Cabbage(Local),10/22/2018,KG,30,35,32.5
Garlic Dry Chinese,10/22/2018,KG,120,130,125
Tomato Big(Nepali),10/23/2018,KG,35,40,37.5
Potato Red,10/23/2018,KG,70,72,71
Onion Dry (Indian),10/23/2018,KG,40,42,41
Cabbage(Local),10/23/2018,KG,30,35,32.5
Garlic Dry Chinese,10/23/2018,KG,120,130,125
Tomato Big(Nepali),10/24/2018,KG,35,40,37.5
Potato Red,10/24/2018,KG,69,71,70
Onion Dry (Indian),10/24/2018,KG,41,43,42
Cabbage(Local),10/24/2018,KG,30,35,32.5
Garlic Dry Chinese,10/24/2018,KG,120,130,125
Tomato Big(Nepali),10/25/2018,KG,28,33,30.5
Potato Red,10/25/2018,KG,65,70,67.5
Onion Dry (Indian),10/25/2018,KG,40,42,41
Cabbage(Local),10/25/2018,KG,30,35,32.5
Garlic Dry Chinese,10/25/2018,KG,120,130,125
Tomato Big(Nepali),10/26/2018,KG,25,30,27.5
Potato Red,10/26/2018,KG,69,71,70
Onion Dry (Indian),10/26/2018,KG,39,41,40
Cabbage(Local),10/26/2018,KG,25,30,27.5
Garlic Dry Chinese,10/26/2018,KG,120,130,125
Tomato Big(Nepali),10/27/2018,KG,28,30,29
Potato Red,10/27/2018,KG,68,70,69
Onion Dry (Indian),10/27/2018,KG,39,41,40
Cabbage(Local),10/27/2018,KG,28,30,29
Garlic Dry Chinese,10/27/2018,KG,120,130,125
Tomato Big(Nepali),10/28/2018,KG,28,33,30.5
Potato Red,10/28/2018,KG,68,70,69
Onion Dry (Indian),10/28/2018,KG,38,40,39
Cabbage(Local),10/28/2018,KG,25,30,27.5
Garlic Dry Chinese,10/28/2018,KG,120,130,125
Tomato Big(Nepali),10/29/2018,KG,30,35,32.5
Potato Red,10/29/2018,KG,67,69,68
Onion Dry (Indian),10/29/2018,KG,38,40,39
Cabbage(Local),10/29/2018,KG,28,30,29
Garlic Dry Chinese,10/29/2018,KG,120,130,125
Tomato Big(Nepali),10/30/2018,KG,30,35,32.5
Potato Red,10/30/2018,KG,60,65,62.5
Onion Dry (Indian),10/30/2018,KG,36,38,37
Cabbage(Local),10/30/2018,KG,25,30,27.5
Garlic Dry Chinese,10/30/2018,KG,120,130,125
Tomato Big(Nepali),10/31/2018,KG,30,35,32.5
Potato Red,10/31/2018,KG,58,60,59
Onion Dry (Indian),10/31/2018,KG,36,38,37
Cabbage(Local),10/31/2018,KG,25,30,27.5
Garlic Dry Chinese,10/31/2018,KG,120,130,125
Tomato Big(Nepali),11/1/2018,KG,30,35,32.5
Potato Red,11/1/2018,KG,54,56,55
Onion Dry (Indian),11/1/2018,KG,34,36,35
Cabbage(Local),11/1/2018,KG,25,30,27.5
Garlic Dry Chinese,11/1/2018,KG,120,130,125
Tomato Big(Nepali),11/2/2018,KG,30,35,32.5
Potato Red,11/2/2018,KG,54,56,55
Onion Dry (Indian),11/2/2018,KG,34,36,35
Cabbage(Local),11/2/2018,KG,25,30,27.5
Garlic Dry Chinese,11/2/2018,KG,120,130,125
Tomato Big(Nepali),11/3/2018,KG,30,35,32.5
Potato Red,11/3/2018,KG,50,52,51
Onion Dry (Indian),11/3/2018,KG,34,36,35
Cabbage(Local),11/3/2018,KG,20,25,22.5
Garlic Dry Chinese,11/3/2018,KG,120,130,125
Tomato Big(Nepali),11/4/2018,KG,30,35,32.5
Potato Red,11/4/2018,KG,50,53,51.5
Onion Dry (Indian),11/4/2018,KG,33,35,34
Cabbage(Local),11/4/2018,KG,20,25,22.5
Garlic Dry Chinese,11/4/2018,KG,120,130,125
Tomato Big(Nepali),11/5/2018,KG,30,35,32.5
Potato Red,11/5/2018,KG,49,52,50.5
Onion Dry (Indian),11/5/2018,KG,33,35,34
Cabbage(Local),11/5/2018,KG,30,35,32.5
Garlic Dry Chinese,11/5/2018,KG,120,130,125
Tomato Big(Nepali),11/6/2018,KG,30,34,32
Potato Red,11/6/2018,KG,50,52,51
Onion Dry (Indian),11/6/2018,KG,34,36,35
Cabbage(Local),11/6/2018,KG,30,35,32.5
Garlic Dry Chinese,11/6/2018,KG,120,130,125
Tomato Big(Nepali),11/7/2018,KG,30,35,32.5
Potato Red,11/7/2018,KG,50,55,52.5
Onion Dry (Indian),11/7/2018,KG,35,36,35.5
Cabbage(Local),11/7/2018,KG,30,35,32.5
Garlic Dry Chinese,11/7/2018,KG,120,130,125
Tomato Big(Nepali),11/8/2018,KG,25,33,29
Potato Red,11/8/2018,KG,50,55,52.5
Onion Dry (Indian),11/8/2018,KG,35,36,35.5
Cabbage(Local),11/8/2018,KG,25,30,27.5
Garlic Dry Chinese,11/8/2018,KG,120,130,125
Tomato Big(Nepali),11/9/2018,KG,30,35,32.5
Potato Red,11/9/2018,KG,54,56,55
Onion Dry (Indian),11/9/2018,KG,34,36,35
Cabbage(Local),11/9/2018,KG,25,30,27.5
Garlic Dry Chinese,11/9/2018,KG,120,130,125
Tomato Big(Nepali),11/10/2018,KG,30,35,32.5
Potato Red,11/10/2018,KG,54,56,55
Onion Dry (Indian),11/10/2018,KG,34,36,35
Cabbage(Local),11/10/2018,KG,25,30,27.5
Garlic Dry Chinese,11/10/2018,KG,120,130,125
Tomato Big(Nepali),11/11/2018,KG,30,35,32.5
Potato Red,11/11/2018,KG,54,56,55
Onion Dry (Indian),11/11/2018,KG,43,45,44
Cabbage(Local),11/11/2018,KG,20,25,22.5
Garlic Dry Chinese,11/11/2018,KG,120,130,125
Tomato Big(Nepali),11/12/2018,KG,30,35,32.5
Potato Red,11/12/2018,KG,54,56,55
Onion Dry (Indian),11/12/2018,KG,43,45,44
Cabbage(Local),11/12/2018,KG,20,25,22.5
Garlic Dry Chinese,11/12/2018,KG,120,130,125
Tomato Big(Nepali),11/13/2018,KG,30,35,32.5
Potato Red,11/13/2018,KG,50,53,51.5
Onion Dry (Indian),11/13/2018,KG,40,42,41
Cabbage(Local),11/13/2018,KG,20,25,22.5
Garlic Dry Chinese,11/13/2018,KG,120,130,125
Tomato Big(Nepali),11/14/2018,KG,25,30,27.5
Potato Red,11/14/2018,KG,50,52,51
Onion Dry (Indian),11/14/2018,KG,40,43,41.5
Cabbage(Local),11/14/2018,KG,20,25,22.5
Garlic Dry Chinese,11/14/2018,KG,120,130,125
Tomato Big(Nepali),11/15/2018,KG,30,35,32.5
Potato Red,11/15/2018,KG,50,52,51
Onion Dry (Indian),11/15/2018,KG,40,42,41
Cabbage(Local),11/15/2018,KG,20,25,22.5
Garlic Dry Chinese,11/15/2018,KG,120,130,125
Tomato Big(Nepali),11/16/2018,KG,30,35,32.5
Potato Red,11/16/2018,KG,45,50,47.5
Onion Dry (Indian),11/16/2018,KG,40,42,41
Cabbage(Local),11/16/2018,KG,18,22,20
Garlic Dry Chinese,11/16/2018,KG,120,130,125
Tomato Big(Nepali),11/17/2018,KG,30,35,32.5
Potato Red,11/17/2018,KG,48,50,49
Onion Dry (Indian),11/17/2018,KG,40,42,41
Cabbage(Local),11/17/2018,KG,15,20,17.5
Garlic Dry Chinese,11/17/2018,KG,120,130,125
Tomato Big(Nepali),11/18/2018,KG,30,35,32.5
Potato Red,11/18/2018,KG,48,50,49
Onion Dry (Indian),11/18/2018,KG,38,40,39
Cabbage(Local),11/18/2018,KG,15,20,17.5
Garlic Dry Chinese,11/18/2018,KG,120,130,125
Tomato Big(Nepali),11/19/2018,KG,30,35,32.5
Potato Red,11/19/2018,KG,46,48,47
Onion Dry (Indian),11/19/2018,KG,36,38,37
Cabbage(Local),11/19/2018,KG,15,20,17.5
Garlic Dry Chinese,11/19/2018,KG,120,130,125
Tomato Big(Nepali),11/20/2018,KG,30,35,32.5
Potato Red,11/20/2018,KG,46,48,47
Onion Dry (Indian),11/20/2018,KG,35,37,36
Cabbage(Local),11/20/2018,KG,18,22,20
Garlic Dry Chinese,11/20/2018,KG,120,130,125
Tomato Big(Nepali),11/21/2018,KG,30,35,32.5
Potato Red,11/21/2018,KG,50,52,51
Onion Dry (Indian),11/21/2018,KG,34,36,35
Cabbage(Local),11/21/2018,KG,15,20,17.5
Garlic Dry Chinese,11/21/2018,KG,120,130,125
Tomato Big(Nepali),11/22/2018,KG,30,35,32.5
Potato Red,11/22/2018,KG,50,55,52.5
Onion Dry (Indian),11/22/2018,KG,30,35,32.5
Cabbage(Local),11/22/2018,KG,15,20,17.5
Garlic Dry Chinese,11/22/2018,KG,120,130,125
Tomato Big(Nepali),11/23/2018,KG,30,35,32.5
Potato Red,11/23/2018,KG,54,56,55
Onion Dry (Indian),11/23/2018,KG,28,32,30
Cabbage(Local),11/23/2018,KG,15,20,17.5
Garlic Dry Chinese,11/23/2018,KG,120,130,125
Tomato Big(Nepali),11/24/2018,KG,30,35,32.5
Potato Red,11/24/2018,KG,54,56,55
Onion Dry (Indian),11/24/2018,KG,28,32,30
Cabbage(Local),11/24/2018,KG,15,20,17.5
Garlic Dry Chinese,11/24/2018,KG,120,130,125
Tomato Big(Nepali),11/25/2018,KG,30,35,32.5
Potato Red,11/25/2018,KG,50,55,52.5
Onion Dry (Indian),11/25/2018,KG,30,32,31
Cabbage(Local),11/25/2018,KG,15,20,17.5
Garlic Dry Chinese,11/25/2018,KG,120,130,125
Tomato Big(Nepali),11/26/2018,KG,30,35,32.5
Potato Red,11/26/2018,KG,50,54,52
Onion Dry (Indian),11/26/2018,KG,30,32,31
Cabbage(Local),11/26/2018,KG,15,20,17.5
Garlic Dry Chinese,11/26/2018,KG,120,130,125
Tomato Big(Nepali),11/27/2018,KG,25,30,27.5
Potato Red,11/27/2018,KG,50,52,51
Onion Dry (Indian),11/27/2018,KG,30,32,31
Cabbage(Local),11/27/2018,KG,15,20,17.5
Garlic Dry Chinese,11/27/2018,KG,120,130,125
Tomato Big(Nepali),11/28/2018,KG,25,30,27.5
Potato Red,11/28/2018,KG,50,52,51
Onion Dry (Indian),11/28/2018,KG,28,32,30
Cabbage(Local),11/28/2018,KG,15,20,17.5
Garlic Dry Chinese,11/28/2018,KG,120,130,125
Tomato Big(Nepali),11/29/2018,KG,25,30,27.5
Potato Red,11/29/2018,KG,48,50,49
Onion Dry (Indian),11/29/2018,KG,28,32,30
Cabbage(Local),11/29/2018,KG,15,20,17.5
Garlic Dry Chinese,11/29/2018,KG,120,130,125
Tomato Big(Nepali),11/30/2018,KG,20,25,22.5
Potato Red,11/30/2018,KG,48,50,49
Onion Dry (Indian),11/30/2018,KG,28,32,30
Cabbage(Local),11/30/2018,KG,15,20,17.5
Garlic Dry Chinese,11/30/2018,KG,120,130,125
Tomato Big(Nepali),12/1/2018,KG,20,25,22.5
Potato Red,12/1/2018,KG,48,50,49
Onion Dry (Indian),12/1/2018,KG,28,32,30
Cabbage(Local),12/1/2018,KG,13,18,15.5
Garlic Dry Chinese,12/1/2018,KG,120,130,125
Tomato Big(Nepali),12/2/2018,KG,25,30,27.5
Potato Red,12/2/2018,KG,45,50,47.5
Onion Dry (Indian),12/2/2018,KG,28,32,30
Cabbage(Local),12/2/2018,KG,15,20,17.5
Garlic Dry Chinese,12/2/2018,KG,120,130,125
Tomato Big(Nepali),12/3/2018,KG,25,30,27.5
Potato Red,12/3/2018,KG,45,48,46.5
Onion Dry (Indian),12/3/2018,KG,28,32,30
Cabbage(Local),12/3/2018,KG,15,20,17.5
Garlic Dry Chinese,12/3/2018,KG,120,130,125
Tomato Big(Nepali),12/4/2018,KG,25,30,27.5
Potato Red,12/4/2018,KG,45,47,46
Onion Dry (Indian),12/4/2018,KG,28,32,30
Cabbage(Local),12/4/2018,KG,12,18,15
Garlic Dry Chinese,12/4/2018,KG,120,130,125
Tomato Big(Nepali),12/5/2018,KG,25,30,27.5
Potato Red,12/5/2018,KG,40,45,42.5
Onion Dry (Indian),12/5/2018,KG,28,30,29
Cabbage(Local),12/5/2018,KG,10,15,12.5
Garlic Dry Chinese,12/5/2018,KG,120,130,125
Tomato Big(Nepali),12/6/2018,KG,30,35,32.5
Potato Red,12/6/2018,KG,45,48,46.5
Onion Dry (Indian),12/6/2018,KG,28,32,30
Cabbage(Local),12/6/2018,KG,10,15,12.5
Garlic Dry Chinese,12/6/2018,KG,120,130,125
Tomato Big(Nepali),12/7/2018,KG,30,35,32.5
Potato Red,12/7/2018,KG,45,49,47
Onion Dry (Indian),12/7/2018,KG,28,31,29.5
Cabbage(Local),12/7/2018,KG,10,15,12.5
Garlic Dry Chinese,12/7/2018,KG,120,130,125
Tomato Big(Nepali),12/8/2018,KG,30,35,32.5
Potato Red,12/8/2018,KG,45,49,47
Onion Dry (Indian),12/8/2018,KG,28,30,29
Cabbage(Local),12/8/2018,KG,10,15,12.5
Garlic Dry Chinese,12/8/2018,KG,120,130,125
Tomato Big(Nepali),12/9/2018,KG,30,35,32.5
Potato Red,12/9/2018,KG,45,48,46.5
Onion Dry (Indian),12/9/2018,KG,30,32,31
Cabbage(Local),12/9/2018,KG,10,15,12.5
Garlic Dry Chinese,12/9/2018,KG,120,130,125
Tomato Big(Nepali),12/10/2018,KG,30,35,32.5
Potato Red,12/10/2018,KG,45,48,46.5
Onion Dry (Indian),12/10/2018,KG,28,31,29.5
Cabbage(Local),12/10/2018,KG,8,12,10
Garlic Dry Chinese,12/10/2018,KG,120,130,125
Tomato Big(Nepali),12/11/2018,KG,30,35,32.5
Potato Red,12/11/2018,KG,40,45,42.5
Onion Dry (Indian),12/11/2018,KG,28,32,30
Cabbage(Local),12/11/2018,KG,8,12,10
Garlic Dry Chinese,12/11/2018,KG,120,130,125
Tomato Big(Nepali),12/12/2018,KG,30,35,32.5
Potato Red,12/12/2018,KG,40,45,42.5
Onion Dry (Indian),12/12/2018,KG,28,31,29.5
Cabbage(Local),12/12/2018,KG,8,12,10
Garlic Dry Chinese,12/12/2018,KG,120,130,125
Tomato Big(Nepali),12/13/2018,KG,45,50,47.5
Potato Red,12/13/2018,KG,40,45,42.5
Onion Dry (Indian),12/13/2018,KG,28,30,29
Cabbage(Local),12/13/2018,KG,8,12,10
Garlic Dry Chinese,12/13/2018,KG,120,130,125
Tomato Big(Nepali),12/14/2018,KG,45,50,47.5
Potato Red,12/14/2018,KG,40,45,42.5
Onion Dry (Indian),12/14/2018,KG,27,30,28.5
Cabbage(Local),12/14/2018,KG,8,12,10
Garlic Dry Chinese,12/14/2018,KG,120,130,125
Tomato Big(Nepali),12/15/2018,KG,45,50,47.5
Potato Red,12/15/2018,KG,40,45,42.5
Onion Dry (Indian),12/15/2018,KG,27,30,28.5
Cabbage(Local),12/15/2018,KG,10,15,12.5
Garlic Dry Chinese,12/15/2018,KG,120,130,125
Tomato Big(Nepali),12/16/2018,KG,50,55,52.5
Potato Red,12/16/2018,KG,40,45,42.5
Onion Dry (Indian),12/16/2018,KG,28,30,29
Cabbage(Local),12/16/2018,KG,8,12,10
Garlic Dry Chinese,12/16/2018,KG,120,130,125
Tomato Big(Nepali),12/17/2018,KG,50,55,52.5
Potato Red,12/17/2018,KG,40,45,42.5
Onion Dry (Indian),12/17/2018,KG,27,29,28
Cabbage(Local),12/17/2018,KG,10,15,12.5
Garlic Dry Chinese,12/17/2018,KG,120,130,125
Tomato Big(Nepali),12/18/2018,KG,45,50,47.5
Potato Red,12/18/2018,KG,38,40,39
Onion Dry (Indian),12/18/2018,KG,27,29,28
Cabbage(Local),12/18/2018,KG,10,15,12.5
Garlic Dry Chinese,12/18/2018,KG,120,130,125
Tomato Big(Nepali),12/19/2018,KG,45,50,47.5
Potato Red,12/19/2018,KG,35,38,36.5
Onion Dry (Indian),12/19/2018,KG,27,29,28
Cabbage(Local),12/19/2018,KG,10,15,12.5
Garlic Dry Chinese,12/19/2018,KG,120,130,125
Tomato Big(Nepali),12/20/2018,KG,45,50,47.5
Potato Red,12/20/2018,KG,35,38,36.5
Onion Dry (Indian),12/20/2018,KG,27,29,28
Cabbage(Local),12/20/2018,KG,10,15,12.5
Garlic Dry Chinese,12/20/2018,KG,120,130,125
Tomato Big(Nepali),12/21/2018,KG,35,40,37.5
Potato Red,12/21/2018,KG,35,37,36
Onion Dry (Indian),12/21/2018,KG,26,28,27
Cabbage(Local),12/21/2018,KG,10,15,12.5
Garlic Dry Chinese,12/21/2018,KG,120,130,125
Tomato Big(Nepali),12/22/2018,KG,35,40,37.5
Potato Red,12/22/2018,KG,35,38,36.5
Onion Dry (Indian),12/22/2018,KG,26,28,27
Cabbage(Local),12/22/2018,KG,10,15,12.5
Garlic Dry Chinese,12/22/2018,KG,120,130,125
Tomato Big(Nepali),12/23/2018,KG,35,40,37.5
Potato Red,12/23/2018,KG,35,37,36
Onion Dry (Indian),12/23/2018,KG,26,28,27
Cabbage(Local),12/23/2018,KG,10,15,12.5
Garlic Dry Chinese,12/23/2018,KG,120,130,125
Tomato Big(Nepali),12/24/2018,KG,40,45,42.5
Potato Red,12/24/2018,KG,30,35,32.5
Onion Dry (Indian),12/24/2018,KG,25,27,26
Cabbage(Local),12/24/2018,KG,8,12,10
Garlic Dry Chinese,12/24/2018,KG,120,130,125
Tomato Big(Nepali),12/25/2018,KG,40,45,42.5
Potato Red,12/25/2018,KG,30,35,32.5
Onion Dry (Indian),12/25/2018,KG,25,27,26
Cabbage(Local),12/25/2018,KG,10,15,12.5
Garlic Dry Chinese,12/25/2018,KG,120,130,125
Tomato Big(Nepali),12/26/2018,KG,40,45,42.5
Potato Red,12/26/2018,KG,30,35,32.5
Onion Dry (Indian),12/26/2018,KG,25,27,26
Cabbage(Local),12/26/2018,KG,10,15,12.5
Garlic Dry Chinese,12/26/2018,KG,120,130,125
Tomato Big(Nepali),12/27/2018,KG,40,45,42.5
Potato Red,12/27/2018,KG,30,35,32.5
Onion Dry (Indian),12/27/2018,KG,25,27,26
Cabbage(Local),12/27/2018,KG,10,15,12.5
Garlic Dry Chinese,12/27/2018,KG,120,130,125
Tomato Big(Nepali),12/28/2018,KG,40,45,42.5
Potato Red,12/28/2018,KG,28,32,30
Onion Dry (Indian),12/28/2018,KG,24,26,25
Cabbage(Local),12/28/2018,KG,8,12,10
Garlic Dry Chinese,12/28/2018,KG,150,160,155
Tomato Big(Nepali),12/29/2018,KG,45,50,47.5
Potato Red,12/29/2018,KG,24,28,26
Onion Dry (Indian),12/29/2018,KG,55,60,57.5
Cabbage(Local),12/29/2018,KG,10,12,11
Garlic Dry Chinese,12/29/2018,KG,150,160,155
Tomato Big(Nepali),12/30/2018,KG,45,50,47.5
Potato Red,12/30/2018,KG,28,32,30
Onion Dry (Indian),12/30/2018,KG,24,26,25
Cabbage(Local),12/30/2018,KG,8,12,10
Garlic Dry Chinese,12/30/2018,KG,150,160,155
Tomato Big(Nepali),12/31/2018,KG,40,45,42.5
Potato Red,12/31/2018,KG,28,32,30
Onion Dry (Indian),12/31/2018,KG,24,26,25
Cabbage(Local),12/31/2018,KG,8,12,10
Garlic Dry Chinese,12/31/2018,KG,150,160,155
Tomato Big(Nepali),1/1/2019,KG,45,50,47.5
Potato Red,1/1/2019,KG,30,34,32
Onion Dry (Indian),1/1/2019,KG,26,28,27
Cabbage(Local),1/1/2019,KG,8,12,10
Garlic Dry Chinese,1/1/2019,KG,150,160,155
Tomato Big(Nepali),1/2/2019,KG,45,50,47.5
Potato Red,1/2/2019,KG,30,34,32
Onion Dry (Indian),1/2/2019,KG,26,28,27
Cabbage(Local),1/2/2019,KG,8,12,10
Garlic Dry Chinese,1/2/2019,KG,150,160,155
Tomato Big(Nepali),1/3/2019,KG,50,55,52.5
Potato Red,1/3/2019,KG,30,34,32
Onion Dry (Indian),1/3/2019,KG,27,29,28
Cabbage(Local),1/3/2019,KG,8,10,9
Garlic Dry Chinese,1/3/2019,KG,150,160,155
Tomato Big(Nepali),1/4/2019,KG,55,60,57.5
Potato Red,1/4/2019,KG,30,35,32.5
Onion Dry (Indian),1/4/2019,KG,27,29,28
Cabbage(Local),1/4/2019,KG,8,10,9
Garlic Dry Chinese,1/4/2019,KG,150,160,155
Tomato Big(Nepali),1/5/2019,KG,55,60,57.5
Potato Red,1/5/2019,KG,30,35,32.5
Onion Dry (Indian),1/5/2019,KG,27,29,28
Cabbage(Local),1/5/2019,KG,8,10,9
Garlic Dry Chinese,1/5/2019,KG,150,160,155
Tomato Big(Nepali),1/6/2019,KG,65,70,67.5
Potato Red,1/6/2019,KG,30,35,32.5
Onion Dry (Indian),1/6/2019,KG,27,29,28
Cabbage(Local),1/6/2019,KG,8,10,9
Garlic Dry Chinese,1/6/2019,KG,150,160,155
Tomato Big(Nepali),1/7/2019,KG,60,65,62.5
Potato Red,1/7/2019,KG,30,35,32.5
Onion Dry (Indian),1/7/2019,KG,27,29,28
Cabbage(Local),1/7/2019,KG,8,10,9
Garlic Dry Chinese,1/7/2019,KG,150,160,155
Tomato Big(Nepali),1/8/2019,KG,60,65,62.5
Potato Red,1/8/2019,KG,30,35,32.5
Onion Dry (Indian),1/8/2019,KG,27,29,28
Cabbage(Local),1/8/2019,KG,8,12,10
Garlic Dry Chinese,1/8/2019,KG,150,160,155
Tomato Big(Nepali),1/9/2019,KG,65,70,67.5
Potato Red,1/9/2019,KG,30,35,32.5
Onion Dry (Indian),1/9/2019,KG,26,28,27
Cabbage(Local),1/9/2019,KG,10,15,12.5
Garlic Dry Chinese,1/9/2019,KG,150,160,155
Tomato Big(Nepali),1/10/2019,KG,65,70,67.5
Potato Red,1/10/2019,KG,30,35,32.5
Onion Dry (Indian),1/10/2019,KG,26,28,27
Cabbage(Local),1/10/2019,KG,10,15,12.5
Garlic Dry Chinese,1/10/2019,KG,150,160,155
Tomato Big(Nepali),1/11/2019,KG,55,60,57.5
Potato Red,1/11/2019,KG,30,35,32.5
Onion Dry (Indian),1/11/2019,KG,26,28,27
Cabbage(Local),1/11/2019,KG,8,10,9
Garlic Dry Chinese,1/11/2019,KG,150,160,155
Tomato Big(Nepali),1/12/2019,KG,55,60,57.5
Potato Red,1/12/2019,KG,30,35,32.5
Onion Dry (Indian),1/12/2019,KG,26,28,27
Cabbage(Local),1/12/2019,KG,8,10,9
Garlic Dry Chinese,1/12/2019,KG,150,160,155
Tomato Big(Nepali),1/13/2019,KG,55,60,57.5
Potato Red,1/13/2019,KG,28,30,29
Onion Dry (Indian),1/13/2019,KG,26,28,27
Cabbage(Local),1/13/2019,KG,8,12,10
Garlic Dry Chinese,1/13/2019,KG,150,160,155
Tomato Big(Nepali),1/14/2019,KG,50,55,52.5
Potato Red,1/14/2019,KG,28,30,29
Onion Dry (Indian),1/14/2019,KG,26,28,27
Cabbage(Local),1/14/2019,KG,8,10,9
Garlic Dry Chinese,1/14/2019,KG,150,160,155
Tomato Big(Nepali),1/15/2019,KG,50,55,52.5
Potato Red,1/15/2019,KG,28,30,29
Onion Dry (Indian),1/15/2019,KG,25,27,26
Cabbage(Local),1/15/2019,KG,10,15,12.5
Garlic Dry Chinese,1/15/2019,KG,150,160,155
Tomato Big(Nepali),1/16/2019,KG,50,55,52.5
Potato Red,1/16/2019,KG,28,30,29
Onion Dry (Indian),1/16/2019,KG,25,27,26
Cabbage(Local),1/16/2019,KG,10,15,12.5
Garlic Dry Chinese,1/16/2019,KG,150,160,155
Tomato Big(Nepali),1/17/2019,KG,50,55,52.5
Potato Red,1/17/2019,KG,28,30,29
Onion Dry (Indian),1/17/2019,KG,24,26,25
Cabbage(Local),1/17/2019,KG,10,15,12.5
Garlic Dry Chinese,1/17/2019,KG,150,160,155
Tomato Big(Nepali),1/18/2019,KG,50,55,52.5
Potato Red,1/18/2019,KG,28,30,29
Onion Dry (Indian),1/18/2019,KG,24,26,25
Cabbage(Local),1/18/2019,KG,10,15,12.5
Garlic Dry Chinese,1/18/2019,KG,150,160,155
Tomato Big(Nepali),1/19/2019,KG,50,55,52.5
Potato Red,1/19/2019,KG,28,30,29
Onion Dry (Indian),1/19/2019,KG,24,26,25
Cabbage(Local),1/19/2019,KG,10,15,12.5
Garlic Dry Chinese,1/19/2019,KG,150,160,155
Tomato Big(Nepali),1/20/2019,KG,55,60,57.5
Potato Red,1/20/2019,KG,28,30,29
Onion Dry (Indian),1/20/2019,KG,24,26,25
Cabbage(Local),1/20/2019,KG,10,15,12.5
Garlic Dry Chinese,1/20/2019,KG,150,160,155
Tomato Big(Nepali),1/21/2019,KG,55,60,57.5
Potato Red,1/21/2019,KG,28,30,29
Onion Dry (Indian),1/21/2019,KG,23,25,24
Cabbage(Local),1/21/2019,KG,10,15,12.5
Garlic Dry Chinese,1/21/2019,KG,150,160,155
Tomato Big(Nepali),1/22/2019,KG,55,60,57.5
Potato Red,1/22/2019,KG,28,30,29
Onion Dry (Indian),1/22/2019,KG,24,26,25
Cabbage(Local),1/22/2019,KG,10,15,12.5
Garlic Dry Chinese,1/22/2019,KG,150,160,155
Tomato Big(Nepali),1/23/2019,KG,52,56,54
Potato Red,1/23/2019,KG,28,30,29
Onion Dry (Indian),1/23/2019,KG,24,26,25
Cabbage(Local),1/23/2019,KG,8,10,9
Garlic Dry Chinese,1/23/2019,KG,150,160,155
Tomato Big(Nepali),1/24/2019,KG,45,50,47.5
Potato Red,1/24/2019,KG,28,30,29
Onion Dry (Indian),1/24/2019,KG,23,25,24
Cabbage(Local),1/24/2019,KG,10,15,12.5
Garlic Dry Chinese,1/24/2019,KG,150,160,155
Tomato Big(Nepali),1/25/2019,KG,45,50,47.5
Potato Red,1/25/2019,KG,28,30,29
Onion Dry (Indian),1/25/2019,KG,23,25,24
Cabbage(Local),1/25/2019,KG,10,15,12.5
Garlic Dry Chinese,1/25/2019,KG,150,160,155
Tomato Big(Nepali),1/26/2019,KG,44,50,47
Potato Red,1/26/2019,KG,27,30,28.5
Onion Dry (Indian),1/26/2019,KG,23,25,24
Cabbage(Local),1/26/2019,KG,8,15,11.5
Garlic Dry Chinese,1/26/2019,KG,150,160,155
Tomato Big(Nepali),1/27/2019,KG,50,55,52.5
Potato Red,1/27/2019,KG,28,30,29
Onion Dry (Indian),1/27/2019,KG,23,25,24
Cabbage(Local),1/27/2019,KG,10,15,12.5
Garlic Dry Chinese,1/27/2019,KG,150,160,155
Tomato Big(Nepali),1/28/2019,KG,45,50,47.5
Potato Red,1/28/2019,KG,28,30,29
Onion Dry (Indian),1/28/2019,KG,23,25,24
Cabbage(Local),1/28/2019,KG,10,15,12.5
Garlic Dry Chinese,1/28/2019,KG,150,160,155
Tomato Big(Nepali),1/29/2019,KG,40,45,42.5
Potato Red,1/29/2019,KG,24,26,25
Onion Dry (Indian),1/29/2019,KG,23,25,24
Cabbage(Local),1/29/2019,KG,8,10,9
Garlic Dry Chinese,1/29/2019,KG,150,160,155
Tomato Big(Nepali),1/30/2019,KG,40,45,42.5
Potato Red,1/30/2019,KG,23,25,24
Onion Dry (Indian),1/30/2019,KG,23,25,24
Cabbage(Local),1/30/2019,KG,8,10,9
Garlic Dry Chinese,1/30/2019,KG,150,160,155
Tomato Big(Nepali),1/31/2019,KG,40,45,42.5
Potato Red,1/31/2019,KG,23,25,24
Onion Dry (Indian),1/31/2019,KG,22,24,23
Cabbage(Local),1/31/2019,KG,8,10,9
Garlic Dry Chinese,1/31/2019,KG,150,160,155
Tomato Big(Nepali),2/1/2019,KG,40,45,42.5
Potato Red,2/1/2019,KG,23,25,24
Onion Dry (Indian),2/1/2019,KG,22,24,23
Cabbage(Local),2/1/2019,KG,8,10,9
Garlic Dry Chinese,2/1/2019,KG,150,160,155
Tomato Big(Nepali),2/2/2019,KG,40,45,42.5
Potato Red,2/2/2019,KG,20,24,22
Onion Dry (Indian),2/2/2019,KG,22,24,23
Cabbage(Local),2/2/2019,KG,8,10,9
Garlic Dry Chinese,2/2/2019,KG,150,160,155
Tomato Big(Nepali),2/3/2019,KG,40,45,42.5
Potato Red,2/3/2019,KG,20,23,21.5
Onion Dry (Indian),2/3/2019,KG,22,24,23
Cabbage(Local),2/3/2019,KG,8,10,9
Garlic Dry Chinese,2/3/2019,KG,150,160,155
Tomato Big(Nepali),2/4/2019,KG,40,45,42.5
Potato Red,2/4/2019,KG,22,24,23
Onion Dry (Indian),2/4/2019,KG,22,24,23
Cabbage(Local),2/4/2019,KG,8,12,10
Garlic Dry Chinese,2/4/2019,KG,150,160,155
Tomato Big(Nepali),2/5/2019,KG,40,45,42.5
Potato Red,2/5/2019,KG,21,23,22
Onion Dry (Indian),2/5/2019,KG,21,23,22
Cabbage(Local),2/5/2019,KG,8,10,9
Garlic Dry Chinese,2/5/2019,KG,150,160,155
Tomato Big(Nepali),2/6/2019,KG,40,45,42.5
Potato Red,2/6/2019,KG,21,23,22
Onion Dry (Indian),2/6/2019,KG,21,23,22
Cabbage(Local),2/6/2019,KG,8,10,9
Garlic Dry Chinese,2/6/2019,KG,150,160,155
Tomato Big(Nepali),2/7/2019,KG,40,45,42.5
Potato Red,2/7/2019,KG,21,23,22
Onion Dry (Indian),2/7/2019,KG,21,23,22
Cabbage(Local),2/7/2019,KG,8,10,9
Garlic Dry Chinese,2/7/2019,KG,150,160,155
Tomato Big(Nepali),2/8/2019,KG,40,45,42.5
Potato Red,2/8/2019,KG,22,24,23
Onion Dry (Indian),2/8/2019,KG,21,23,22
Cabbage(Local),2/8/2019,KG,8,10,9
Garlic Dry Chinese,2/8/2019,KG,150,160,155
Tomato Big(Nepali),2/9/2019,KG,45,50,47.5
Potato Red,2/9/2019,KG,22,24,23
Onion Dry (Indian),2/9/2019,KG,21,23,22
Cabbage(Local),2/9/2019,KG,10,12,11
Garlic Dry Chinese,2/9/2019,KG,150,160,155
Tomato Big(Nepali),2/10/2019,KG,65,70,67.5
Potato Red,2/10/2019,KG,21,23,22
Onion Dry (Indian),2/10/2019,KG,21,23,22
Cabbage(Local),2/10/2019,KG,8,10,9
Garlic Dry Chinese,2/10/2019,KG,150,160,155
Potato Red,2/11/2019,KG,21,23,22
Onion Dry (Indian),2/11/2019,KG,21,23,22
Cabbage(Local),2/11/2019,KG,8,10,9
Garlic Dry Chinese,2/11/2019,KG,150,160,155
Potato Red,2/12/2019,KG,21,23,22
Onion Dry (Indian),2/12/2019,KG,21,23,22
Cabbage(Local),2/12/2019,KG,8,10,9
Garlic Dry Chinese,2/12/2019,KG,150,160,155
Potato Red,2/13/2019,KG,22,24,23
Onion Dry (Indian),2/13/2019,KG,21,23,22
Cabbage(Local),2/13/2019,KG,8,10,9
Garlic Dry Chinese,2/13/2019,KG,150,160,155
Tomato Big(Nepali),2/14/2019,KG,55,60,57.5
Potato Red,2/14/2019,KG,21,23,22
Onion Dry (Indian),2/14/2019,KG,21,23,22
Cabbage(Local),2/14/2019,KG,8,12,10
Garlic Dry Chinese,2/14/2019,KG,150,160,155
Tomato Big(Nepali),2/15/2019,KG,50,60,55
Potato Red,2/15/2019,KG,20,22,21
Onion Dry (Indian),2/15/2019,KG,21,23,22
Cabbage(Local),2/15/2019,KG,8,12,10
Garlic Dry Chinese,2/15/2019,KG,150,160,155
Tomato Big(Nepali),2/16/2019,KG,50,60,55
Potato Red,2/16/2019,KG,20,22,21
Onion Dry (Indian),2/16/2019,KG,22,23,22.5
Cabbage(Local),2/16/2019,KG,8,12,10
Garlic Dry Chinese,2/16/2019,KG,150,160,155
Tomato Big(Nepali),2/17/2019,KG,50,55,52.5
Potato Red,2/17/2019,KG,21,23,22
Onion Dry (Indian),2/17/2019,KG,21,23,22
Cabbage(Local),2/17/2019,KG,8,12,10
Garlic Dry Chinese,2/17/2019,KG,160,170,165
Tomato Big(Nepali),2/18/2019,KG,45,50,47.5
Potato Red,2/18/2019,KG,21,23,22
Onion Dry (Indian),2/18/2019,KG,21,23,22
Cabbage(Local),2/18/2019,KG,10,12,11
Garlic Dry Chinese,2/18/2019,KG,160,170,165
Tomato Big(Nepali),2/19/2019,KG,45,50,47.5
Potato Red,2/19/2019,KG,21,23,22
Onion Dry (Indian),2/19/2019,KG,21,23,22
Cabbage(Local),2/19/2019,KG,10,12,11
Garlic Dry Chinese,2/19/2019,KG,160,170,165
Tomato Big(Nepali),2/20/2019,KG,45,50,47.5
Potato Red,2/20/2019,KG,21,23,22
Onion Dry (Indian),2/20/2019,KG,21,23,22
Cabbage(Local),2/20/2019,KG,10,12,11
Garlic Dry Chinese,2/20/2019,KG,160,170,165
Tomato Big(Nepali),2/21/2019,KG,45,50,47.5
Potato Red,2/21/2019,KG,20,23,21.5
Onion Dry (Indian),2/21/2019,KG,21,23,22
Cabbage(Local),2/21/2019,KG,10,14,12
Garlic Dry Chinese,2/21/2019,KG,160,170,165
Tomato Big(Nepali),2/22/2019,KG,40,45,42.5
Potato Red,2/22/2019,KG,21,23,22
Onion Dry (Indian),2/22/2019,KG,21,23,22
Cabbage(Local),2/22/2019,KG,10,12,11
Garlic Dry Chinese,2/22/2019,KG,160,170,165
Tomato Big(Nepali),2/23/2019,KG,40,45,42.5
Potato Red,2/23/2019,KG,21,23,22
Onion Dry (Indian),2/23/2019,KG,21,23,22
Cabbage(Local),2/23/2019,KG,10,12,11
Garlic Dry Chinese,2/23/2019,KG,160,170,165
Tomato Big(Nepali),2/24/2019,KG,45,50,47.5
Potato Red,2/24/2019,KG,21,23,22
Onion Dry (Indian),2/24/2019,KG,21,23,22
Cabbage(Local),2/24/2019,KG,10,12,11
Garlic Dry Chinese,2/24/2019,KG,160,170,165
Tomato Big(Nepali),2/25/2019,KG,45,50,47.5
Potato Red,2/25/2019,KG,21,23,22
Onion Dry (Indian),2/25/2019,KG,21,23,22
Cabbage(Local),2/25/2019,KG,10,15,12.5
Garlic Dry Chinese,2/25/2019,KG,160,170,165
Tomato Big(Nepali),2/26/2019,KG,45,50,47.5
Potato Red,2/26/2019,KG,21,23,22
Onion Dry (Indian),2/26/2019,KG,21,23,22
Cabbage(Local),2/26/2019,KG,10,12,11
Garlic Dry Chinese,2/26/2019,KG,160,170,165
Tomato Big(Nepali),2/27/2019,KG,45,50,47.5
Potato Red,2/27/2019,KG,20,22,21
Onion Dry (Indian),2/27/2019,KG,21,23,22
Cabbage(Local),2/27/2019,KG,10,12,11
Garlic Dry Chinese,2/27/2019,KG,160,170,165
Tomato Big(Nepali),2/28/2019,KG,45,50,47.5
Potato Red,2/28/2019,KG,20,22,21
Onion Dry (Indian),2/28/2019,KG,21,23,22
Cabbage(Local),2/28/2019,KG,10,12,11
Garlic Dry Chinese,2/28/2019,KG,160,170,165
Tomato Big(Nepali),3/1/2019,KG,45,50,47.5
Potato Red,3/1/2019,KG,20,22,21
Onion Dry (Indian),3/1/2019,KG,21,23,22
Cabbage(Local),3/1/2019,KG,8,10,9
Garlic Dry Chinese,3/1/2019,KG,160,170,165
Tomato Big(Nepali),3/2/2019,KG,45,50,47.5
Potato Red,3/2/2019,KG,20,22,21
Onion Dry (Indian),3/2/2019,KG,21,23,22
Cabbage(Local),3/2/2019,KG,10,12,11
Garlic Dry Chinese,3/2/2019,KG,160,170,165
Tomato Big(Nepali),3/3/2019,KG,45,50,47.5
Potato Red,3/3/2019,KG,20,22,21
Onion Dry (Indian),3/3/2019,KG,20,22,21
Cabbage(Local),3/3/2019,KG,10,15,12.5
Garlic Dry Chinese,3/3/2019,KG,160,170,165
Tomato Big(Nepali),3/5/2019,KG,45,50,47.5
Potato Red,3/5/2019,KG,20,22,21
Onion Dry (Indian),3/5/2019,KG,20,22,21
Cabbage(Local),3/5/2019,KG,10,15,12.5
Garlic Dry Chinese,3/5/2019,KG,160,170,165
Tomato Big(Nepali),3/6/2019,KG,45,50,47.5
Potato Red,3/6/2019,KG,20,22,21
Onion Dry (Indian),3/6/2019,KG,20,22,21
Cabbage(Local),3/6/2019,KG,10,15,12.5
Garlic Dry Chinese,3/6/2019,KG,160,170,165
Tomato Big(Nepali),3/7/2019,KG,45,50,47.5
Potato Red,3/7/2019,KG,21,23,22
Onion Dry (Indian),3/7/2019,KG,21,23,22
Cabbage(Local),3/7/2019,KG,10,15,12.5
Tomato Big(Nepali),3/8/2019,KG,45,50,47.5
Potato Red,3/8/2019,KG,21,23,22
Onion Dry (Indian),3/8/2019,KG,21,23,22
Cabbage(Local),3/8/2019,KG,10,15,12.5
Garlic Dry Chinese,3/8/2019,KG,180,190,185
Tomato Big(Nepali),3/9/2019,KG,35,40,37.5
Potato Red,3/9/2019,KG,21,23,22
Onion Dry (Indian),3/9/2019,KG,22,24,23
Cabbage(Local),3/9/2019,KG,10,15,12.5
Garlic Dry Chinese,3/9/2019,KG,180,190,185
Tomato Big(Nepali),3/10/2019,KG,35,40,37.5
Potato Red,3/10/2019,KG,21,23,22
Onion Dry (Indian),3/10/2019,KG,21,24,22.5
Cabbage(Local),3/10/2019,KG,10,15,12.5
Garlic Dry Chinese,3/10/2019,KG,180,190,185
Tomato Big(Nepali),3/11/2019,KG,45,50,47.5
Potato Red,3/11/2019,KG,21,24,22.5
Onion Dry (Indian),3/11/2019,KG,23,25,24
Cabbage(Local),3/11/2019,KG,10,15,12.5
Garlic Dry Chinese,3/11/2019,KG,180,190,185
Tomato Big(Nepali),3/12/2019,KG,50,55,52.5
Potato Red,3/12/2019,KG,22,24,23
Onion Dry (Indian),3/12/2019,KG,24,26,25
Cabbage(Local),3/12/2019,KG,10,15,12.5
Garlic Dry Chinese,3/12/2019,KG,180,190,185
Tomato Big(Nepali),3/13/2019,KG,55,60,57.5
Potato Red,3/13/2019,KG,22,24,23
Onion Dry (Indian),3/13/2019,KG,24,26,25
Cabbage(Local),3/13/2019,KG,10,15,12.5
Garlic Dry Chinese,3/13/2019,KG,180,190,185
Tomato Big(Nepali),3/14/2019,KG,50,55,52.5
Potato Red,3/14/2019,KG,22,24,23
Onion Dry (Indian),3/14/2019,KG,25,27,26
Cabbage(Local),3/14/2019,KG,10,15,12.5
Garlic Dry Chinese,3/14/2019,KG,180,190,185
Tomato Big(Nepali),3/15/2019,KG,55,60,57.5
Potato Red,3/15/2019,KG,22,24,23
Onion Dry (Indian),3/15/2019,KG,24,26,25
Cabbage(Local),3/15/2019,KG,10,15,12.5
Garlic Dry Chinese,3/15/2019,KG,180,190,185
Tomato Big(Nepali),3/16/2019,KG,55,60,57.5
Potato Red,3/16/2019,KG,22,24,23
Onion Dry (Indian),3/16/2019,KG,24,26,25
Cabbage(Local),3/16/2019,KG,10,15,12.5
Garlic Dry Chinese,3/16/2019,KG,170,180,175
Tomato Big(Nepali),3/17/2019,KG,65,70,67.5
Potato Red,3/17/2019,KG,22,25,23.5
Onion Dry (Indian),3/17/2019,KG,24,26,25
Cabbage(Local),3/17/2019,KG,10,15,12.5
Garlic Dry Chinese,3/17/2019,KG,170,180,175
Tomato Big(Nepali),3/18/2019,KG,65,70,67.5
Potato Red,3/18/2019,KG,20,22,21
Onion Dry (Indian),3/18/2019,KG,22,24,23
Cabbage(Local),3/18/2019,KG,10,20,15
Garlic Dry Chinese,3/18/2019,KG,170,180,175
Tomato Big(Nepali),3/19/2019,KG,65,70,67.5
Potato Red,3/19/2019,KG,21,24,22.5
Onion Dry (Indian),3/19/2019,KG,21,24,22.5
Cabbage(Local),3/19/2019,KG,10,15,12.5
Garlic Dry Chinese,3/19/2019,KG,170,180,175
Tomato Big(Nepali),3/20/2019,KG,65,70,67.5
Potato Red,3/20/2019,KG,21,23,22
Onion Dry (Indian),3/20/2019,KG,21,23,22
Cabbage(Local),3/20/2019,KG,10,15,12.5
Garlic Dry Chinese,3/20/2019,KG,170,180,175
Tomato Big(Nepali),3/21/2019,KG,60,65,62.5
Potato Red,3/21/2019,KG,21,23,22
Onion Dry (Indian),3/21/2019,KG,21,23,22
Cabbage(Local),3/21/2019,KG,10,15,12.5
Garlic Dry Chinese,3/21/2019,KG,170,180,175
Tomato Big(Nepali),3/22/2019,KG,60,65,62.5
Potato Red,3/22/2019,KG,21,23,22
Onion Dry (Indian),3/22/2019,KG,24,26,25
Cabbage(Local),3/22/2019,KG,10,15,12.5
Garlic Dry Chinese,3/22/2019,KG,170,180,175
Tomato Big(Nepali),3/23/2019,KG,60,65,62.5
Potato Red,3/23/2019,KG,21,23,22
Onion Dry (Indian),3/23/2019,KG,23,24,23.5
Cabbage(Local),3/23/2019,KG,10,15,12.5
Garlic Dry Chinese,3/23/2019,KG,170,180,175
Tomato Big(Nepali),3/24/2019,KG,50,55,52.5
Potato Red,3/24/2019,KG,21,23,22
Onion Dry (Indian),3/24/2019,KG,21,23,22
Cabbage(Local),3/24/2019,KG,10,15,12.5
Garlic Dry Chinese,3/24/2019,KG,170,180,175
Tomato Big(Nepali),3/25/2019,KG,50,55,52.5
Potato Red,3/25/2019,KG,22,24,23
Onion Dry (Indian),3/25/2019,KG,23,25,24
Cabbage(Local),3/25/2019,KG,8,10,9
Garlic Dry Chinese,3/25/2019,KG,170,180,175
Tomato Big(Nepali),3/26/2019,KG,65,70,67.5
Potato Red,3/26/2019,KG,21,23,22
Onion Dry (Indian),3/26/2019,KG,22,24,23
Cabbage(Local),3/26/2019,KG,8,10,9
Garlic Dry Chinese,3/26/2019,KG,170,180,175
Tomato Big(Nepali),3/27/2019,KG,65,70,67.5
Potato Red,3/27/2019,KG,21,23,22
Onion Dry (Indian),3/27/2019,KG,23,25,24
Cabbage(Local),3/27/2019,KG,8,10,9
Garlic Dry Chinese,3/27/2019,KG,170,180,175
Tomato Big(Nepali),3/28/2019,KG,55,60,57.5
Potato Red,3/28/2019,KG,21,23,22
Onion Dry (Indian),3/28/2019,KG,24,26,25
Cabbage(Local),3/28/2019,KG,8,10,9
Garlic Dry Chinese,3/28/2019,KG,170,180,175
Tomato Big(Nepali),3/29/2019,KG,50,55,52.5
Potato Red,3/29/2019,KG,21,23,22
Onion Dry (Indian),3/29/2019,KG,24,26,25
Cabbage(Local),3/29/2019,KG,8,10,9
Garlic Dry Chinese,3/29/2019,KG,170,180,175
Tomato Big(Nepali),3/30/2019,KG,50,55,52.5
Potato Red,3/30/2019,KG,21,23,22
Onion Dry (Indian),3/30/2019,KG,24,26,25
Cabbage(Local),3/30/2019,KG,8,10,9
Garlic Dry Chinese,3/30/2019,KG,170,180,175
Tomato Big(Nepali),3/31/2019,KG,45,50,47.5
Potato Red,3/31/2019,KG,21,23,22
Onion Dry (Indian),3/31/2019,KG,24,26,25
Cabbage(Local),3/31/2019,KG,8,10,9
Garlic Dry Chinese,3/31/2019,KG,170,180,175
Tomato Big(Nepali),4/1/2019,KG,50,55,52.5
Potato Red,4/1/2019,KG,21,23,22
Onion Dry (Indian),4/1/2019,KG,24,26,25
Cabbage(Local),4/1/2019,KG,8,10,9
Garlic Dry Chinese,4/1/2019,KG,170,180,175
Tomato Big(Nepali),4/2/2019,KG,55,60,57.5
Potato Red,4/2/2019,KG,21,23,22
Onion Dry (Indian),4/2/2019,KG,23,25,24
Cabbage(Local),4/2/2019,KG,8,10,9
Garlic Dry Chinese,4/2/2019,KG,170,180,175
Tomato Big(Nepali),4/3/2019,KG,45,50,47.5
Potato Red,4/3/2019,KG,21,23,22
Onion Dry (Indian),4/3/2019,KG,24,26,25
Cabbage(Local),4/3/2019,KG,10,12,11
Garlic Dry Chinese,4/3/2019,KG,170,180,175
Tomato Big(Nepali),4/4/2019,KG,45,50,47.5
Potato Red,4/4/2019,KG,21,23,22
Onion Dry (Indian),4/4/2019,KG,22,25,23.5
Cabbage(Local),4/4/2019,KG,10,12,11
Garlic Dry Chinese,4/4/2019,KG,170,180,175
Tomato Big(Nepali),4/5/2019,KG,45,50,47.5
Potato Red,4/5/2019,KG,21,23,22
Onion Dry (Indian),4/5/2019,KG,22,24,23
Cabbage(Local),4/5/2019,KG,10,12,11
Garlic Dry Chinese,4/5/2019,KG,170,180,175
Tomato Big(Nepali),4/6/2019,KG,45,50,47.5
Potato Red,4/6/2019,KG,21,23,22
Onion Dry (Indian),4/6/2019,KG,22,24,23
Cabbage(Local),4/6/2019,KG,10,12,11
Garlic Dry Chinese,4/6/2019,KG,170,180,175
Tomato Big(Nepali),4/7/2019,KG,45,50,47.5
Potato Red,4/7/2019,KG,23,25,24
Onion Dry (Indian),4/7/2019,KG,23,25,24
Cabbage(Local),4/7/2019,KG,10,12,11
Garlic Dry Chinese,4/7/2019,KG,170,180,175
Tomato Big(Nepali),4/8/2019,KG,45,50,47.5
Potato Red,4/8/2019,KG,22,25,23.5
Onion Dry (Indian),4/8/2019,KG,23,25,24
Cabbage(Local),4/8/2019,KG,10,12,11
Garlic Dry Chinese,4/8/2019,KG,170,180,175
Tomato Big(Nepali),4/9/2019,KG,45,50,47.5
Potato Red,4/9/2019,KG,23,25,24
Onion Dry (Indian),4/9/2019,KG,23,25,24
Cabbage(Local),4/9/2019,KG,10,12,11
Garlic Dry Chinese,4/9/2019,KG,180,190,185
Tomato Big(Nepali),4/10/2019,KG,45,50,47.5
Potato Red,4/10/2019,KG,24,26,25
Onion Dry (Indian),4/10/2019,KG,23,25,24
Cabbage(Local),4/10/2019,KG,10,12,11
Garlic Dry Chinese,4/10/2019,KG,180,190,185
Tomato Big(Nepali),4/11/2019,KG,50,55,52.5
Potato Red,4/11/2019,KG,25,27,26
Onion Dry (Indian),4/11/2019,KG,23,25,24
Cabbage(Local),4/11/2019,KG,12,15,13.5
Garlic Dry Chinese,4/11/2019,KG,180,190,185
Tomato Big(Nepali),4/12/2019,KG,50,55,52.5
Potato Red,4/12/2019,KG,25,27,26
Onion Dry (Indian),4/12/2019,KG,23,25,24
Cabbage(Local),4/12/2019,KG,10,12,11
Garlic Dry Chinese,4/12/2019,KG,170,180,175
Tomato Big(Nepali),4/13/2019,KG,50,55,52.5
Potato Red,4/13/2019,KG,25,27,26
Onion Dry (Indian),4/13/2019,KG,23,25,24
Cabbage(Local),4/13/2019,KG,10,12,11
Garlic Dry Chinese,4/13/2019,KG,170,180,175
Tomato Big(Nepali),4/14/2019,KG,45,50,47.5
Potato Red,4/14/2019,KG,25,27,26
Onion Dry (Indian),4/14/2019,KG,23,25,24
Cabbage(Local),4/14/2019,KG,10,12,11
Garlic Dry Chinese,4/14/2019,KG,170,180,175
Tomato Big(Nepali),4/15/2019,KG,55,60,57.5
Potato Red,4/15/2019,KG,25,27,26
Onion Dry (Indian),4/15/2019,KG,24,26,25
Cabbage(Local),4/15/2019,KG,10,12,11
Garlic Dry Chinese,4/15/2019,KG,170,180,175
Tomato Big(Nepali),4/16/2019,KG,45,50,47.5
Potato Red,4/16/2019,KG,25,27,26
Onion Dry (Indian),4/16/2019,KG,24,26,25
Cabbage(Local),4/16/2019,KG,8,10,9
Garlic Dry Chinese,4/16/2019,KG,170,180,175
Tomato Big(Nepali),4/17/2019,KG,50,55,52.5
Potato Red,4/17/2019,KG,28,30,29
Onion Dry (Indian),4/17/2019,KG,25,27,26
Cabbage(Local),4/17/2019,KG,8,10,9
Garlic Dry Chinese,4/17/2019,KG,170,180,175
Tomato Big(Nepali),4/18/2019,KG,50,55,52.5
Potato Red,4/18/2019,KG,28,30,29
Onion Dry (Indian),4/18/2019,KG,25,27,26
Cabbage(Local),4/18/2019,KG,10,15,12.5
Garlic Dry Chinese,4/18/2019,KG,170,180,175
Tomato Big(Nepali),4/19/2019,KG,55,60,57.5
Potato Red,4/19/2019,KG,27,29,28
Onion Dry (Indian),4/19/2019,KG,25,27,26
Cabbage(Local),4/19/2019,KG,10,15,12.5
Garlic Dry Chinese,4/19/2019,KG,170,180,175
Tomato Big(Nepali),4/20/2019,KG,55,60,57.5
Potato Red,4/20/2019,KG,24,28,26
Onion Dry (Indian),4/20/2019,KG,25,27,26
Cabbage(Local),4/20/2019,KG,10,15,12.5
Garlic Dry Chinese,4/20/2019,KG,170,180,175
Tomato Big(Nepali),4/21/2019,KG,55,60,57.5
Potato Red,4/21/2019,KG,28,30,29
Onion Dry (Indian),4/21/2019,KG,25,27,26
Cabbage(Local),4/21/2019,KG,10,15,12.5
Garlic Dry Chinese,4/21/2019,KG,170,180,175
Tomato Big(Nepali),4/22/2019,KG,55,60,57.5
Potato Red,4/22/2019,KG,26,28,27
Onion Dry (Indian),4/22/2019,KG,26,28,27
Cabbage(Local),4/22/2019,KG,10,15,12.5
Garlic Dry Chinese,4/22/2019,KG,170,180,175
Tomato Big(Nepali),4/23/2019,KG,50,55,52.5
Potato Red,4/23/2019,KG,24,26,25
Onion Dry (Indian),4/23/2019,KG,26,28,27
Cabbage(Local),4/23/2019,KG,12,15,13.5
Garlic Dry Chinese,4/23/2019,KG,170,180,175
Tomato Big(Nepali),4/24/2019,KG,50,55,52.5
Potato Red,4/24/2019,KG,25,28,26.5
Onion Dry (Indian),4/24/2019,KG,27,28,27.5
Cabbage(Local),4/24/2019,KG,10,12,11
Garlic Dry Chinese,4/24/2019,KG,170,180,175
Tomato Big(Nepali),4/25/2019,KG,45,50,47.5
Potato Red,4/25/2019,KG,24,27,25.5
Onion Dry (Indian),4/25/2019,KG,27,28,27.5
Cabbage(Local),4/25/2019,KG,12,15,13.5
Garlic Dry Chinese,4/25/2019,KG,170,180,175
Tomato Big(Nepali),4/26/2019,KG,45,50,47.5
Potato Red,4/26/2019,KG,24,27,25.5
Onion Dry (Indian),4/26/2019,KG,27,28,27.5
Cabbage(Local),4/26/2019,KG,10,12,11
Garlic Dry Chinese,4/26/2019,KG,170,180,175
Tomato Big(Nepali),4/27/2019,KG,45,50,47.5
Potato Red,4/27/2019,KG,23,25,24
Onion Dry (Indian),4/27/2019,KG,26,28,27
Cabbage(Local),4/27/2019,KG,10,15,12.5
Garlic Dry Chinese,4/27/2019,KG,170,180,175
Tomato Big(Nepali),4/28/2019,KG,55,60,57.5
Potato Red,4/28/2019,KG,23,25,24
Onion Dry (Indian),4/28/2019,KG,26,28,27
Cabbage(Local),4/28/2019,KG,10,15,12.5
Garlic Dry Chinese,4/28/2019,KG,170,180,175
Tomato Big(Nepali),4/29/2019,KG,55,60,57.5
Potato Red,4/29/2019,KG,23,25,24
Onion Dry (Indian),4/29/2019,KG,26,28,27
Cabbage(Local),4/29/2019,KG,10,15,12.5
Garlic Dry Chinese,4/29/2019,KG,170,180,175
Tomato Big(Nepali),4/30/2019,KG,75,80,77.5
Potato Red,4/30/2019,KG,23,25,24
Onion Dry (Indian),4/30/2019,KG,26,28,27
Cabbage(Local),4/30/2019,KG,10,15,12.5
Garlic Dry Chinese,4/30/2019,KG,170,180,175
Tomato Big(Nepali),5/1/2019,KG,75,80,77.5
Potato Red,5/1/2019,KG,23,25,24
Onion Dry (Indian),5/1/2019,KG,25,27,26
Cabbage(Local),5/1/2019,KG,10,15,12.5
Garlic Dry Chinese,5/1/2019,KG,170,180,175
Tomato Big(Nepali),5/2/2019,KG,65,70,67.5
Potato Red,5/2/2019,KG,23,25,24
Onion Dry (Indian),5/2/2019,KG,25,28,26.5
Cabbage(Local),5/2/2019,KG,10,15,12.5
Garlic Dry Chinese,5/2/2019,KG,170,180,175
Tomato Big(Nepali),5/3/2019,KG,65,70,67.5
Potato Red,5/3/2019,KG,24,26,25
Onion Dry (Indian),5/3/2019,KG,25,27,26
Cabbage(Local),5/3/2019,KG,10,15,12.5
Garlic Dry Chinese,5/3/2019,KG,170,180,175
Tomato Big(Nepali),5/4/2019,KG,65,70,67.5
Potato Red,5/4/2019,KG,24,26,25
Onion Dry (Indian),5/4/2019,KG,25,27,26
Cabbage(Local),5/4/2019,KG,10,15,12.5
Garlic Dry Chinese,5/4/2019,KG,170,180,175
Tomato Big(Nepali),5/5/2019,KG,65,70,67.5
Potato Red,5/5/2019,KG,24,26,25
Onion Dry (Indian),5/5/2019,KG,25,27,26
Cabbage(Local),5/5/2019,KG,10,15,12.5
Garlic Dry Chinese,5/5/2019,KG,170,180,175
Tomato Big(Nepali),5/6/2019,KG,65,70,67.5
Potato Red,5/6/2019,KG,25,27,26
Onion Dry (Indian),5/6/2019,KG,25,27,26
Cabbage(Local),5/6/2019,KG,10,15,12.5
Garlic Dry Chinese,5/6/2019,KG,170,180,175
Tomato Big(Nepali),5/7/2019,KG,65,70,67.5
Potato Red,5/7/2019,KG,26,28,27
Onion Dry (Indian),5/7/2019,KG,26,28,27
Cabbage(Local),5/7/2019,KG,10,15,12.5
Garlic Dry Chinese,5/7/2019,KG,170,180,175
Tomato Big(Nepali),5/8/2019,KG,65,70,67.5
Potato Red,5/8/2019,KG,28,30,29
Onion Dry (Indian),5/8/2019,KG,26,28,27
Cabbage(Local),5/8/2019,KG,10,15,12.5
Garlic Dry Chinese,5/8/2019,KG,170,180,175
Tomato Big(Nepali),5/9/2019,KG,65,70,67.5
Potato Red,5/9/2019,KG,26,28,27
Onion Dry (Indian),5/9/2019,KG,26,28,27
Cabbage(Local),5/9/2019,KG,10,15,12.5
Garlic Dry Chinese,5/9/2019,KG,170,180,175
Tomato Big(Nepali),5/10/2019,KG,75,80,77.5
Potato Red,5/10/2019,KG,25,27,26
Onion Dry (Indian),5/10/2019,KG,26,28,27
Cabbage(Local),5/10/2019,KG,15,20,17.5
Garlic Dry Chinese,5/10/2019,KG,170,180,175
Tomato Big(Nepali),5/11/2019,KG,65,70,67.5
Potato Red,5/11/2019,KG,26,28,27
Onion Dry (Indian),5/11/2019,KG,26,28,27
Cabbage(Local),5/11/2019,KG,15,20,17.5
Garlic Dry Chinese,5/11/2019,KG,170,180,175
Tomato Big(Nepali),5/12/2019,KG,95,100,97.5
Potato Red,5/12/2019,KG,25,27,26
Onion Dry (Indian),5/12/2019,KG,25,27,26
Cabbage(Local),5/12/2019,KG,15,20,17.5
Garlic Dry Chinese,5/12/2019,KG,170,180,175
Tomato Big(Nepali),5/13/2019,KG,95,100,97.5
Potato Red,5/13/2019,KG,25,27,26
Onion Dry (Indian),5/13/2019,KG,25,27,26
Cabbage(Local),5/13/2019,KG,15,20,17.5
Garlic Dry Chinese,5/13/2019,KG,170,180,175
Tomato Big(Nepali),5/14/2019,KG,90,95,92.5
Potato Red,5/14/2019,KG,24,26,25
Onion Dry (Indian),5/14/2019,KG,25,27,26
Cabbage(Local),5/14/2019,KG,15,17,16
Garlic Dry Chinese,5/14/2019,KG,170,180,175
Tomato Big(Nepali),5/15/2019,KG,95,100,97.5
Potato Red,5/15/2019,KG,25,27,26
Onion Dry (Indian),5/15/2019,KG,25,27,26
Cabbage(Local),5/15/2019,KG,15,20,17.5
Garlic Dry Chinese,5/15/2019,KG,170,180,175
Tomato Big(Nepali),5/16/2019,KG,75,80,77.5
Potato Red,5/16/2019,KG,26,28,27
Onion Dry (Indian),5/16/2019,KG,25,27,26
Cabbage(Local),5/16/2019,KG,15,20,17.5
Garlic Dry Chinese,5/16/2019,KG,170,180,175
Tomato Big(Nepali),5/17/2019,KG,80,85,82.5
Potato Red,5/17/2019,KG,26,28,27
Onion Dry (Indian),5/17/2019,KG,25,27,26
Cabbage(Local),5/17/2019,KG,10,15,12.5
Garlic Dry Chinese,5/17/2019,KG,170,180,175
Tomato Big(Nepali),5/18/2019,KG,75,80,77.5
Potato Red,5/18/2019,KG,25,27,26
Onion Dry (Indian),5/18/2019,KG,25,27,26
Cabbage(Local),5/18/2019,KG,10,15,12.5
Garlic Dry Chinese,5/18/2019,KG,170,180,175
Tomato Big(Nepali),5/19/2019,KG,85,90,87.5
Potato Red,5/19/2019,KG,27,29,28
Onion Dry (Indian),5/19/2019,KG,25,27,26
Cabbage(Local),5/19/2019,KG,10,15,12.5
Garlic Dry Chinese,5/19/2019,KG,170,180,175
Tomato Big(Nepali),5/20/2019,KG,75,80,77.5
Potato Red,5/20/2019,KG,26,28,27
Onion Dry (Indian),5/20/2019,KG,26,28,27
Cabbage(Local),5/20/2019,KG,10,15,12.5
Garlic Dry Chinese,5/20/2019,KG,170,180,175
Tomato Big(Nepali),5/21/2019,KG,75,80,77.5
Potato Red,5/21/2019,KG,25,27,26
Onion Dry (Indian),5/21/2019,KG,25,27,26
Cabbage(Local),5/21/2019,KG,10,12,11
Garlic Dry Chinese,5/21/2019,KG,170,180,175
Tomato Big(Nepali),5/22/2019,KG,80,90,85
Potato Red,5/22/2019,KG,27,30,28.5
Onion Dry (Indian),5/22/2019,KG,25,27,26
Cabbage(Local),5/22/2019,KG,10,12,11
Garlic Dry Chinese,5/22/2019,KG,170,180,175
Tomato Big(Nepali),5/23/2019,KG,75,80,77.5
Potato Red,5/23/2019,KG,28,30,29
Onion Dry (Indian),5/23/2019,KG,25,27,26
Cabbage(Local),5/23/2019,KG,10,15,12.5
Garlic Dry Chinese,5/23/2019,KG,170,180,175
Tomato Big(Nepali),5/24/2019,KG,75,80,77.5
Potato Red,5/24/2019,KG,27,30,28.5
Onion Dry (Indian),5/24/2019,KG,25,27,26
Cabbage(Local),5/24/2019,KG,10,15,12.5
Garlic Dry Chinese,5/24/2019,KG,170,180,175
Tomato Big(Nepali),5/25/2019,KG,75,80,77.5
Potato Red,5/25/2019,KG,27,30,28.5
Onion Dry (Indian),5/25/2019,KG,25,27,26
Cabbage(Local),5/25/2019,KG,8,12,10
Garlic Dry Chinese,5/25/2019,KG,170,180,175
Tomato Big(Nepali),5/26/2019,KG,65,70,67.5
Potato Red,5/26/2019,KG,28,30,29
Onion Dry (Indian),5/26/2019,KG,25,27,26
Cabbage(Local),5/26/2019,KG,15,20,17.5
Garlic Dry Chinese,5/26/2019,KG,170,180,175
Tomato Big(Nepali),5/27/2019,KG,65,75,70
Potato Red,5/27/2019,KG,27,30,28.5
Onion Dry (Indian),5/27/2019,KG,26,28,27
Cabbage(Local),5/27/2019,KG,15,20,17.5
Garlic Dry Chinese,5/27/2019,KG,170,180,175
Tomato Big(Nepali),5/28/2019,KG,75,80,77.5
Potato Red,5/28/2019,KG,28,30,29
Onion Dry (Indian),5/28/2019,KG,26,28,27
Cabbage(Local),5/28/2019,KG,15,20,17.5
Garlic Dry Chinese,5/28/2019,KG,170,180,175
Tomato Big(Nepali),5/29/2019,KG,95,100,97.5
Potato Red,5/29/2019,KG,28,30,29
Onion Dry (Indian),5/29/2019,KG,26,28,27
Cabbage(Local),5/29/2019,KG,30,35,32.5
Garlic Dry Chinese,5/29/2019,KG,170,180,175
Tomato Big(Nepali),5/30/2019,KG,80,90,85
Potato Red,5/30/2019,KG,28,30,29
Onion Dry (Indian),5/30/2019,KG,28,30,29
Cabbage(Local),5/30/2019,KG,30,35,32.5
Garlic Dry Chinese,5/30/2019,KG,170,180,175
Tomato Big(Nepali),5/31/2019,KG,80,90,85
Potato Red,5/31/2019,KG,28,31,29.5
Onion Dry (Indian),5/31/2019,KG,28,30,29
Cabbage(Local),5/31/2019,KG,25,30,27.5
Garlic Dry Chinese,5/31/2019,KG,170,180,175
Tomato Big(Nepali),6/1/2019,KG,80,90,85
Potato Red,6/1/2019,KG,28,30,29
Onion Dry (Indian),6/1/2019,KG,28,30,29
Cabbage(Local),6/1/2019,KG,25,30,27.5
Garlic Dry Chinese,6/1/2019,KG,170,180,175
Tomato Big(Nepali),6/2/2019,KG,85,90,87.5
Potato Red,6/2/2019,KG,30,32,31
Onion Dry (Indian),6/2/2019,KG,28,30,29
Cabbage(Local),6/2/2019,KG,25,30,27.5
Garlic Dry Chinese,6/2/2019,KG,170,180,175
Tomato Big(Nepali),6/3/2019,KG,75,80,77.5
Potato Red,6/3/2019,KG,30,32,31
Onion Dry (Indian),6/3/2019,KG,28,30,29
Cabbage(Local),6/3/2019,KG,25,30,27.5
Garlic Dry Chinese,6/3/2019,KG,190,200,195
Tomato Big(Nepali),6/4/2019,KG,75,80,77.5
Potato Red,6/4/2019,KG,30,32,31
Onion Dry (Indian),6/4/2019,KG,28,30,29
Cabbage(Local),6/4/2019,KG,25,30,27.5
Garlic Dry Chinese,6/4/2019,KG,190,200,195
Tomato Big(Nepali),6/5/2019,KG,65,70,67.5
Potato Red,6/5/2019,KG,30,32,31
Onion Dry (Indian),6/5/2019,KG,28,30,29
Cabbage(Local),6/5/2019,KG,20,25,22.5
Garlic Dry Chinese,6/5/2019,KG,190,200,195
Tomato Big(Nepali),6/6/2019,KG,65,70,67.5
Potato Red,6/6/2019,KG,30,32,31
Onion Dry (Indian),6/6/2019,KG,28,30,29
Cabbage(Local),6/6/2019,KG,20,25,22.5
Garlic Dry Chinese,6/6/2019,KG,190,200,195
Tomato Big(Nepali),6/7/2019,KG,55,60,57.5
Potato Red,6/7/2019,KG,30,32,31
Onion Dry (Indian),6/7/2019,KG,28,30,29
Cabbage(Local),6/7/2019,KG,20,25,22.5
Garlic Dry Chinese,6/7/2019,KG,190,200,195
Tomato Big(Nepali),6/8/2019,KG,55,60,57.5
Potato Red,6/8/2019,KG,30,32,31
Onion Dry (Indian),6/8/2019,KG,28,30,29
Cabbage(Local),6/8/2019,KG,20,25,22.5
Garlic Dry Chinese,6/8/2019,KG,190,200,195
Tomato Big(Nepali),6/9/2019,KG,55,60,57.5
Potato Red,6/9/2019,KG,30,32,31
Onion Dry (Indian),6/9/2019,KG,29,31,30
Cabbage(Local),6/9/2019,KG,25,28,26.5
Garlic Dry Chinese,6/9/2019,KG,190,200,195
Tomato Big(Nepali),6/10/2019,KG,55,60,57.5
Potato Red,6/10/2019,KG,30,33,31.5
Onion Dry (Indian),6/10/2019,KG,30,31,30.5
Cabbage(Local),6/10/2019,KG,20,25,22.5
Garlic Dry Chinese,6/10/2019,KG,190,200,195
Tomato Big(Nepali),6/11/2019,KG,65,70,67.5
Potato Red,6/11/2019,KG,32,34,33
Onion Dry (Indian),6/11/2019,KG,32,34,33
Cabbage(Local),6/11/2019,KG,22,28,25
Garlic Dry Chinese,6/11/2019,KG,190,200,195
Tomato Big(Nepali),6/12/2019,KG,85,90,87.5
Potato Red,6/12/2019,KG,31,34,32.5
Onion Dry (Indian),6/12/2019,KG,31,34,32.5
Cabbage(Local),6/12/2019,KG,25,30,27.5
Garlic Dry Chinese,6/12/2019,KG,190,200,195
Tomato Big(Nepali),6/13/2019,KG,90,100,95
Potato Red,6/13/2019,KG,32,34,33
Onion Dry (Indian),6/13/2019,KG,32,34,33
Cabbage(Local),6/13/2019,KG,25,28,26.5
Garlic Dry Chinese,6/13/2019,KG,190,195,192.5
Tomato Big(Nepali),6/14/2019,KG,85,90,87.5
Potato Red,6/14/2019,KG,32,34,33
Onion Dry (Indian),6/14/2019,KG,32,34,33
Cabbage(Local),6/14/2019,KG,25,30,27.5
Garlic Dry Chinese,6/14/2019,KG,190,200,195
Tomato Big(Nepali),6/15/2019,KG,75,80,77.5
Potato Red,6/15/2019,KG,32,34,33
Onion Dry (Indian),6/15/2019,KG,32,34,33
Cabbage(Local),6/15/2019,KG,25,30,27.5
Garlic Dry Chinese,6/15/2019,KG,190,200,195
Tomato Big(Nepali),6/16/2019,KG,60,65,62.5
Potato Red,6/16/2019,KG,32,34,33
Onion Dry (Indian),6/16/2019,KG,32,34,33
Cabbage(Local),6/16/2019,KG,24,26,25
Garlic Dry Chinese,6/16/2019,KG,190,200,195
Tomato Big(Nepali),6/17/2019,KG,60,65,62.5
Potato Red,6/17/2019,KG,32,35,33.5
Onion Dry (Indian),6/17/2019,KG,32,35,33.5
Cabbage(Local),6/17/2019,KG,30,35,32.5
Garlic Dry Chinese,6/17/2019,KG,190,200,195
Tomato Big(Nepali),6/18/2019,KG,60,65,62.5
Potato Red,6/18/2019,KG,32,34,33
Onion Dry (Indian),6/18/2019,KG,32,34,33
Cabbage(Local),6/18/2019,KG,30,35,32.5
Garlic Dry Chinese,6/18/2019,KG,190,200,195
Tomato Big(Nepali),6/19/2019,KG,65,70,67.5
Potato Red,6/19/2019,KG,32,35,33.5
Onion Dry (Indian),6/19/2019,KG,32,34,33
Cabbage(Local),6/19/2019,KG,30,35,32.5
Garlic Dry Chinese,6/19/2019,KG,190,200,195
Tomato Big(Nepali),6/20/2019,KG,60,65,62.5
Potato Red,6/20/2019,KG,32,34,33
Onion Dry (Indian),6/20/2019,KG,32,34,33
Cabbage(Local),6/20/2019,KG,30,35,32.5
Garlic Dry Chinese,6/20/2019,KG,190,200,195
Tomato Big(Nepali),6/21/2019,KG,60,65,62.5
Potato Red,6/21/2019,KG,32,35,33.5
Onion Dry (Indian),6/21/2019,KG,32,35,33.5
Cabbage(Local),6/21/2019,KG,30,35,32.5
Garlic Dry Chinese,6/21/2019,KG,190,200,195
Tomato Big(Nepali),6/22/2019,KG,65,70,67.5
Potato Red,6/22/2019,KG,32,35,33.5
Onion Dry (Indian),6/22/2019,KG,32,34,33
Cabbage(Local),6/22/2019,KG,30,35,32.5
Garlic Dry Chinese,6/22/2019,KG,190,200,195
Tomato Big(Nepali),6/23/2019,KG,65,70,67.5
Potato Red,6/23/2019,KG,32,34,33
Onion Dry (Indian),6/23/2019,KG,33,35,34
Cabbage(Local),6/23/2019,KG,30,35,32.5
Garlic Dry Chinese,6/23/2019,KG,190,200,195
Tomato Big(Nepali),6/24/2019,KG,65,70,67.5
Potato Red,6/24/2019,KG,33,35,34
Onion Dry (Indian),6/24/2019,KG,36,40,38
Cabbage(Local),6/24/2019,KG,30,35,32.5
Garlic Dry Chinese,6/24/2019,KG,190,200,195
Tomato Big(Indian),6/25/2019,KG,75,80,77.5
Potato Red,6/25/2019,KG,33,35,34
Onion Dry (Indian),6/25/2019,KG,35,38,36.5
Cabbage(Local),6/25/2019,KG,30,35,32.5
Garlic Dry Chinese,6/25/2019,KG,190,200,195
Tomato Big(Nepali),6/26/2019,KG,80,85,82.5
Tomato Big(Indian),6/26/2019,KG,80,85,82.5
Potato Red,6/26/2019,KG,30,33,31.5
Onion Dry (Indian),6/26/2019,KG,36,38,37
Cabbage(Local),6/26/2019,KG,30,35,32.5
Garlic Dry Chinese,6/26/2019,KG,190,200,195
Tomato Big(Nepali),6/27/2019,KG,65,70,67.5
Tomato Big(Indian),6/27/2019,KG,85,90,87.5
Potato Red,6/27/2019,KG,30,33,31.5
Onion Dry (Indian),6/27/2019,KG,33,38,35.5
Cabbage(Local),6/27/2019,KG,30,35,32.5
Garlic Dry Chinese,6/27/2019,KG,190,200,195
Tomato Big(Nepali),6/28/2019,KG,65,70,67.5
Tomato Big(Indian),6/28/2019,KG,85,90,87.5
Potato Red,6/28/2019,KG,30,33,31.5
Onion Dry (Indian),6/28/2019,KG,26,28,27
Cabbage(Local),6/28/2019,KG,30,35,32.5
Garlic Dry Chinese,6/28/2019,KG,190,200,195
Tomato Big(Nepali),6/29/2019,KG,65,70,67.5
Tomato Big(Indian),6/29/2019,KG,85,90,87.5
Potato Red,6/29/2019,KG,30,33,31.5
Onion Dry (Indian),6/29/2019,KG,33,38,35.5
Cabbage(Local),6/29/2019,KG,30,35,32.5
Garlic Dry Chinese,6/29/2019,KG,230,240,235
Tomato Big(Nepali),6/30/2019,KG,65,70,67.5
Tomato Big(Indian),6/30/2019,KG,75,80,77.5
Potato Red,6/30/2019,KG,30,33,31.5
Onion Dry (Indian),6/30/2019,KG,36,38,37
Cabbage(Local),6/30/2019,KG,30,35,32.5
Garlic Dry Chinese,6/30/2019,KG,230,240,235
Tomato Big(Nepali),7/1/2019,KG,65,70,67.5
Tomato Big(Indian),7/1/2019,KG,70,75,72.5
Potato Red,7/1/2019,KG,30,34,32
Onion Dry (Indian),7/1/2019,KG,36,38,37
Cabbage(Local),7/1/2019,KG,30,35,32.5
Garlic Dry Chinese,7/1/2019,KG,230,240,235
Tomato Big(Nepali),7/2/2019,KG,65,70,67.5
Tomato Big(Indian),7/2/2019,KG,70,75,72.5
Potato Red,7/2/2019,KG,30,34,32
Onion Dry (Indian),7/2/2019,KG,36,37,36.5
Cabbage(Local),7/2/2019,KG,30,35,32.5
Garlic Dry Chinese,7/2/2019,KG,230,240,235
Tomato Big(Nepali),7/3/2019,KG,65,70,67.5
Tomato Big(Indian),7/3/2019,KG,70,75,72.5
Potato Red,7/3/2019,KG,32,35,33.5
Onion Dry (Indian),7/3/2019,KG,35,38,36.5
Cabbage(Local),7/3/2019,KG,28,30,29
Garlic Dry Chinese,7/3/2019,KG,230,240,235
Tomato Big(Nepali),7/4/2019,KG,65,70,67.5
Tomato Big(Indian),7/4/2019,KG,65,70,67.5
Potato Red,7/4/2019,KG,30,35,32.5
Onion Dry (Indian),7/4/2019,KG,35,37,36
Cabbage(Local),7/4/2019,KG,30,35,32.5
Garlic Dry Chinese,7/4/2019,KG,230,240,235
Tomato Big(Nepali),7/5/2019,KG,65,70,67.5
Tomato Big(Indian),7/5/2019,KG,65,70,67.5
Potato Red,7/5/2019,KG,30,34,32
Onion Dry (Indian),7/5/2019,KG,35,37,36
Cabbage(Local),7/5/2019,KG,30,35,32.5
Garlic Dry Chinese,7/5/2019,KG,230,240,235
Tomato Big(Nepali),7/6/2019,KG,65,70,67.5
Tomato Big(Indian),7/6/2019,KG,75,80,77.5
Potato Red,7/6/2019,KG,30,35,32.5
Onion Dry (Indian),7/6/2019,KG,35,37,36
Cabbage(Local),7/6/2019,KG,30,35,32.5
Garlic Dry Chinese,7/6/2019,KG,230,240,235
Tomato Big(Nepali),7/7/2019,KG,75,80,77.5
Potato Red,7/7/2019,KG,35,38,36.5
Onion Dry (Indian),7/7/2019,KG,36,38,37
Cabbage(Local),7/7/2019,KG,15,20,17.5
Garlic Dry Chinese,7/7/2019,KG,230,240,235
Tomato Big(Nepali),7/8/2019,KG,75,80,77.5
Tomato Big(Indian),7/8/2019,KG,75,80,77.5
Potato Red,7/8/2019,KG,35,37,36
Onion Dry (Indian),7/8/2019,KG,25,27,26
Cabbage(Local),7/8/2019,KG,15,20,17.5
Garlic Dry Chinese,7/8/2019,KG,230,240,235
Tomato Big(Nepali),7/9/2019,KG,65,70,67.5
Tomato Big(Indian),7/9/2019,KG,70,75,72.5
Potato Red,7/9/2019,KG,35,37,36
Onion Dry (Indian),7/9/2019,KG,35,37,36
Cabbage(Local),7/9/2019,KG,20,25,22.5
Garlic Dry Chinese,7/9/2019,KG,230,240,235
Tomato Big(Nepali),7/10/2019,KG,65,70,67.5
Tomato Big(Indian),7/10/2019,KG,75,80,77.5
Potato Red,7/10/2019,KG,35,37,36
Onion Dry (Indian),7/10/2019,KG,35,37,36
Cabbage(Local),7/10/2019,KG,20,25,22.5
Garlic Dry Chinese,7/10/2019,KG,130,140,135
Tomato Big(Nepali),7/11/2019,KG,65,70,67.5
Tomato Big(Indian),7/11/2019,KG,95,100,97.5
Potato Red,7/11/2019,KG,35,37,36
Onion Dry (Indian),7/11/2019,KG,35,36,35.5
Cabbage(Local),7/11/2019,KG,25,30,27.5
Garlic Dry Chinese,7/11/2019,KG,230,240,235
Tomato Big(Nepali),7/12/2019,KG,65,70,67.5
Potato Red,7/12/2019,KG,35,37,36
Onion Dry (Indian),7/12/2019,KG,35,37,36
Cabbage(Local),7/12/2019,KG,25,30,27.5
Garlic Dry Chinese,7/12/2019,KG,230,240,235
Tomato Big(Indian),7/13/2019,KG,95,100,97.5
Onion Dry (Indian),7/13/2019,KG,35,37,36
Cabbage(Local),7/13/2019,KG,35,40,37.5
Garlic Dry Chinese,7/13/2019,KG,230,240,235
Tomato Big(Nepali),7/14/2019,KG,95,100,97.5
Tomato Big(Indian),7/14/2019,KG,95,100,97.5
Potato Red,7/14/2019,KG,33,38,35.5
Onion Dry (Indian),7/14/2019,KG,35,37,36
Cabbage(Local),7/14/2019,KG,35,40,37.5
Garlic Dry Chinese,7/14/2019,KG,230,240,235
Tomato Big(Nepali),7/15/2019,KG,95,100,97.5
Tomato Big(Indian),7/15/2019,KG,95,100,97.5
Potato Red,7/15/2019,KG,35,37,36
Onion Dry (Indian),7/15/2019,KG,35,37,36
Cabbage(Local),7/15/2019,KG,30,35,32.5
Garlic Dry Chinese,7/15/2019,KG,230,240,235
Tomato Big(Nepali),7/16/2019,KG,95,100,97.5
Tomato Big(Indian),7/16/2019,KG,95,100,97.5
Potato Red,7/16/2019,KG,36,38,37
Onion Dry (Indian),7/16/2019,KG,35,37,36
Cabbage(Local),7/16/2019,KG,40,45,42.5
Garlic Dry Chinese,7/16/2019,KG,230,240,235
Tomato Big(Nepali),7/17/2019,KG,95,100,97.5
Tomato Big(Indian),7/17/2019,KG,95,100,97.5
Potato Red,7/17/2019,KG,38,40,39
Onion Dry (Indian),7/17/2019,KG,38,40,39
Cabbage(Local),7/17/2019,KG,30,35,32.5
Garlic Dry Chinese,7/17/2019,KG,230,240,235
Tomato Big(Nepali),7/18/2019,KG,90,95,92.5
Tomato Big(Indian),7/18/2019,KG,90,95,92.5
Potato Red,7/18/2019,KG,35,40,37.5
Onion Dry (Indian),7/18/2019,KG,38,40,39
Cabbage(Local),7/18/2019,KG,30,35,32.5
Garlic Dry Chinese,7/18/2019,KG,230,240,235
Tomato Big(Nepali),7/19/2019,KG,90,95,92.5
Tomato Big(Indian),7/19/2019,KG,90,95,92.5
Potato Red,7/19/2019,KG,37,40,38.5
Onion Dry (Indian),7/19/2019,KG,38,40,39
Cabbage(Local),7/19/2019,KG,25,30,27.5
Garlic Dry Chinese,7/19/2019,KG,230,240,235
Tomato Big(Nepali),7/20/2019,KG,95,100,97.5
Tomato Big(Indian),7/20/2019,KG,95,100,97.5
Potato Red,7/20/2019,KG,38,40,39
Onion Dry (Indian),7/20/2019,KG,38,40,39
Cabbage(Local),7/20/2019,KG,25,30,27.5
Garlic Dry Chinese,7/20/2019,KG,230,240,235
Tomato Big(Nepali),7/21/2019,KG,90,95,92.5
Tomato Big(Indian),7/21/2019,KG,90,95,92.5
Potato Red,7/21/2019,KG,38,40,39
Onion Dry (Indian),7/21/2019,KG,38,40,39
Cabbage(Local),7/21/2019,KG,25,30,27.5
Garlic Dry Chinese,7/21/2019,KG,230,240,235
Tomato Big(Nepali),7/22/2019,KG,95,100,97.5
Tomato Big(Indian),7/22/2019,KG,95,100,97.5
Potato Red,7/22/2019,KG,38,40,39
Onion Dry (Indian),7/22/2019,KG,38,40,39
Cabbage(Local),7/22/2019,KG,20,25,22.5
Garlic Dry Chinese,7/22/2019,KG,230,240,235
Tomato Big(Nepali),7/23/2019,KG,75,80,77.5
Tomato Big(Indian),7/23/2019,KG,75,80,77.5
Potato Red,7/23/2019,KG,38,40,39
Onion Dry (Indian),7/23/2019,KG,46,48,47
Cabbage(Local),7/23/2019,KG,25,30,27.5
Garlic Dry Chinese,7/23/2019,KG,230,240,235
Tomato Big(Nepali),7/24/2019,KG,75,80,77.5
Tomato Big(Indian),7/24/2019,KG,75,80,77.5
Potato Red,7/24/2019,KG,45,47,46
Onion Dry (Indian),7/24/2019,KG,38,40,39
Cabbage(Local),7/24/2019,KG,25,30,27.5
Garlic Dry Chinese,7/24/2019,KG,230,240,235
Tomato Big(Nepali),7/25/2019,KG,70,75,72.5
Tomato Big(Indian),7/25/2019,KG,70,75,72.5
Potato Red,7/25/2019,KG,46,48,47
Onion Dry (Indian),7/25/2019,KG,38,40,39
Cabbage(Local),7/25/2019,KG,30,35,32.5
Garlic Dry Chinese,7/25/2019,KG,230,240,235
Tomato Big(Nepali),7/26/2019,KG,65,70,67.5
Tomato Big(Indian),7/26/2019,KG,65,70,67.5
Potato Red,7/26/2019,KG,46,48,47
Onion Dry (Indian),7/26/2019,KG,37,40,38.5
Cabbage(Local),7/26/2019,KG,25,30,27.5
Garlic Dry Chinese,7/26/2019,KG,230,240,235
Tomato Big(Nepali),7/27/2019,KG,65,70,67.5
Tomato Big(Indian),7/27/2019,KG,65,70,67.5
Potato Red,7/27/2019,KG,40,42,41
Onion Dry (Indian),7/27/2019,KG,35,38,36.5
Cabbage(Local),7/27/2019,KG,25,30,27.5
Garlic Dry Chinese,7/27/2019,KG,230,240,235
Tomato Big(Nepali),7/28/2019,KG,65,70,67.5
Tomato Big(Indian),7/28/2019,KG,65,70,67.5
Potato Red,7/28/2019,KG,40,45,42.5
Onion Dry (Indian),7/28/2019,KG,36,38,37
Cabbage(Local),7/28/2019,KG,25,30,27.5
Garlic Dry Chinese,7/28/2019,KG,230,240,235
Tomato Big(Nepali),7/29/2019,KG,75,80,77.5
Tomato Big(Indian),7/29/2019,KG,75,80,77.5
Potato Red,7/29/2019,KG,40,45,42.5
Onion Dry (Indian),7/29/2019,KG,35,38,36.5
Cabbage(Local),7/29/2019,KG,25,30,27.5
Garlic Dry Chinese,7/29/2019,KG,230,240,235
Tomato Big(Nepali),7/30/2019,KG,85,90,87.5
Tomato Big(Indian),7/30/2019,KG,85,90,87.5
Potato Red,7/30/2019,KG,43,45,44
Onion Dry (Indian),7/30/2019,KG,35,37,36
Cabbage(Local),7/30/2019,KG,25,30,27.5
Garlic Dry Chinese,7/30/2019,KG,230,240,235
Tomato Big(Nepali),7/31/2019,KG,90,95,92.5
Tomato Big(Indian),7/31/2019,KG,90,95,92.5
Potato Red,7/31/2019,KG,42,45,43.5
Onion Dry (Indian),7/31/2019,KG,36,38,37
Cabbage(Local),7/31/2019,KG,30,35,32.5
Garlic Dry Chinese,7/31/2019,KG,230,240,235
Tomato Big(Nepali),8/1/2019,KG,95,100,97.5
Tomato Big(Indian),8/1/2019,KG,95,100,97.5
Potato Red,8/1/2019,KG,41,43,42
Onion Dry (Indian),8/1/2019,KG,36,38,37
Cabbage(Local),8/1/2019,KG,35,40,37.5
Garlic Dry Chinese,8/1/2019,KG,230,240,235
Tomato Big(Nepali),8/2/2019,KG,85,90,87.5
Tomato Big(Indian),8/2/2019,KG,90,95,92.5
Potato Red,8/2/2019,KG,40,42,41
Onion Dry (Indian),8/2/2019,KG,35,37,36
Cabbage(Local),8/2/2019,KG,30,35,32.5
Garlic Dry Chinese,8/2/2019,KG,230,240,235
Tomato Big(Nepali),8/3/2019,KG,95,100,97.5
Tomato Big(Indian),8/3/2019,KG,100,110,105
Potato Red,8/3/2019,KG,40,42,41
Onion Dry (Indian),8/3/2019,KG,36,38,37
Cabbage(Local),8/3/2019,KG,40,45,42.5
Garlic Dry Chinese,8/3/2019,KG,230,240,235
Tomato Big(Nepali),8/4/2019,KG,90,95,92.5
Tomato Big(Indian),8/4/2019,KG,90,95,92.5
Potato Red,8/4/2019,KG,40,42,41
Onion Dry (Indian),8/4/2019,KG,36,37,36.5
Cabbage(Local),8/4/2019,KG,40,45,42.5
Garlic Dry Chinese,8/4/2019,KG,230,240,235
Tomato Big(Nepali),8/5/2019,KG,90,95,92.5
Tomato Big(Indian),8/5/2019,KG,90,95,92.5
Potato Red,8/5/2019,KG,40,42,41
Onion Dry (Indian),8/5/2019,KG,35,37,36
Cabbage(Local),8/5/2019,KG,35,40,37.5
Garlic Dry Chinese,8/5/2019,KG,230,240,235
Tomato Big(Nepali),8/6/2019,KG,85,90,87.5
Tomato Big(Indian),8/6/2019,KG,85,90,87.5
Potato Red,8/6/2019,KG,40,42,41
Onion Dry (Indian),8/6/2019,KG,35,37,36
Cabbage(Local),8/6/2019,KG,35,40,37.5
Garlic Dry Chinese,8/6/2019,KG,230,240,235
Tomato Big(Nepali),8/7/2019,KG,75,80,77.5
Tomato Big(Indian),8/7/2019,KG,75,80,77.5
Potato Red,8/7/2019,KG,40,42,41
Onion Dry (Indian),8/7/2019,KG,35,37,36
Cabbage(Local),8/7/2019,KG,30,35,32.5
Garlic Dry Chinese,8/7/2019,KG,230,240,235
Tomato Big(Nepali),8/8/2019,KG,80,85,82.5
Tomato Big(Indian),8/8/2019,KG,80,85,82.5
Potato Red,8/8/2019,KG,40,42,41
Onion Dry (Indian),8/8/2019,KG,35,37,36
Cabbage(Local),8/8/2019,KG,35,40,37.5
Garlic Dry Chinese,8/8/2019,KG,230,240,235
Tomato Big(Nepali),8/9/2019,KG,75,80,77.5
Tomato Big(Indian),8/9/2019,KG,75,80,77.5
Potato Red,8/9/2019,KG,38,40,39
Onion Dry (Indian),8/9/2019,KG,35,37,36
Cabbage(Local),8/9/2019,KG,30,35,32.5
Garlic Dry Chinese,8/9/2019,KG,230,240,235
Tomato Big(Nepali),8/10/2019,KG,70,75,72.5
Tomato Big(Indian),8/10/2019,KG,70,75,72.5
Potato Red,8/10/2019,KG,39,41,40
Onion Dry (Indian),8/10/2019,KG,35,37,36
Cabbage(Local),8/10/2019,KG,30,35,32.5
Garlic Dry Chinese,8/10/2019,KG,230,240,235
Tomato Big(Nepali),8/11/2019,KG,65,70,67.5
Tomato Big(Indian),8/11/2019,KG,65,70,67.5
Potato Red,8/11/2019,KG,39,41,40
Onion Dry (Indian),8/11/2019,KG,35,37,36
Cabbage(Local),8/11/2019,KG,25,30,27.5
Garlic Dry Chinese,8/11/2019,KG,230,240,235
Tomato Big(Nepali),8/12/2019,KG,70,75,72.5
Tomato Big(Indian),8/12/2019,KG,70,75,72.5
Potato Red,8/12/2019,KG,39,41,40
Onion Dry (Indian),8/12/2019,KG,35,38,36.5
Cabbage(Local),8/12/2019,KG,30,35,32.5
Garlic Dry Chinese,8/12/2019,KG,230,240,235
Tomato Big(Nepali),8/13/2019,KG,75,80,77.5
Tomato Big(Indian),8/13/2019,KG,75,80,77.5
Potato Red,8/13/2019,KG,40,42,41
Onion Dry (Indian),8/13/2019,KG,35,37,36
Cabbage(Local),8/13/2019,KG,30,35,32.5
Garlic Dry Chinese,8/13/2019,KG,230,240,235
Tomato Big(Nepali),8/14/2019,KG,75,80,77.5
Tomato Big(Indian),8/14/2019,KG,75,80,77.5
Potato Red,8/14/2019,KG,40,43,41.5
Onion Dry (Indian),8/14/2019,KG,37,39,38
Cabbage(Local),8/14/2019,KG,30,35,32.5
Garlic Dry Chinese,8/14/2019,KG,230,240,235
Tomato Big(Nepali),8/15/2019,KG,75,80,77.5
Tomato Big(Indian),8/15/2019,KG,75,80,77.5
Potato Red,8/15/2019,KG,40,42,41
Onion Dry (Indian),8/15/2019,KG,40,42,41
Cabbage(Local),8/15/2019,KG,35,40,37.5
Garlic Dry Chinese,8/15/2019,KG,230,240,235
Tomato Big(Nepali),8/16/2019,KG,70,75,72.5
Tomato Big(Indian),8/16/2019,KG,70,75,72.5
Potato Red,8/16/2019,KG,40,42,41
Onion Dry (Indian),8/16/2019,KG,38,40,39
Cabbage(Local),8/16/2019,KG,35,40,37.5
Garlic Dry Chinese,8/16/2019,KG,230,240,235
Tomato Big(Nepali),8/17/2019,KG,75,80,77.5
Tomato Big(Indian),8/17/2019,KG,75,80,77.5
Potato Red,8/17/2019,KG,40,42,41
Onion Dry (Indian),8/17/2019,KG,45,47,46
Cabbage(Local),8/17/2019,KG,30,35,32.5
Garlic Dry Chinese,8/17/2019,KG,230,240,235
Tomato Big(Nepali),8/18/2019,KG,80,90,85
Tomato Big(Indian),8/18/2019,KG,80,90,85
Potato Red,8/18/2019,KG,40,42,41
Onion Dry (Indian),8/18/2019,KG,45,47,46
Cabbage(Local),8/18/2019,KG,30,35,32.5
Garlic Dry Chinese,8/18/2019,KG,230,240,235
Tomato Big(Nepali),8/19/2019,KG,90,100,95
Tomato Big(Indian),8/19/2019,KG,90,95,92.5
Potato Red,8/19/2019,KG,40,42,41
Onion Dry (Indian),8/19/2019,KG,45,47,46
Cabbage(Local),8/19/2019,KG,35,40,37.5
Garlic Dry Chinese,8/19/2019,KG,230,240,235
Tomato Big(Nepali),8/20/2019,KG,95,100,97.5
Tomato Big(Indian),8/20/2019,KG,95,100,97.5
Potato Red,8/20/2019,KG,40,42,41
Onion Dry (Indian),8/20/2019,KG,48,50,49
Cabbage(Local),8/20/2019,KG,30,35,32.5
Garlic Dry Chinese,8/20/2019,KG,230,240,235
Tomato Big(Nepali),8/21/2019,KG,90,100,95
Tomato Big(Indian),8/21/2019,KG,80,90,85
Potato Red,8/21/2019,KG,40,42,41
Onion Dry (Indian),8/21/2019,KG,53,55,54
Cabbage(Local),8/21/2019,KG,30,35,32.5
Garlic Dry Chinese,8/21/2019,KG,230,240,235
Tomato Big(Nepali),8/22/2019,KG,85,95,90
Tomato Big(Indian),8/22/2019,KG,90,95,92.5
Potato Red,8/22/2019,KG,40,42,41
Onion Dry (Indian),8/22/2019,KG,55,57,56
Cabbage(Local),8/22/2019,KG,30,35,32.5
Garlic Dry Chinese,8/22/2019,KG,230,240,235
Tomato Big(Nepali),8/23/2019,KG,75,85,80
Tomato Big(Indian),8/23/2019,KG,85,90,87.5
Potato Red,8/23/2019,KG,40,42,41
Onion Dry (Indian),8/23/2019,KG,55,57,56
Cabbage(Local),8/23/2019,KG,30,35,32.5
Garlic Dry Chinese,8/23/2019,KG,230,240,235
Tomato Big(Nepali),8/24/2019,KG,65,70,67.5
Tomato Big(Indian),8/24/2019,KG,65,70,67.5
Potato Red,8/24/2019,KG,40,42,41
Onion Dry (Indian),8/24/2019,KG,54,56,55
Cabbage(Local),8/24/2019,KG,30,35,32.5
Garlic Dry Chinese,8/24/2019,KG,230,240,235
Tomato Big(Nepali),8/25/2019,KG,70,75,72.5
Tomato Big(Indian),8/25/2019,KG,70,75,72.5
Potato Red,8/25/2019,KG,40,42,41
Onion Dry (Indian),8/25/2019,KG,54,56,55
Cabbage(Local),8/25/2019,KG,30,35,32.5
Garlic Dry Chinese,8/25/2019,KG,230,240,235
Tomato Big(Nepali),8/26/2019,KG,70,80,75
Tomato Big(Indian),8/26/2019,KG,70,80,75
Potato Red,8/26/2019,KG,40,42,41
Onion Dry (Indian),8/26/2019,KG,53,55,54
Cabbage(Local),8/26/2019,KG,30,35,32.5
Garlic Dry Chinese,8/26/2019,KG,230,240,235
Tomato Big(Nepali),8/27/2019,KG,70,75,72.5
Tomato Big(Indian),8/27/2019,KG,70,75,72.5
Potato Red,8/27/2019,KG,40,42,41
Onion Dry (Indian),8/27/2019,KG,53,55,54
Cabbage(Local),8/27/2019,KG,30,35,32.5
Garlic Dry Chinese,8/27/2019,KG,230,240,235
Tomato Big(Nepali),8/28/2019,KG,70,75,72.5
Tomato Big(Indian),8/28/2019,KG,70,75,72.5
Potato Red,8/28/2019,KG,40,42,41
Onion Dry (Indian),8/28/2019,KG,57,60,58.5
Cabbage(Local),8/28/2019,KG,30,35,32.5
Garlic Dry Chinese,8/28/2019,KG,230,240,235
Tomato Big(Nepali),8/29/2019,KG,55,60,57.5
Tomato Big(Indian),8/29/2019,KG,55,60,57.5
Potato Red,8/29/2019,KG,40,42,41
Onion Dry (Indian),8/29/2019,KG,58,60,59
Cabbage(Local),8/29/2019,KG,30,35,32.5
Garlic Dry Chinese,8/29/2019,KG,230,240,235
Tomato Big(Nepali),8/30/2019,KG,55,65,60
Tomato Big(Indian),8/30/2019,KG,55,65,60
Potato Red,8/30/2019,KG,40,42,41
Onion Dry (Indian),8/30/2019,KG,58,60,59
Cabbage(Local),8/30/2019,KG,40,45,42.5
Garlic Dry Chinese,8/30/2019,KG,230,240,235
Tomato Big(Nepali),8/31/2019,KG,50,55,52.5
Tomato Big(Indian),8/31/2019,KG,50,55,52.5
Potato Red,8/31/2019,KG,41,46,43.5
Onion Dry (Indian),8/31/2019,KG,58,60,59
Cabbage(Local),8/31/2019,KG,45,50,47.5
Garlic Dry Chinese,8/31/2019,KG,190,200,195
Tomato Big(Nepali),9/1/2019,KG,45,55,50
Tomato Big(Indian),9/1/2019,KG,45,55,50
Potato Red,9/1/2019,KG,41,43,42
Onion Dry (Indian),9/1/2019,KG,58,60,59
Cabbage(Local),9/1/2019,KG,45,50,47.5
Garlic Dry Chinese,9/1/2019,KG,190,200,195
Tomato Big(Nepali),9/2/2019,KG,50,60,55
Tomato Big(Indian),9/2/2019,KG,50,60,55
Potato Red,9/2/2019,KG,41,43,42
Onion Dry (Indian),9/2/2019,KG,58,60,59
Cabbage(Local),9/2/2019,KG,40,45,42.5
Garlic Dry Chinese,9/2/2019,KG,190,200,195
Tomato Big(Nepali),9/3/2019,KG,45,55,50
Tomato Big(Indian),9/3/2019,KG,45,55,50
Potato Red,9/3/2019,KG,40,42,41
Onion Dry (Indian),9/3/2019,KG,58,60,59
Cabbage(Local),9/3/2019,KG,45,50,47.5
Garlic Dry Chinese,9/3/2019,KG,190,200,195
Tomato Big(Nepali),9/4/2019,KG,40,50,45
Tomato Big(Indian),9/4/2019,KG,40,50,45
Potato Red,9/4/2019,KG,40,42,41
Onion Dry (Indian),9/4/2019,KG,57,59,58
Cabbage(Local),9/4/2019,KG,35,40,37.5
Garlic Dry Chinese,9/4/2019,KG,190,200,195
Tomato Big(Nepali),9/5/2019,KG,40,50,45
Tomato Big(Indian),9/5/2019,KG,40,50,45
Potato Red,9/5/2019,KG,40,42,41
Onion Dry (Indian),9/5/2019,KG,56,58,57
Cabbage(Local),9/5/2019,KG,40,45,42.5
Garlic Dry Chinese,9/5/2019,KG,220,230,225
Tomato Big(Nepali),9/6/2019,KG,40,50,45
Tomato Big(Indian),9/6/2019,KG,50,55,52.5
Potato Red,9/6/2019,KG,40,42,41
Onion Dry (Indian),9/6/2019,KG,58,60,59
Cabbage(Local),9/6/2019,KG,35,40,37.5
Garlic Dry Chinese,9/6/2019,KG,190,200,195
Tomato Big(Nepali),9/7/2019,KG,50,55,52.5
Tomato Big(Indian),9/7/2019,KG,50,55,52.5
Potato Red,9/7/2019,KG,40,42,41
Onion Dry (Indian),9/7/2019,KG,56,58,57
Cabbage(Local),9/7/2019,KG,45,50,47.5
Garlic Dry Chinese,9/7/2019,KG,190,200,195
Tomato Big(Nepali),9/8/2019,KG,50,55,52.5
Tomato Big(Indian),9/8/2019,KG,50,55,52.5
Potato Red,9/8/2019,KG,40,42,41
Onion Dry (Indian),9/8/2019,KG,55,57,56
Cabbage(Local),9/8/2019,KG,40,45,42.5
Garlic Dry Chinese,9/8/2019,KG,190,200,195
Tomato Big(Nepali),9/9/2019,KG,45,50,47.5
Tomato Big(Indian),9/9/2019,KG,45,50,47.5
Potato Red,9/9/2019,KG,40,42,41
Onion Dry (Indian),9/9/2019,KG,55,57,56
Cabbage(Local),9/9/2019,KG,45,50,47.5
Garlic Dry Chinese,9/9/2019,KG,190,200,195
Tomato Big(Nepali),9/10/2019,KG,45,50,47.5
Tomato Big(Indian),9/10/2019,KG,45,50,47.5
Potato Red,9/10/2019,KG,41,43,42
Onion Dry (Indian),9/10/2019,KG,56,58,57
Cabbage(Local),9/10/2019,KG,40,45,42.5
Garlic Dry Chinese,9/10/2019,KG,190,200,195
Tomato Big(Nepali),9/11/2019,KG,50,60,55
Tomato Big(Indian),9/11/2019,KG,50,60,55
Potato Red,9/11/2019,KG,42,44,43
Onion Dry (Indian),9/11/2019,KG,58,60,59
Cabbage(Local),9/11/2019,KG,40,45,42.5
Garlic Dry Chinese,9/11/2019,KG,190,200,195
Tomato Big(Nepali),9/12/2019,KG,45,50,47.5
Tomato Big(Indian),9/12/2019,KG,45,50,47.5
Potato Red,9/12/2019,KG,42,45,43.5
Onion Dry (Indian),9/12/2019,KG,60,62,61
Cabbage(Local),9/12/2019,KG,40,45,42.5
Garlic Dry Chinese,9/12/2019,KG,190,200,195
Tomato Big(Nepali),9/13/2019,KG,45,50,47.5
Tomato Big(Indian),9/13/2019,KG,50,55,52.5
Potato Red,9/13/2019,KG,43,45,44
Onion Dry (Indian),9/13/2019,KG,62,65,63.5
Cabbage(Local),9/13/2019,KG,40,45,42.5
Garlic Dry Chinese,9/13/2019,KG,190,200,195
Tomato Big(Nepali),9/14/2019,KG,40,50,45
Tomato Big(Indian),9/14/2019,KG,40,50,45
Potato Red,9/14/2019,KG,45,50,47.5
Onion Dry (Indian),9/14/2019,KG,68,70,69
Cabbage(Local),9/14/2019,KG,45,50,47.5
Garlic Dry Chinese,9/14/2019,KG,190,200,195
Tomato Big(Nepali),9/15/2019,KG,50,55,52.5
Tomato Big(Indian),9/15/2019,KG,55,60,57.5
Potato Red,9/15/2019,KG,50,52,51
Onion Dry (Indian),9/15/2019,KG,75,80,77.5
Cabbage(Local),9/15/2019,KG,40,45,42.5
Garlic Dry Chinese,9/15/2019,KG,190,200,195
Tomato Big(Nepali),9/16/2019,KG,50,55,52.5
Tomato Big(Indian),9/16/2019,KG,50,55,52.5
Potato Red,9/16/2019,KG,52,55,53.5
Onion Dry (Indian),9/16/2019,KG,83,85,84
Cabbage(Local),9/16/2019,KG,35,40,37.5
Garlic Dry Chinese,9/16/2019,KG,190,200,195
Tomato Big(Nepali),9/17/2019,KG,45,50,47.5
Tomato Big(Indian),9/17/2019,KG,50,60,55
Potato Red,9/17/2019,KG,55,60,57.5
Onion Dry (Indian),9/17/2019,KG,85,88,86.5
Cabbage(Local),9/17/2019,KG,35,40,37.5
Garlic Dry Chinese,9/17/2019,KG,190,200,195
Tomato Big(Nepali),9/18/2019,KG,45,50,47.5
Tomato Big(Indian),9/18/2019,KG,50,60,55
Potato Red,9/18/2019,KG,58,60,59
Onion Dry (Indian),9/18/2019,KG,88,90,89
Cabbage(Local),9/18/2019,KG,45,50,47.5
Garlic Dry Chinese,9/18/2019,KG,190,200,195
Tomato Big(Nepali),9/19/2019,KG,45,50,47.5
Tomato Big(Indian),9/19/2019,KG,45,50,47.5
Potato Red,9/19/2019,KG,58,60,59
Onion Dry (Indian),9/19/2019,KG,88,90,89
Cabbage(Local),9/19/2019,KG,40,45,42.5
Garlic Dry Chinese,9/19/2019,KG,190,200,195
Tomato Big(Nepali),9/20/2019,KG,45,55,50
Tomato Big(Indian),9/20/2019,KG,50,60,55
Potato Red,9/20/2019,KG,58,60,59
Onion Dry (Indian),9/20/2019,KG,100,105,102.5
Cabbage(Local),9/20/2019,KG,45,50,47.5
Garlic Dry Chinese,9/20/2019,KG,190,200,195
Tomato Big(Nepali),9/21/2019,KG,50,60,55
Tomato Big(Indian),9/21/2019,KG,50,60,55
Potato Red,9/21/2019,KG,60,62,61
Onion Dry (Indian),9/21/2019,KG,100,105,102.5
Cabbage(Local),9/21/2019,KG,40,45,42.5
Garlic Dry Chinese,9/21/2019,KG,190,200,195
Tomato Big(Nepali),9/22/2019,KG,55,60,57.5
Tomato Big(Indian),9/22/2019,KG,55,60,57.5
Potato Red,9/22/2019,KG,60,62,61
Onion Dry (Indian),9/22/2019,KG,95,100,97.5
Cabbage(Local),9/22/2019,KG,45,50,47.5
Garlic Dry Chinese,9/22/2019,KG,190,200,195
Tomato Big(Nepali),9/23/2019,KG,55,60,57.5
Tomato Big(Indian),9/23/2019,KG,55,65,60
Potato Red,9/23/2019,KG,60,62,61
Onion Dry (Indian),9/23/2019,KG,98,100,99
Cabbage(Local),9/23/2019,KG,45,50,47.5
Garlic Dry Chinese,9/23/2019,KG,190,200,195
Tomato Big(Nepali),9/24/2019,KG,55,65,60
Tomato Big(Indian),9/24/2019,KG,55,65,60
Potato Red,9/24/2019,KG,60,62,61
Onion Dry (Indian),9/24/2019,KG,98,100,99
Cabbage(Local),9/24/2019,KG,45,50,47.5
Garlic Dry Chinese,9/24/2019,KG,190,200,195
Tomato Big(Nepali),9/25/2019,KG,60,70,65
Tomato Big(Indian),9/25/2019,KG,60,70,65
Potato Red,9/25/2019,KG,60,62,61
Onion Dry (Indian),9/25/2019,KG,98,100,99
Cabbage(Local),9/25/2019,KG,45,50,47.5
Garlic Dry Chinese,9/25/2019,KG,190,200,195
Tomato Big(Nepali),9/26/2019,KG,55,65,60
Tomato Big(Indian),9/26/2019,KG,55,65,60
Potato Red,9/26/2019,KG,60,62,61
Onion Dry (Indian),9/26/2019,KG,95,100,97.5
Cabbage(Local),9/26/2019,KG,45,50,47.5
Garlic Dry Chinese,9/26/2019,KG,190,200,195
Tomato Big(Nepali),9/27/2019,KG,55,60,57.5
Tomato Big(Indian),9/27/2019,KG,55,60,57.5
Potato Red,9/27/2019,KG,60,65,62.5
Onion Dry (Indian),9/27/2019,KG,93,95,94
Cabbage(Local),9/27/2019,KG,45,50,47.5
Garlic Dry Chinese,9/27/2019,KG,190,200,195
Tomato Big(Nepali),9/28/2019,KG,50,55,52.5
Tomato Big(Indian),9/28/2019,KG,50,55,52.5
Potato Red,9/28/2019,KG,61,63,62
Onion Dry (Indian),9/28/2019,KG,93,95,94
Cabbage(Local),9/28/2019,KG,45,50,47.5
Garlic Dry Chinese,9/28/2019,KG,190,200,195
Tomato Big(Nepali),9/29/2019,KG,55,60,57.5
Tomato Big(Indian),9/29/2019,KG,55,60,57.5
Potato Red,9/29/2019,KG,60,62,61
Onion Dry (Indian),9/29/2019,KG,88,90,89
Cabbage(Local),9/29/2019,KG,45,50,47.5
Garlic Dry Chinese,9/29/2019,KG,190,200,195
Tomato Big(Nepali),9/30/2019,KG,55,60,57.5
Tomato Big(Indian),9/30/2019,KG,55,60,57.5
Potato Red,9/30/2019,KG,60,62,61
Onion Dry (Indian),9/30/2019,KG,110,120,115
Cabbage(Local),9/30/2019,KG,45,50,47.5
Garlic Dry Chinese,9/30/2019,KG,190,200,195
Tomato Big(Nepali),10/1/2019,KG,55,60,57.5
Tomato Big(Indian),10/1/2019,KG,55,60,57.5
Potato Red,10/1/2019,KG,60,62,61
Onion Dry (Indian),10/1/2019,KG,110,115,112.5
Cabbage(Local),10/1/2019,KG,45,50,47.5
Garlic Dry Chinese,10/1/2019,KG,190,200,195
Tomato Big(Nepali),10/2/2019,KG,65,70,67.5
Tomato Big(Indian),10/2/2019,KG,65,70,67.5
Potato Red,10/2/2019,KG,60,62,61
Onion Dry (Indian),10/2/2019,KG,115,120,117.5
Cabbage(Local),10/2/2019,KG,45,50,47.5
Garlic Dry Chinese,10/2/2019,KG,190,200,195
Tomato Big(Nepali),10/3/2019,KG,70,75,72.5
Tomato Big(Indian),10/3/2019,KG,70,75,72.5
Potato Red,10/3/2019,KG,60,62,61
Onion Dry (Indian),10/3/2019,KG,110,115,112.5
Cabbage(Local),10/3/2019,KG,45,50,47.5
Garlic Dry Chinese,10/3/2019,KG,190,200,195
Tomato Big(Nepali),10/4/2019,KG,60,65,62.5
Tomato Big(Indian),10/4/2019,KG,60,65,62.5
Potato Red,10/4/2019,KG,60,62,61
Onion Dry (Indian),10/4/2019,KG,110,115,112.5
Cabbage(Local),10/4/2019,KG,45,50,47.5
Garlic Dry Chinese,10/4/2019,KG,190,200,195
Tomato Big(Nepali),10/5/2019,KG,75,80,77.5
Tomato Big(Indian),10/5/2019,KG,75,80,77.5
Potato Red,10/5/2019,KG,60,62,61
Onion Dry (Indian),10/5/2019,KG,110,115,112.5
Cabbage(Local),10/5/2019,KG,45,50,47.5
Garlic Dry Chinese,10/5/2019,KG,190,200,195
Tomato Big(Nepali),10/6/2019,KG,65,70,67.5
Tomato Big(Indian),10/6/2019,KG,65,70,67.5
Potato Red,10/6/2019,KG,60,62,61
Onion Dry (Indian),10/6/2019,KG,100,105,102.5
Cabbage(Local),10/6/2019,KG,50,55,52.5
Garlic Dry Chinese,10/6/2019,KG,190,200,195
Tomato Big(Nepali),10/7/2019,KG,65,70,67.5
Tomato Big(Indian),10/7/2019,KG,65,70,67.5
Potato Red,10/7/2019,KG,60,62,61
Onion Dry (Indian),10/7/2019,KG,100,105,102.5
Cabbage(Local),10/7/2019,KG,50,55,52.5
Garlic Dry Chinese,10/7/2019,KG,190,200,195
Tomato Big(Nepali),10/8/2019,KG,70,75,72.5
Tomato Big(Indian),10/8/2019,KG,70,75,72.5
Potato Red,10/8/2019,KG,60,62,61
Onion Dry (Indian),10/8/2019,KG,100,105,102.5
Cabbage(Local),10/8/2019,KG,50,55,52.5
Garlic Dry Chinese,10/8/2019,KG,190,200,195
Tomato Big(Nepali),10/9/2019,KG,70,75,72.5
Tomato Big(Indian),10/9/2019,KG,70,75,72.5
Potato Red,10/9/2019,KG,60,62,61
Onion Dry (Indian),10/9/2019,KG,100,105,102.5
Cabbage(Local),10/9/2019,KG,45,50,47.5
Garlic Dry Chinese,10/9/2019,KG,190,200,195
Tomato Big(Nepali),10/10/2019,KG,85,90,87.5
Tomato Big(Indian),10/10/2019,KG,85,90,87.5
Potato Red,10/10/2019,KG,60,62,61
Onion Dry (Indian),10/10/2019,KG,100,105,102.5
Cabbage(Local),10/10/2019,KG,55,60,57.5
Garlic Dry Chinese,10/10/2019,KG,190,200,195
Tomato Big(Nepali),10/11/2019,KG,75,80,77.5
Tomato Big(Indian),10/11/2019,KG,75,80,77.5
Potato Red,10/11/2019,KG,60,62,61
Onion Dry (Indian),10/11/2019,KG,100,105,102.5
Cabbage(Local),10/11/2019,KG,55,60,57.5
Garlic Dry Chinese,10/11/2019,KG,190,200,195
Tomato Big(Nepali),10/12/2019,KG,90,95,92.5
Tomato Big(Indian),10/12/2019,KG,90,95,92.5
Potato Red,10/12/2019,KG,60,62,61
Onion Dry (Indian),10/12/2019,KG,100,105,102.5
Cabbage(Local),10/12/2019,KG,45,50,47.5
Garlic Dry Chinese,10/12/2019,KG,190,200,195
Tomato Big(Nepali),10/13/2019,KG,85,90,87.5
Tomato Big(Indian),10/13/2019,KG,85,90,87.5
Potato Red,10/13/2019,KG,60,62,61
Onion Dry (Indian),10/13/2019,KG,100,105,102.5
Cabbage(Local),10/13/2019,KG,45,50,47.5
Garlic Dry Chinese,10/13/2019,KG,190,200,195
Tomato Big(Nepali),10/14/2019,KG,85,90,87.5
Tomato Big(Indian),10/14/2019,KG,85,90,87.5
Potato Red,10/14/2019,KG,68,70,69
Onion Dry (Indian),10/14/2019,KG,100,105,102.5
Cabbage(Local),10/14/2019,KG,45,50,47.5
Garlic Dry Chinese,10/14/2019,KG,190,200,195
Tomato Big(Nepali),10/15/2019,KG,85,90,87.5
Tomato Big(Indian),10/15/2019,KG,85,90,87.5
Potato Red,10/15/2019,KG,68,70,69
Onion Dry (Indian),10/15/2019,KG,98,100,99
Cabbage(Local),10/15/2019,KG,45,50,47.5
Garlic Dry Chinese,10/15/2019,KG,190,200,195
Tomato Big(Nepali),10/16/2019,KG,75,80,77.5
Tomato Big(Indian),10/16/2019,KG,75,80,77.5
Potato Red,10/16/2019,KG,70,72,71
Onion Dry (Indian),10/16/2019,KG,98,100,99
Cabbage(Local),10/16/2019,KG,45,50,47.5
Garlic Dry Chinese,10/16/2019,KG,190,200,195
Tomato Big(Nepali),10/17/2019,KG,75,80,77.5
Tomato Big(Indian),10/17/2019,KG,75,80,77.5
Potato Red,10/17/2019,KG,70,72,71
Onion Dry (Indian),10/17/2019,KG,98,100,99
Cabbage(Local),10/17/2019,KG,45,50,47.5
Garlic Dry Chinese,10/17/2019,KG,190,200,195
Tomato Big(Nepali),10/18/2019,KG,75,80,77.5
Tomato Big(Indian),10/18/2019,KG,75,80,77.5
Potato Red,10/18/2019,KG,65,70,67.5
Onion Dry (Indian),10/18/2019,KG,98,100,99
Cabbage(Local),10/18/2019,KG,45,50,47.5
Garlic Dry Chinese,10/18/2019,KG,190,200,195
Tomato Big(Nepali),10/19/2019,KG,70,80,75
Tomato Big(Indian),10/19/2019,KG,70,80,75
Potato Red,10/19/2019,KG,65,68,66.5
Onion Dry (Indian),10/19/2019,KG,90,95,92.5
Cabbage(Local),10/19/2019,KG,45,50,47.5
Garlic Dry Chinese,10/19/2019,KG,190,200,195
Tomato Big(Nepali),10/20/2019,KG,75,80,77.5
Tomato Big(Indian),10/20/2019,KG,75,80,77.5
Potato Red,10/20/2019,KG,63,65,64
Onion Dry (Indian),10/20/2019,KG,83,85,84
Cabbage(Local),10/20/2019,KG,45,50,47.5
Garlic Dry Chinese,10/20/2019,KG,190,200,195
Tomato Big(Nepali),10/21/2019,KG,75,80,77.5
Tomato Big(Indian),10/21/2019,KG,75,80,77.5
Potato Red,10/21/2019,KG,58,60,59
Onion Dry (Indian),10/21/2019,KG,78,80,79
Cabbage(Local),10/21/2019,KG,45,50,47.5
Garlic Dry Chinese,10/21/2019,KG,190,200,195
Tomato Big(Nepali),10/22/2019,KG,75,80,77.5
Tomato Big(Indian),10/22/2019,KG,75,80,77.5
Potato Red,10/22/2019,KG,61,63,62
Onion Dry (Indian),10/22/2019,KG,81,83,82
Cabbage(Local),10/22/2019,KG,45,50,47.5
Garlic Dry Chinese,10/22/2019,KG,190,200,195
Tomato Big(Nepali),10/23/2019,KG,75,80,77.5
Tomato Big(Indian),10/23/2019,KG,75,80,77.5
Potato Red,10/23/2019,KG,58,60,59
Onion Dry (Indian),10/23/2019,KG,80,85,82.5
Cabbage(Local),10/23/2019,KG,40,45,42.5
Garlic Dry Chinese,10/23/2019,KG,190,200,195
Tomato Big(Nepali),10/24/2019,KG,75,80,77.5
Tomato Big(Indian),10/24/2019,KG,75,80,77.5
Potato Red,10/24/2019,KG,60,62,61
Onion Dry (Indian),10/24/2019,KG,82,85,83.5
Cabbage(Local),10/24/2019,KG,45,50,47.5
Garlic Dry Chinese,10/24/2019,KG,190,200,195
Tomato Big(Nepali),10/25/2019,KG,75,80,77.5
Tomato Big(Indian),10/25/2019,KG,75,80,77.5
Potato Red,10/25/2019,KG,70,72,71
Onion Dry (Indian),10/25/2019,KG,82,85,83.5
Cabbage(Local),10/25/2019,KG,45,50,47.5
Garlic Dry Chinese,10/25/2019,KG,190,200,195
Tomato Big(Nepali),10/26/2019,KG,75,80,77.5
Tomato Big(Indian),10/26/2019,KG,75,80,77.5
Potato Red,10/26/2019,KG,61,63,62
Onion Dry (Indian),10/26/2019,KG,83,85,84
Cabbage(Local),10/26/2019,KG,50,55,52.5
Garlic Dry Chinese,10/26/2019,KG,190,200,195
Tomato Big(Nepali),10/27/2019,KG,95,100,97.5
Tomato Big(Indian),10/27/2019,KG,95,100,97.5
Potato Red,10/27/2019,KG,62,65,63.5
Onion Dry (Indian),10/27/2019,KG,82,85,83.5
Cabbage(Local),10/27/2019,KG,45,50,47.5
Garlic Dry Chinese,10/27/2019,KG,190,200,195
Tomato Big(Nepali),10/28/2019,KG,85,90,87.5
Tomato Big(Indian),10/28/2019,KG,85,90,87.5
Potato Red,10/28/2019,KG,61,63,62
Onion Dry (Indian),10/28/2019,KG,83,85,84
Cabbage(Local),10/28/2019,KG,45,50,47.5
Garlic Dry Chinese,10/28/2019,KG,190,200,195
Tomato Big(Nepali),10/29/2019,KG,90,100,95
Tomato Big(Indian),10/29/2019,KG,90,100,95
Potato Red,10/29/2019,KG,62,64,63
Onion Dry (Indian),10/29/2019,KG,83,85,84
Cabbage(Local),10/29/2019,KG,45,50,47.5
Garlic Dry Chinese,10/29/2019,KG,190,200,195
Potato Red,10/30/2019,KG,63,65,64
Onion Dry (Indian),10/30/2019,KG,83,85,84
Cabbage(Local),10/30/2019,KG,45,50,47.5
Garlic Dry Chinese,10/30/2019,KG,190,200,195
Tomato Big(Nepali),10/31/2019,KG,130,140,135
Tomato Big(Indian),10/31/2019,KG,130,140,135
Potato Red,10/31/2019,KG,64,66,65
Onion Dry (Indian),10/31/2019,KG,83,85,84
Cabbage(Local),10/31/2019,KG,45,50,47.5
Garlic Dry Chinese,10/31/2019,KG,190,200,195
Tomato Big(Nepali),11/1/2019,KG,150,160,155
Tomato Big(Indian),11/1/2019,KG,150,160,155
Potato Red,11/1/2019,KG,62,65,63.5
Onion Dry (Indian),11/1/2019,KG,90,95,92.5
Cabbage(Local),11/1/2019,KG,45,50,47.5
Garlic Dry Chinese,11/1/2019,KG,190,200,195
Tomato Big(Nepali),11/2/2019,KG,95,100,97.5
Tomato Big(Indian),11/2/2019,KG,95,100,97.5
Potato Red,11/2/2019,KG,62,65,63.5
Onion Dry (Indian),11/2/2019,KG,93,95,94
Cabbage(Local),11/2/2019,KG,45,50,47.5
Garlic Dry Chinese,11/2/2019,KG,190,200,195
Tomato Big(Nepali),11/3/2019,KG,95,100,97.5
Tomato Big(Indian),11/3/2019,KG,95,100,97.5
Potato Red,11/3/2019,KG,70,75,72.5
Onion Dry (Indian),11/3/2019,KG,93,95,94
Cabbage(Local),11/3/2019,KG,65,70,67.5
Garlic Dry Chinese,11/3/2019,KG,190,200,195
Tomato Big(Nepali),11/4/2019,KG,95,100,97.5
Tomato Big(Indian),11/4/2019,KG,95,100,97.5
Potato Red,11/4/2019,KG,55,57,56
Onion Dry (Indian),11/4/2019,KG,110,115,112.5
Cabbage(Local),11/4/2019,KG,65,70,67.5
Garlic Dry Chinese,11/4/2019,KG,190,200,195
Tomato Big(Nepali),11/5/2019,KG,85,90,87.5
Tomato Big(Indian),11/5/2019,KG,85,90,87.5
Potato Red,11/5/2019,KG,50,55,52.5
Onion Dry (Indian),11/5/2019,KG,125,130,127.5
Cabbage(Local),11/5/2019,KG,65,70,67.5
Garlic Dry Chinese,11/5/2019,KG,190,200,195
Tomato Big(Nepali),11/6/2019,KG,85,90,87.5
Tomato Big(Indian),11/6/2019,KG,85,90,87.5
Potato Red,11/6/2019,KG,50,55,52.5
Onion Dry (Indian),11/6/2019,KG,120,125,122.5
Cabbage(Local),11/6/2019,KG,85,90,87.5
Garlic Dry Chinese,11/6/2019,KG,190,200,195
Tomato Big(Nepali),11/7/2019,KG,85,90,87.5
Tomato Big(Indian),11/7/2019,KG,85,90,87.5
Potato Red,11/7/2019,KG,53,55,54
Onion Dry (Indian),11/7/2019,KG,125,130,127.5
Cabbage(Local),11/7/2019,KG,75,80,77.5
Garlic Dry Chinese,11/7/2019,KG,190,200,195
Tomato Big(Nepali),11/8/2019,KG,75,80,77.5
Tomato Big(Indian),11/8/2019,KG,75,80,77.5
Potato Red,11/8/2019,KG,53,55,54
Onion Dry (Indian),11/8/2019,KG,125,127,126
Cabbage(Local),11/8/2019,KG,65,70,67.5
Garlic Dry Chinese,11/8/2019,KG,190,200,195
Tomato Big(Nepali),11/9/2019,KG,65,70,67.5
Tomato Big(Indian),11/9/2019,KG,65,70,67.5
Potato Red,11/9/2019,KG,50,52,51
Onion Dry (Indian),11/9/2019,KG,125,127,126
Cabbage(Local),11/9/2019,KG,65,70,67.5
Garlic Dry Chinese,11/9/2019,KG,190,200,195
Tomato Big(Nepali),11/10/2019,KG,75,80,77.5
Tomato Big(Indian),11/10/2019,KG,75,80,77.5
Potato Red,11/10/2019,KG,48,50,49
Onion Dry (Indian),11/10/2019,KG,125,128,126.5
Cabbage(Local),11/10/2019,KG,75,80,77.5
Garlic Dry Chinese,11/10/2019,KG,190,200,195
Tomato Big(Nepali),11/11/2019,KG,65,70,67.5
Tomato Big(Indian),11/11/2019,KG,65,70,67.5
Potato Red,11/11/2019,KG,45,50,47.5
Onion Dry (Indian),11/11/2019,KG,125,130,127.5
Cabbage(Local),11/11/2019,KG,75,80,77.5
Garlic Dry Chinese,11/11/2019,KG,190,200,195
Tomato Big(Nepali),11/12/2019,KG,65,70,67.5
Tomato Big(Indian),11/12/2019,KG,65,70,67.5
Potato Red,11/12/2019,KG,45,50,47.5
Onion Dry (Indian),11/12/2019,KG,135,140,137.5
Cabbage(Local),11/12/2019,KG,95,100,97.5
Garlic Dry Chinese,11/12/2019,KG,190,200,195
Tomato Big(Nepali),11/13/2019,KG,65,70,67.5
Tomato Big(Indian),11/13/2019,KG,65,70,67.5
Potato Red,11/13/2019,KG,45,50,47.5
Onion Dry (Indian),11/13/2019,KG,140,145,142.5
Cabbage(Local),11/13/2019,KG,85,90,87.5
Garlic Dry Chinese,11/13/2019,KG,190,200,195
Tomato Big(Nepali),11/14/2019,KG,65,70,67.5
Tomato Big(Indian),11/14/2019,KG,65,70,67.5
Potato Red,11/14/2019,KG,45,50,47.5
Onion Dry (Indian),11/14/2019,KG,145,150,147.5
Cabbage(Local),11/14/2019,KG,85,90,87.5
Garlic Dry Chinese,11/14/2019,KG,190,200,195
Tomato Big(Nepali),11/15/2019,KG,60,70,65
Tomato Big(Indian),11/15/2019,KG,60,70,65
Potato Red,11/15/2019,KG,45,48,46.5
Onion Dry (Indian),11/15/2019,KG,150,160,155
Cabbage(Local),11/15/2019,KG,80,90,85
Garlic Dry Chinese,11/15/2019,KG,190,200,195
Tomato Big(Nepali),11/16/2019,KG,65,70,67.5
Tomato Big(Indian),11/16/2019,KG,65,70,67.5
Potato Red,11/16/2019,KG,45,50,47.5
Onion Dry (Indian),11/16/2019,KG,150,160,155
Cabbage(Local),11/16/2019,KG,85,90,87.5
Garlic Dry Chinese,11/16/2019,KG,190,200,195
Tomato Big(Nepali),11/17/2019,KG,65,70,67.5
Tomato Big(Indian),11/17/2019,KG,65,70,67.5
Potato Red,11/17/2019,KG,45,48,46.5
Onion Dry (Indian),11/17/2019,KG,150,160,155
Cabbage(Local),11/17/2019,KG,75,80,77.5
Garlic Dry Chinese,11/17/2019,KG,190,200,195
Tomato Big(Nepali),11/18/2019,KG,55,60,57.5
Tomato Big(Indian),11/18/2019,KG,55,60,57.5
Potato Red,11/18/2019,KG,45,48,46.5
Onion Dry (Indian),11/18/2019,KG,150,160,155
Cabbage(Local),11/18/2019,KG,75,80,77.5
Garlic Dry Chinese,11/18/2019,KG,190,200,195
Tomato Big(Nepali),11/19/2019,KG,50,60,55
Tomato Big(Indian),11/19/2019,KG,50,60,55
Potato Red,11/19/2019,KG,45,47,46
Onion Dry (Indian),11/19/2019,KG,145,160,152.5
Cabbage(Local),11/19/2019,KG,85,90,87.5
Garlic Dry Chinese,11/19/2019,KG,190,200,195
Tomato Big(Nepali),11/20/2019,KG,65,70,67.5
Tomato Big(Indian),11/20/2019,KG,65,70,67.5
Potato Red,11/20/2019,KG,44,46,45
Onion Dry (Indian),11/20/2019,KG,145,155,150
Cabbage(Local),11/20/2019,KG,80,85,82.5
Garlic Dry Chinese,11/20/2019,KG,190,200,195
Tomato Big(Nepali),11/21/2019,KG,60,70,65
Tomato Big(Indian),11/21/2019,KG,60,70,65
Potato Red,11/21/2019,KG,44,46,45
Onion Dry (Indian),11/21/2019,KG,150,160,155
Cabbage(Local),11/21/2019,KG,65,70,67.5
Garlic Dry Chinese,11/21/2019,KG,190,200,195
Tomato Big(Nepali),11/22/2019,KG,60,70,65
Tomato Big(Indian),11/22/2019,KG,60,70,65
Potato Red,11/22/2019,KG,43,45,44
Onion Dry (Indian),11/22/2019,KG,150,160,155
Cabbage(Local),11/22/2019,KG,65,70,67.5
Garlic Dry Chinese,11/22/2019,KG,190,200,195
Tomato Big(Nepali),11/23/2019,KG,50,60,55
Tomato Big(Indian),11/23/2019,KG,50,60,55
Potato Red,11/23/2019,KG,44,46,45
Onion Dry (Indian),11/23/2019,KG,155,165,160
Cabbage(Local),11/23/2019,KG,50,60,55
Garlic Dry Chinese,11/23/2019,KG,190,200,195
Tomato Big(Nepali),11/24/2019,KG,50,60,55
Tomato Big(Indian),11/24/2019,KG,50,60,55
Potato Red,11/24/2019,KG,40,45,42.5
Onion Dry (Indian),11/24/2019,KG,175,180,177.5
Cabbage(Local),11/24/2019,KG,50,60,55
Garlic Dry Chinese,11/24/2019,KG,190,200,195
Tomato Big(Nepali),11/25/2019,KG,50,60,55
Tomato Big(Indian),11/25/2019,KG,50,60,55
Potato Red,11/25/2019,KG,43,45,44
Onion Dry (Indian),11/25/2019,KG,175,180,177.5
Cabbage(Local),11/25/2019,KG,55,60,57.5
Garlic Dry Chinese,11/25/2019,KG,190,200,195
Tomato Big(Nepali),11/26/2019,KG,50,60,55
Tomato Big(Indian),11/26/2019,KG,50,60,55
Potato Red,11/26/2019,KG,42,44,43
Onion Dry (Indian),11/26/2019,KG,180,200,190
Cabbage(Local),11/26/2019,KG,50,55,52.5
Garlic Dry Chinese,11/26/2019,KG,190,200,195
Tomato Big(Nepali),11/27/2019,KG,50,60,55
Tomato Big(Indian),11/27/2019,KG,50,60,55
Potato Red,11/27/2019,KG,44,46,45
Onion Dry (Indian),11/27/2019,KG,175,190,182.5
Cabbage(Local),11/27/2019,KG,50,60,55
Garlic Dry Chinese,11/27/2019,KG,190,200,195
Tomato Big(Nepali),11/28/2019,KG,50,60,55
Tomato Big(Indian),11/28/2019,KG,50,60,55
Potato Red,11/28/2019,KG,44,46,45
Onion Dry (Indian),11/28/2019,KG,175,190,182.5
Cabbage(Local),11/28/2019,KG,50,60,55
Garlic Dry Chinese,11/28/2019,KG,190,200,195
Tomato Big(Nepali),11/29/2019,KG,50,60,55
Tomato Big(Indian),11/29/2019,KG,50,60,55
Potato Red,11/29/2019,KG,44,46,45
Onion Dry (Indian),11/29/2019,KG,180,190,185
Cabbage(Local),11/29/2019,KG,50,60,55
Garlic Dry Chinese,11/29/2019,KG,190,200,195
Tomato Big(Nepali),11/30/2019,KG,50,60,55
Tomato Big(Indian),11/30/2019,KG,50,60,55
Potato Red,11/30/2019,KG,44,46,45
Onion Dry (Indian),11/30/2019,KG,150,160,155
Cabbage(Local),11/30/2019,KG,50,60,55
Garlic Dry Chinese,11/30/2019,KG,190,200,195
Tomato Big(Nepali),12/1/2019,KG,50,60,55
Tomato Big(Indian),12/1/2019,KG,50,60,55
Potato Red,12/1/2019,KG,45,48,46.5
Onion Dry (Indian),12/1/2019,KG,160,170,165
Cabbage(Local),12/1/2019,KG,50,60,55
Garlic Dry Chinese,12/1/2019,KG,190,200,195
Tomato Big(Nepali),12/2/2019,KG,50,60,55
Tomato Big(Indian),12/2/2019,KG,50,60,55
Potato Red,12/2/2019,KG,45,47,46
Onion Dry (Indian),12/2/2019,KG,160,170,165
Cabbage(Local),12/2/2019,KG,45,50,47.5
Garlic Dry Chinese,12/2/2019,KG,190,200,195
Tomato Big(Nepali),12/3/2019,KG,50,60,55
Tomato Big(Indian),12/3/2019,KG,50,60,55
Potato Red,12/3/2019,KG,46,48,47
Onion Dry (Indian),12/3/2019,KG,150,160,155
Cabbage(Local),12/3/2019,KG,45,50,47.5
Garlic Dry Chinese,12/3/2019,KG,190,200,195
Tomato Big(Nepali),12/4/2019,KG,50,60,55
Tomato Big(Indian),12/4/2019,KG,50,60,55
Potato Red,12/4/2019,KG,44,46,45
Onion Dry (Indian),12/4/2019,KG,170,180,175
Cabbage(Local),12/4/2019,KG,45,50,47.5
Garlic Dry Chinese,12/4/2019,KG,190,200,195
Tomato Big(Nepali),12/5/2019,KG,50,60,55
Tomato Big(Indian),12/5/2019,KG,50,60,55
Potato Red,12/5/2019,KG,44,46,45
Onion Dry (Indian),12/5/2019,KG,175,185,180
Cabbage(Local),12/5/2019,KG,50,60,55
Garlic Dry Chinese,12/5/2019,KG,190,200,195
Tomato Big(Nepali),12/6/2019,KG,50,60,55
Tomato Big(Indian),12/6/2019,KG,50,60,55
Potato Red,12/6/2019,KG,45,48,46.5
Onion Dry (Indian),12/6/2019,KG,175,185,180
Cabbage(Local),12/6/2019,KG,45,50,47.5
Garlic Dry Chinese,12/6/2019,KG,190,200,195
Tomato Big(Nepali),12/7/2019,KG,60,70,65
Tomato Big(Indian),12/7/2019,KG,60,70,65
Potato Red,12/7/2019,KG,48,50,49
Onion Dry (Indian),12/7/2019,KG,175,185,180
Cabbage(Local),12/7/2019,KG,45,50,47.5
Garlic Dry Chinese,12/7/2019,KG,190,200,195
Tomato Big(Nepali),12/8/2019,KG,60,70,65
Tomato Big(Indian),12/8/2019,KG,60,70,65
Potato Red,12/8/2019,KG,48,50,49
Onion Dry (Indian),12/8/2019,KG,175,185,180
Cabbage(Local),12/8/2019,KG,45,50,47.5
Garlic Dry Chinese,12/8/2019,KG,190,200,195
Tomato Big(Nepali),12/9/2019,KG,50,60,55
Tomato Big(Indian),12/9/2019,KG,50,60,55
Potato Red,12/9/2019,KG,45,50,47.5
Cabbage(Local),12/9/2019,KG,45,50,47.5
Garlic Dry Chinese,12/9/2019,KG,190,200,195
Tomato Big(Nepali),12/10/2019,KG,50,60,55
Tomato Big(Indian),12/10/2019,KG,50,60,55
Potato Red,12/10/2019,KG,50,53,51.5
Cabbage(Local),12/10/2019,KG,40,50,45
Garlic Dry Chinese,12/10/2019,KG,190,200,195
Tomato Big(Nepali),12/11/2019,KG,50,60,55
Tomato Big(Indian),12/11/2019,KG,50,60,55
Potato Red,12/11/2019,KG,50,52,51
Cabbage(Local),12/11/2019,KG,45,50,47.5
Garlic Dry Chinese,12/11/2019,KG,190,200,195
Tomato Big(Nepali),12/12/2019,KG,60,70,65
Tomato Big(Indian),12/12/2019,KG,60,70,65
Potato Red,12/12/2019,KG,50,52,51
Cabbage(Local),12/12/2019,KG,45,50,47.5
Garlic Dry Chinese,12/12/2019,KG,190,200,195
Tomato Big(Nepali),12/13/2019,KG,60,70,65
Tomato Big(Indian),12/13/2019,KG,60,70,65
Potato Red,12/13/2019,KG,50,52,51
Cabbage(Local),12/13/2019,KG,40,50,45
Garlic Dry Chinese,12/13/2019,KG,190,200,195
Tomato Big(Nepali),12/14/2019,KG,60,70,65
Tomato Big(Indian),12/14/2019,KG,60,70,65
Potato Red,12/14/2019,KG,50,52,51
Cabbage(Local),12/14/2019,KG,40,50,45
Garlic Dry Chinese,12/14/2019,KG,190,200,195
Tomato Big(Nepali),12/15/2019,KG,60,70,65
Tomato Big(Indian),12/15/2019,KG,60,70,65
Potato Red,12/15/2019,KG,52,55,53.5
Onion Dry (Indian),12/15/2019,KG,135,145,140
Cabbage(Local),12/15/2019,KG,40,50,45
Garlic Dry Chinese,12/15/2019,KG,190,200,195
Tomato Big(Nepali),12/16/2019,KG,50,60,55
Tomato Big(Indian),12/16/2019,KG,50,60,55
Potato Red,12/16/2019,KG,53,55,54
Cabbage(Local),12/16/2019,KG,40,50,45
Garlic Dry Chinese,12/16/2019,KG,190,200,195
Tomato Big(Nepali),12/17/2019,KG,50,60,55
Tomato Big(Indian),12/17/2019,KG,50,60,55
Potato Red,12/17/2019,KG,53,55,54
Onion Dry (Indian),12/17/2019,KG,175,185,180
Cabbage(Local),12/17/2019,KG,40,45,42.5
Garlic Dry Chinese,12/17/2019,KG,190,200,195
Tomato Big(Nepali),12/18/2019,KG,50,60,55
Tomato Big(Indian),12/18/2019,KG,50,60,55
Potato Red,12/18/2019,KG,53,55,54
Onion Dry (Indian),12/18/2019,KG,200,210,205
Cabbage(Local),12/18/2019,KG,35,40,37.5
Garlic Dry Chinese,12/18/2019,KG,190,200,195
Tomato Big(Nepali),12/19/2019,KG,45,55,50
Tomato Big(Indian),12/19/2019,KG,45,55,50
Potato Red,12/19/2019,KG,53,55,54
Onion Dry (Indian),12/19/2019,KG,210,220,215
Cabbage(Local),12/19/2019,KG,35,40,37.5
Garlic Dry Chinese,12/19/2019,KG,190,200,195
Tomato Big(Nepali),12/20/2019,KG,50,60,55
Tomato Big(Indian),12/20/2019,KG,50,60,55
Potato Red,12/20/2019,KG,55,57,56
Onion Dry (Indian),12/20/2019,KG,200,210,205
Cabbage(Local),12/20/2019,KG,30,35,32.5
Garlic Dry Chinese,12/20/2019,KG,210,220,215
Tomato Big(Nepali),12/21/2019,KG,45,50,47.5
Tomato Big(Indian),12/21/2019,KG,45,50,47.5
Potato Red,12/21/2019,KG,56,58,57
Onion Dry (Indian),12/21/2019,KG,200,210,205
Cabbage(Local),12/21/2019,KG,30,40,35
Garlic Dry Chinese,12/21/2019,KG,210,220,215
Tomato Big(Nepali),12/22/2019,KG,45,50,47.5
Tomato Big(Indian),12/22/2019,KG,45,50,47.5
Potato Red,12/22/2019,KG,56,58,57
Onion Dry (Indian),12/22/2019,KG,200,210,205
Cabbage(Local),12/22/2019,KG,35,40,37.5
Garlic Dry Chinese,12/22/2019,KG,210,220,215
Tomato Big(Nepali),12/23/2019,KG,45,50,47.5
Tomato Big(Indian),12/23/2019,KG,45,50,47.5
Potato Red,12/23/2019,KG,56,58,57
Onion Dry (Indian),12/23/2019,KG,190,200,195
Cabbage(Local),12/23/2019,KG,30,40,35
Garlic Dry Chinese,12/23/2019,KG,210,220,215
Tomato Big(Nepali),12/24/2019,KG,45,50,47.5
Tomato Big(Indian),12/24/2019,KG,45,50,47.5
Potato Red,12/24/2019,KG,56,58,57
Onion Dry (Indian),12/24/2019,KG,190,200,195
Cabbage(Local),12/24/2019,KG,35,40,37.5
Garlic Dry Chinese,12/24/2019,KG,210,220,215
Tomato Big(Nepali),12/25/2019,KG,45,50,47.5
Tomato Big(Indian),12/25/2019,KG,45,50,47.5
Potato Red,12/25/2019,KG,56,58,57
Onion Dry (Indian),12/25/2019,KG,190,200,195
Cabbage(Local),12/25/2019,KG,35,40,37.5
Garlic Dry Chinese,12/25/2019,KG,210,220,215
Tomato Big(Nepali),12/26/2019,KG,45,50,47.5
Tomato Big(Indian),12/26/2019,KG,45,50,47.5
Potato Red,12/26/2019,KG,56,58,57
Onion Dry (Indian),12/26/2019,KG,160,170,165
Cabbage(Local),12/26/2019,KG,35,40,37.5
Garlic Dry Chinese,12/26/2019,KG,210,220,215
Tomato Big(Nepali),12/27/2019,KG,45,50,47.5
Tomato Big(Indian),12/27/2019,KG,45,50,47.5
Potato Red,12/27/2019,KG,56,58,57
Onion Dry (Indian),12/27/2019,KG,160,170,165
Cabbage(Local),12/27/2019,KG,35,40,37.5
Garlic Dry Chinese,12/27/2019,KG,210,220,215
Tomato Big(Nepali),12/28/2019,KG,45,50,47.5
Tomato Big(Indian),12/28/2019,KG,45,50,47.5
Potato Red,12/28/2019,KG,50,52,51
Onion Dry (Indian),12/28/2019,KG,165,170,167.5
Cabbage(Local),12/28/2019,KG,35,40,37.5
Garlic Dry Chinese,12/28/2019,KG,210,220,215
Tomato Big(Nepali),12/29/2019,KG,45,50,47.5
Tomato Big(Indian),12/29/2019,KG,45,50,47.5
Potato Red,12/29/2019,KG,48,50,49
Onion Dry (Indian),12/29/2019,KG,160,165,162.5
Cabbage(Local),12/29/2019,KG,35,40,37.5
Garlic Dry Chinese,12/29/2019,KG,210,220,215
Tomato Big(Nepali),12/30/2019,KG,45,50,47.5
Tomato Big(Indian),12/30/2019,KG,45,50,47.5
Potato Red,12/30/2019,KG,48,50,49
Onion Dry (Indian),12/30/2019,KG,160,165,162.5
Cabbage(Local),12/30/2019,KG,35,40,37.5
Garlic Dry Chinese,12/30/2019,KG,210,220,215
Tomato Big(Nepali),12/31/2019,KG,50,60,55
Tomato Big(Indian),12/31/2019,KG,50,60,55
Potato Red,12/31/2019,KG,48,50,49
Onion Dry (Indian),12/31/2019,KG,160,165,162.5
Cabbage(Local),12/31/2019,KG,35,40,37.5
Garlic Dry Chinese,12/31/2019,KG,210,220,215
Tomato Big(Nepali),1/1/2020,KG,60,65,62.5
Tomato Big(Indian),1/1/2020,KG,60,65,62.5
Potato Red,1/1/2020,KG,48,50,49
Onion Dry (Indian),1/1/2020,KG,160,165,162.5
Cabbage(Local),1/1/2020,KG,35,40,37.5
Garlic Dry Chinese,1/1/2020,KG,210,220,215
Tomato Big(Nepali),1/2/2020,KG,65,70,67.5
Tomato Big(Indian),1/2/2020,KG,65,70,67.5
Potato Red,1/2/2020,KG,48,50,49
Onion Dry (Indian),1/2/2020,KG,160,165,162.5
Cabbage(Local),1/2/2020,KG,35,40,37.5
Garlic Dry Chinese,1/2/2020,KG,210,220,215
Tomato Big(Nepali),1/3/2020,KG,75,80,77.5
Tomato Big(Indian),1/3/2020,KG,75,80,77.5
Potato Red,1/3/2020,KG,48,50,49
Onion Dry (Indian),1/3/2020,KG,160,165,162.5
Cabbage(Local),1/3/2020,KG,40,45,42.5
Garlic Dry Chinese,1/3/2020,KG,210,220,215
Tomato Big(Nepali),1/4/2020,KG,75,80,77.5
Tomato Big(Indian),1/4/2020,KG,75,80,77.5
Potato Red,1/4/2020,KG,48,50,49
Onion Dry (Indian),1/4/2020,KG,160,165,162.5
Cabbage(Local),1/4/2020,KG,40,45,42.5
Garlic Dry Chinese,1/4/2020,KG,210,220,215
Tomato Big(Nepali),1/5/2020,KG,85,90,87.5
Tomato Big(Indian),1/5/2020,KG,85,90,87.5
Potato Red,1/5/2020,KG,48,50,49
Onion Dry (Indian),1/5/2020,KG,135,140,137.5
Cabbage(Local),1/5/2020,KG,40,45,42.5
Garlic Dry Chinese,1/5/2020,KG,210,220,215
Tomato Big(Nepali),1/6/2020,KG,75,80,77.5
Tomato Big(Indian),1/6/2020,KG,75,80,77.5
Potato Red,1/6/2020,KG,48,50,49
Onion Dry (Indian),1/6/2020,KG,129,133,131
Cabbage(Local),1/6/2020,KG,40,50,45
Garlic Dry Chinese,1/6/2020,KG,210,220,215
Tomato Big(Nepali),1/7/2020,KG,85,90,87.5
Tomato Big(Indian),1/7/2020,KG,85,90,87.5
Potato Red,1/7/2020,KG,48,50,49
Onion Dry (Indian),1/7/2020,KG,125,130,127.5
Cabbage(Local),1/7/2020,KG,45,50,47.5
Garlic Dry Chinese,1/7/2020,KG,210,220,215
Tomato Big(Nepali),1/8/2020,KG,75,80,77.5
Tomato Big(Indian),1/8/2020,KG,75,80,77.5
Potato Red,1/8/2020,KG,48,50,49
Onion Dry (Indian),1/8/2020,KG,125,130,127.5
Cabbage(Local),1/8/2020,KG,35,40,37.5
Garlic Dry Chinese,1/8/2020,KG,210,220,215
Tomato Big(Nepali),1/9/2020,KG,75,80,77.5
Tomato Big(Indian),1/9/2020,KG,75,80,77.5
Potato Red,1/9/2020,KG,45,50,47.5
Onion Dry (Indian),1/9/2020,KG,115,120,117.5
Cabbage(Local),1/9/2020,KG,35,40,37.5
Garlic Dry Chinese,1/9/2020,KG,210,220,215
Tomato Big(Nepali),1/10/2020,KG,75,80,77.5
Tomato Big(Indian),1/10/2020,KG,75,80,77.5
Potato Red,1/10/2020,KG,48,50,49
Onion Dry (Indian),1/10/2020,KG,110,115,112.5
Cabbage(Local),1/10/2020,KG,40,45,42.5
Garlic Dry Chinese,1/10/2020,KG,210,220,215
Tomato Big(Nepali),1/11/2020,KG,75,80,77.5
Tomato Big(Indian),1/11/2020,KG,75,80,77.5
Potato Red,1/11/2020,KG,45,48,46.5
Onion Dry (Indian),1/11/2020,KG,100,105,102.5
Cabbage(Local),1/11/2020,KG,40,50,45
Garlic Dry Chinese,1/11/2020,KG,210,220,215
Tomato Big(Nepali),1/12/2020,KG,75,80,77.5
Tomato Big(Indian),1/12/2020,KG,75,80,77.5
Potato Red,1/12/2020,KG,48,50,49
Onion Dry (Indian),1/12/2020,KG,100,110,105
Cabbage(Local),1/12/2020,KG,40,45,42.5
Garlic Dry Chinese,1/12/2020,KG,210,220,215
Tomato Big(Nepali),1/13/2020,KG,65,70,67.5
Tomato Big(Indian),1/13/2020,KG,65,70,67.5
Potato Red,1/13/2020,KG,48,50,49
Onion Dry (Indian),1/13/2020,KG,100,105,102.5
Cabbage(Local),1/13/2020,KG,40,45,42.5
Garlic Dry Chinese,1/13/2020,KG,210,220,215
Tomato Big(Nepali),1/14/2020,KG,55,60,57.5
Tomato Big(Indian),1/14/2020,KG,55,60,57.5
Potato Red,1/14/2020,KG,48,50,49
Onion Dry (Indian),1/14/2020,KG,98,100,99
Cabbage(Local),1/14/2020,KG,40,45,42.5
Garlic Dry Chinese,1/14/2020,KG,210,220,215
Tomato Big(Nepali),1/15/2020,KG,60,65,62.5
Tomato Big(Indian),1/15/2020,KG,60,65,62.5
Potato Red,1/15/2020,KG,48,50,49
Onion Dry (Indian),1/15/2020,KG,100,105,102.5
Cabbage(Local),1/15/2020,KG,40,45,42.5
Garlic Dry Chinese,1/15/2020,KG,240,250,245
Tomato Big(Nepali),1/16/2020,KG,65,70,67.5
Tomato Big(Indian),1/16/2020,KG,65,70,67.5
Potato Red,1/16/2020,KG,43,45,44
Onion Dry (Indian),1/16/2020,KG,105,110,107.5
Cabbage(Local),1/16/2020,KG,40,45,42.5
Garlic Dry Chinese,1/16/2020,KG,260,270,265
Tomato Big(Nepali),1/17/2020,KG,55,60,57.5
Tomato Big(Indian),1/17/2020,KG,55,60,57.5
Potato Red,1/17/2020,KG,48,50,49
Onion Dry (Indian),1/17/2020,KG,105,110,107.5
Cabbage(Local),1/17/2020,KG,45,50,47.5
Garlic Dry Chinese,1/17/2020,KG,260,270,265
Tomato Big(Nepali),1/18/2020,KG,60,70,65
Tomato Big(Indian),1/18/2020,KG,60,70,65
Onion Dry (Indian),1/18/2020,KG,110,115,112.5
Cabbage(Local),1/18/2020,KG,45,50,47.5
Garlic Dry Chinese,1/18/2020,KG,260,270,265
Tomato Big(Nepali),1/19/2020,KG,50,60,55
Tomato Big(Indian),1/19/2020,KG,50,60,55
Onion Dry (Indian),1/19/2020,KG,110,112,111
Cabbage(Local),1/19/2020,KG,50,55,52.5
Garlic Dry Chinese,1/19/2020,KG,310,320,315
Tomato Big(Nepali),1/20/2020,KG,55,60,57.5
Tomato Big(Indian),1/20/2020,KG,55,60,57.5
Onion Dry (Indian),1/20/2020,KG,110,115,112.5
Cabbage(Local),1/20/2020,KG,45,50,47.5
Garlic Dry Chinese,1/20/2020,KG,310,320,315
Tomato Big(Nepali),1/21/2020,KG,45,50,47.5
Tomato Big(Indian),1/21/2020,KG,45,50,47.5
Onion Dry (Indian),1/21/2020,KG,110,115,112.5
Cabbage(Local),1/21/2020,KG,35,40,37.5
Garlic Dry Chinese,1/21/2020,KG,310,320,315
Tomato Big(Nepali),1/22/2020,KG,50,60,55
Tomato Big(Indian),1/22/2020,KG,50,60,55
Potato Red,1/22/2020,KG,48,50,49
Onion Dry (Indian),1/22/2020,KG,110,115,112.5
Cabbage(Local),1/22/2020,KG,35,40,37.5
Garlic Dry Chinese,1/22/2020,KG,390,400,395
Tomato Big(Nepali),1/23/2020,KG,50,60,55
Tomato Big(Indian),1/23/2020,KG,50,60,55
Potato Red,1/23/2020,KG,48,50,49
Onion Dry (Indian),1/23/2020,KG,110,112,111
Cabbage(Local),1/23/2020,KG,35,40,37.5
Garlic Dry Chinese,1/23/2020,KG,390,400,395
Tomato Big(Nepali),1/24/2020,KG,50,60,55
Tomato Big(Indian),1/24/2020,KG,50,60,55
Potato Red,1/24/2020,KG,40,45,42.5
Onion Dry (Indian),1/24/2020,KG,105,110,107.5
Cabbage(Local),1/24/2020,KG,35,40,37.5
Garlic Dry Chinese,1/24/2020,KG,410,420,415
Tomato Big(Nepali),1/25/2020,KG,50,60,55
Tomato Big(Indian),1/25/2020,KG,50,60,55
Potato Red,1/25/2020,KG,40,42,41
Onion Dry (Indian),1/25/2020,KG,100,105,102.5
Cabbage(Local),1/25/2020,KG,25,30,27.5
Garlic Dry Chinese,1/25/2020,KG,410,420,415
Tomato Big(Nepali),1/26/2020,KG,50,60,55
Tomato Big(Indian),1/26/2020,KG,50,60,55
Potato Red,1/26/2020,KG,40,42,41
Onion Dry (Indian),1/26/2020,KG,115,120,117.5
Cabbage(Local),1/26/2020,KG,30,35,32.5
Garlic Dry Chinese,1/26/2020,KG,380,390,385
Tomato Big(Nepali),1/27/2020,KG,50,60,55
Tomato Big(Indian),1/27/2020,KG,50,60,55
Potato Red,1/27/2020,KG,40,45,42.5
Onion Dry (Indian),1/27/2020,KG,135,140,137.5
Cabbage(Local),1/27/2020,KG,30,35,32.5
Garlic Dry Chinese,1/27/2020,KG,370,380,375
Tomato Big(Nepali),1/28/2020,KG,50,60,55
Tomato Big(Indian),1/28/2020,KG,50,60,55
Potato Red,1/28/2020,KG,38,40,39
Onion Dry (Indian),1/28/2020,KG,125,130,127.5
Cabbage(Local),1/28/2020,KG,30,35,32.5
Garlic Dry Chinese,1/28/2020,KG,370,380,375
Tomato Big(Nepali),1/29/2020,KG,45,50,47.5
Tomato Big(Indian),1/29/2020,KG,45,50,47.5
Potato Red,1/29/2020,KG,38,40,39
Onion Dry (Indian),1/29/2020,KG,118,120,119
Cabbage(Local),1/29/2020,KG,30,35,32.5
Garlic Dry Chinese,1/29/2020,KG,370,380,375
Tomato Big(Nepali),1/30/2020,KG,50,60,55
Tomato Big(Indian),1/30/2020,KG,50,60,55
Potato Red,1/30/2020,KG,38,40,39
Onion Dry (Indian),1/30/2020,KG,115,120,117.5
Cabbage(Local),1/30/2020,KG,30,40,35
Garlic Dry Chinese,1/30/2020,KG,590,600,595
Tomato Big(Nepali),1/31/2020,KG,50,60,55
Tomato Big(Indian),1/31/2020,KG,50,60,55
Potato Red,1/31/2020,KG,36,38,37
Onion Dry (Indian),1/31/2020,KG,112,115,113.5
Cabbage(Local),1/31/2020,KG,30,35,32.5
Garlic Dry Chinese,1/31/2020,KG,490,500,495
Tomato Big(Nepali),2/1/2020,KG,50,60,55
Tomato Big(Indian),2/1/2020,KG,50,60,55
Potato Red,2/1/2020,KG,33,35,34
Onion Dry (Indian),2/1/2020,KG,110,115,112.5
Cabbage(Local),2/1/2020,KG,30,35,32.5
Garlic Dry Chinese,2/1/2020,KG,490,500,495
Tomato Big(Nepali),2/2/2020,KG,50,60,55
Tomato Big(Indian),2/2/2020,KG,50,60,55
Potato Red,2/2/2020,KG,33,35,34
Onion Dry (Indian),2/2/2020,KG,100,105,102.5
Cabbage(Local),2/2/2020,KG,30,35,32.5
Garlic Dry Chinese,2/2/2020,KG,490,500,495
Tomato Big(Nepali),2/3/2020,KG,45,50,47.5
Tomato Big(Indian),2/3/2020,KG,45,50,47.5
Potato Red,2/3/2020,KG,30,32,31
Onion Dry (Indian),2/3/2020,KG,100,103,101.5
Cabbage(Local),2/3/2020,KG,30,35,32.5
Garlic Dry Chinese,2/3/2020,KG,490,500,495
Tomato Big(Nepali),2/4/2020,KG,50,60,55
Tomato Big(Indian),2/4/2020,KG,50,60,55
Potato Red,2/4/2020,KG,30,35,32.5
Onion Dry (Indian),2/4/2020,KG,95,100,97.5
Cabbage(Local),2/4/2020,KG,30,35,32.5
Garlic Dry Chinese,2/4/2020,KG,550,560,555
Tomato Big(Nepali),2/5/2020,KG,50,60,55
Tomato Big(Indian),2/5/2020,KG,50,60,55
Potato Red,2/5/2020,KG,30,35,32.5
Onion Dry (Indian),2/5/2020,KG,85,90,87.5
Cabbage(Local),2/5/2020,KG,30,35,32.5
Garlic Dry Chinese,2/5/2020,KG,550,560,555
Tomato Big(Nepali),2/6/2020,KG,45,50,47.5
Tomato Big(Indian),2/6/2020,KG,45,50,47.5
Potato Red,2/6/2020,KG,30,35,32.5
Onion Dry (Indian),2/6/2020,KG,83,85,84
Cabbage(Local),2/6/2020,KG,30,35,32.5
Tomato Big(Nepali),2/7/2020,KG,45,50,47.5
Tomato Big(Indian),2/7/2020,KG,45,50,47.5
Potato Red,2/7/2020,KG,30,32,31
Onion Dry (Indian),2/7/2020,KG,80,85,82.5
Cabbage(Local),2/7/2020,KG,30,35,32.5
Tomato Big(Nepali),2/8/2020,KG,45,50,47.5
Tomato Big(Indian),2/8/2020,KG,45,50,47.5
Potato Red,2/8/2020,KG,30,32,31
Onion Dry (Indian),2/8/2020,KG,75,80,77.5
Cabbage(Local),2/8/2020,KG,25,30,27.5
Tomato Big(Nepali),2/9/2020,KG,45,50,47.5
Tomato Big(Indian),2/9/2020,KG,45,50,47.5
Potato Red,2/9/2020,KG,30,35,32.5
Onion Dry (Indian),2/9/2020,KG,72,75,73.5
Cabbage(Local),2/9/2020,KG,25,30,27.5
Tomato Big(Nepali),2/10/2020,KG,45,50,47.5
Tomato Big(Indian),2/10/2020,KG,45,50,47.5
Potato Red,2/10/2020,KG,33,35,34
Onion Dry (Indian),2/10/2020,KG,70,75,72.5
Cabbage(Local),2/10/2020,KG,25,30,27.5
Tomato Big(Nepali),2/11/2020,KG,45,50,47.5
Tomato Big(Indian),2/11/2020,KG,45,50,47.5
Potato Red,2/11/2020,KG,33,35,34
Onion Dry (Indian),2/11/2020,KG,72,75,73.5
Cabbage(Local),2/11/2020,KG,25,30,27.5
Tomato Big(Nepali),2/12/2020,KG,45,50,47.5
Tomato Big(Indian),2/12/2020,KG,45,50,47.5
Potato Red,2/12/2020,KG,35,38,36.5
Onion Dry (Indian),2/12/2020,KG,72,75,73.5
Cabbage(Local),2/12/2020,KG,25,30,27.5
Tomato Big(Nepali),2/13/2020,KG,45,50,47.5
Tomato Big(Indian),2/13/2020,KG,45,50,47.5
Potato Red,2/13/2020,KG,35,38,36.5
Onion Dry (Indian),2/13/2020,KG,70,75,72.5
Cabbage(Local),2/13/2020,KG,30,35,32.5
Tomato Big(Nepali),2/14/2020,KG,45,50,47.5
Tomato Big(Indian),2/14/2020,KG,45,50,47.5
Potato Red,2/14/2020,KG,35,38,36.5
Onion Dry (Indian),2/14/2020,KG,72,75,73.5
Cabbage(Local),2/14/2020,KG,30,35,32.5
Tomato Big(Nepali),2/15/2020,KG,45,50,47.5
Tomato Big(Indian),2/15/2020,KG,45,50,47.5
Potato Red,2/15/2020,KG,38,40,39
Onion Dry (Indian),2/15/2020,KG,72,75,73.5
Cabbage(Local),2/15/2020,KG,30,35,32.5
Tomato Big(Nepali),2/16/2020,KG,45,50,47.5
Tomato Big(Indian),2/16/2020,KG,45,50,47.5
Potato Red,2/16/2020,KG,35,37,36
Onion Dry (Indian),2/16/2020,KG,73,75,74
Cabbage(Local),2/16/2020,KG,28,30,29
Tomato Big(Nepali),2/17/2020,KG,45,50,47.5
Tomato Big(Indian),2/17/2020,KG,45,50,47.5
Potato Red,2/17/2020,KG,35,37,36
Onion Dry (Indian),2/17/2020,KG,72,75,73.5
Cabbage(Local),2/17/2020,KG,28,30,29
Tomato Big(Nepali),2/18/2020,KG,45,50,47.5
Tomato Big(Indian),2/18/2020,KG,45,50,47.5
Potato Red,2/18/2020,KG,35,37,36
Onion Dry (Indian),2/18/2020,KG,72,74,73
Cabbage(Local),2/18/2020,KG,28,30,29
Garlic Dry Chinese,2/18/2020,KG,650,660,655
Tomato Big(Nepali),2/19/2020,KG,45,50,47.5
Tomato Big(Indian),2/19/2020,KG,45,50,47.5
Potato Red,2/19/2020,KG,35,37,36
Onion Dry (Indian),2/19/2020,KG,70,73,71.5
Cabbage(Local),2/19/2020,KG,25,30,27.5
Garlic Dry Chinese,2/19/2020,KG,620,630,625
Tomato Big(Nepali),2/20/2020,KG,45,50,47.5
Tomato Big(Indian),2/20/2020,KG,45,50,47.5
Potato Red,2/20/2020,KG,33,35,34
Onion Dry (Indian),2/20/2020,KG,70,72,71
Cabbage(Local),2/20/2020,KG,25,30,27.5
Garlic Dry Chinese,2/20/2020,KG,550,560,555
Tomato Big(Nepali),2/21/2020,KG,45,50,47.5
Tomato Big(Indian),2/21/2020,KG,45,50,47.5
Potato Red,2/21/2020,KG,33,35,34
Onion Dry (Indian),2/21/2020,KG,72,74,73
Cabbage(Local),2/21/2020,KG,25,30,27.5
Garlic Dry Chinese,2/21/2020,KG,520,530,525
Tomato Big(Nepali),2/22/2020,KG,45,50,47.5
Tomato Big(Indian),2/22/2020,KG,45,50,47.5
Potato Red,2/22/2020,KG,33,35,34
Onion Dry (Indian),2/22/2020,KG,70,74,72
Cabbage(Local),2/22/2020,KG,25,30,27.5
Garlic Dry Chinese,2/22/2020,KG,510,520,515
Tomato Big(Nepali),2/23/2020,KG,45,50,47.5
Tomato Big(Indian),2/23/2020,KG,45,50,47.5
Potato Red,2/23/2020,KG,32,34,33
Onion Dry (Indian),2/23/2020,KG,70,72,71
Cabbage(Local),2/23/2020,KG,25,30,27.5
Garlic Dry Chinese,2/23/2020,KG,430,440,435
Tomato Big(Nepali),2/24/2020,KG,45,50,47.5
Tomato Big(Indian),2/24/2020,KG,45,50,47.5
Potato Red,2/24/2020,KG,33,35,34
Onion Dry (Indian),2/24/2020,KG,68,70,69
Cabbage(Local),2/24/2020,KG,25,30,27.5
Garlic Dry Chinese,2/24/2020,KG,430,440,435
Tomato Big(Nepali),2/25/2020,KG,45,50,47.5
Tomato Big(Indian),2/25/2020,KG,45,50,47.5
Potato Red,2/25/2020,KG,33,35,34
Onion Dry (Indian),2/25/2020,KG,68,70,69
Cabbage(Local),2/25/2020,KG,25,30,27.5
Garlic Dry Chinese,2/25/2020,KG,430,440,435
Tomato Big(Nepali),2/26/2020,KG,45,50,47.5
Tomato Big(Indian),2/26/2020,KG,45,50,47.5
Potato Red,2/26/2020,KG,33,35,34
Onion Dry (Indian),2/26/2020,KG,68,70,69
Cabbage(Local),2/26/2020,KG,25,30,27.5
Garlic Dry Chinese,2/26/2020,KG,390,400,395
Tomato Big(Nepali),2/27/2020,KG,45,50,47.5
Tomato Big(Indian),2/27/2020,KG,45,50,47.5
Potato Red,2/27/2020,KG,33,35,34
Onion Dry (Indian),2/27/2020,KG,63,65,64
Cabbage(Local),2/27/2020,KG,25,30,27.5
Garlic Dry Chinese,2/27/2020,KG,410,420,415
Tomato Big(Nepali),2/28/2020,KG,45,50,47.5
Tomato Big(Indian),2/28/2020,KG,45,50,47.5
Potato Red,2/28/2020,KG,33,35,34
Onion Dry (Indian),2/28/2020,KG,68,70,69
Cabbage(Local),2/28/2020,KG,25,30,27.5
Garlic Dry Chinese,2/28/2020,KG,400,420,410
Tomato Big(Nepali),2/29/2020,KG,45,50,47.5
Tomato Big(Indian),2/29/2020,KG,45,50,47.5
Potato Red,2/29/2020,KG,33,35,34
Onion Dry (Indian),2/29/2020,KG,68,70,69
Cabbage(Local),2/29/2020,KG,25,30,27.5
Garlic Dry Chinese,2/29/2020,KG,410,420,415
Tomato Big(Nepali),3/1/2020,KG,70,80,75
Tomato Big(Indian),3/1/2020,KG,70,80,75
Potato Red,3/1/2020,KG,50,60,55
Onion Dry (Indian),3/1/2020,KG,80,90,85
Cabbage(Local),3/1/2020,KG,40,50,45
Garlic Dry Chinese,3/1/2020,KG,480,500,490
Tomato Big(Nepali),3/2/2020,KG,45,50,47.5
Tomato Big(Indian),3/2/2020,KG,45,50,47.5
Potato Red,3/2/2020,KG,32,34,33
Onion Dry (Indian),3/2/2020,KG,66,68,67
Cabbage(Local),3/2/2020,KG,25,30,27.5
Garlic Dry Chinese,3/2/2020,KG,410,420,415
Tomato Big(Nepali),3/4/2020,KG,45,50,47.5
Tomato Big(Indian),3/4/2020,KG,45,50,47.5
Potato Red,3/4/2020,KG,30,32,31
Onion Dry (Indian),3/4/2020,KG,65,67,66
Cabbage(Local),3/4/2020,KG,20,25,22.5
Garlic Dry Chinese,3/4/2020,KG,400,410,405
Tomato Big(Nepali),3/5/2020,KG,45,50,47.5
Tomato Big(Indian),3/5/2020,KG,45,50,47.5
Potato Red,3/5/2020,KG,29,31,30
Onion Dry (Indian),3/5/2020,KG,70,72,71
Cabbage(Local),3/5/2020,KG,20,25,22.5
Garlic Dry Chinese,3/5/2020,KG,390,400,395
Tomato Big(Nepali),3/6/2020,KG,45,50,47.5
Tomato Big(Indian),3/6/2020,KG,45,50,47.5
Potato Red,3/6/2020,KG,29,31,30
Onion Dry (Indian),3/6/2020,KG,70,72,71
Cabbage(Local),3/6/2020,KG,20,25,22.5
Garlic Dry Chinese,3/6/2020,KG,390,400,395
Tomato Big(Nepali),3/7/2020,KG,45,50,47.5
Tomato Big(Indian),3/7/2020,KG,45,50,47.5
Potato Red,3/7/2020,KG,30,32,31
Onion Dry (Indian),3/7/2020,KG,70,75,72.5
Cabbage(Local),3/7/2020,KG,20,25,22.5
Garlic Dry Chinese,3/7/2020,KG,390,400,395
Tomato Big(Nepali),3/8/2020,KG,45,50,47.5
Tomato Big(Indian),3/8/2020,KG,45,50,47.5
Potato Red,3/8/2020,KG,30,32,31
Onion Dry (Indian),3/8/2020,KG,69,71,70
Cabbage(Local),3/8/2020,KG,18,20,19
Garlic Dry Chinese,3/8/2020,KG,410,420,415
Tomato Big(Nepali),3/9/2020,KG,45,50,47.5
Tomato Big(Indian),3/9/2020,KG,45,50,47.5
Potato Red,3/9/2020,KG,29,31,30
Onion Dry (Indian),3/9/2020,KG,69,71,70
Cabbage(Local),3/9/2020,KG,18,20,19
Tomato Big(Nepali),3/10/2020,KG,45,50,47.5
Tomato Big(Indian),3/10/2020,KG,45,50,47.5
Potato Red,3/10/2020,KG,29,31,30
Onion Dry (Indian),3/10/2020,KG,70,72,71
Cabbage(Local),3/10/2020,KG,18,20,19
Tomato Big(Nepali),3/11/2020,KG,45,50,47.5
Tomato Big(Indian),3/11/2020,KG,45,50,47.5
Potato Red,3/11/2020,KG,29,31,30
Onion Dry (Indian),3/11/2020,KG,64,66,65
Cabbage(Local),3/11/2020,KG,18,20,19
Tomato Big(Nepali),3/12/2020,KG,45,50,47.5
Tomato Big(Indian),3/12/2020,KG,45,50,47.5
Potato Red,3/12/2020,KG,29,31,30
Onion Dry (Indian),3/12/2020,KG,63,65,64
Cabbage(Local),3/12/2020,KG,18,20,19
Tomato Big(Nepali),3/13/2020,KG,45,50,47.5
Tomato Big(Indian),3/13/2020,KG,45,50,47.5
Potato Red,3/13/2020,KG,29,31,30
Onion Dry (Indian),3/13/2020,KG,63,65,64
Cabbage(Local),3/13/2020,KG,18,20,19
Tomato Big(Nepali),3/14/2020,KG,45,50,47.5
Tomato Big(Indian),3/14/2020,KG,45,50,47.5
Potato Red,3/14/2020,KG,29,31,30
Onion Dry (Indian),3/14/2020,KG,62,65,63.5
Cabbage(Local),3/14/2020,KG,18,20,19
Tomato Big(Nepali),3/15/2020,KG,45,50,47.5
Tomato Big(Indian),3/15/2020,KG,45,50,47.5
Potato Red,3/15/2020,KG,29,31,30
Onion Dry (Indian),3/15/2020,KG,63,65,64
Cabbage(Local),3/15/2020,KG,18,20,19
Tomato Big(Nepali),3/16/2020,KG,45,50,47.5
Tomato Big(Indian),3/16/2020,KG,45,50,47.5
Potato Red,3/16/2020,KG,29,31,30
Onion Dry (Indian),3/16/2020,KG,65,70,67.5
Cabbage(Local),3/16/2020,KG,18,20,19
Tomato Big(Nepali),3/17/2020,KG,45,50,47.5
Tomato Big(Indian),3/17/2020,KG,45,50,47.5
Potato Red,3/17/2020,KG,30,32,31
Onion Dry (Indian),3/17/2020,KG,50,55,52.5
Cabbage(Local),3/17/2020,KG,18,20,19
Garlic Dry Chinese,3/17/2020,KG,550,560,555
Tomato Big(Nepali),3/18/2020,KG,45,50,47.5
Tomato Big(Indian),3/18/2020,KG,45,50,47.5
Potato Red,3/18/2020,KG,28,30,29
Onion Dry (Indian),3/18/2020,KG,50,55,52.5
Cabbage(Local),3/18/2020,KG,20,25,22.5
Garlic Dry Chinese,3/18/2020,KG,450,460,455
Tomato Big(Nepali),3/19/2020,KG,45,50,47.5
Tomato Big(Indian),3/19/2020,KG,45,50,47.5
Potato Red,3/19/2020,KG,28,30,29
Onion Dry (Indian),3/19/2020,KG,50,52,51
Cabbage(Local),3/19/2020,KG,18,20,19
Garlic Dry Chinese,3/19/2020,KG,550,560,555
Tomato Big(Nepali),3/20/2020,KG,45,50,47.5
Tomato Big(Indian),3/20/2020,KG,45,50,47.5
Potato Red,3/20/2020,KG,28,30,29
Onion Dry (Indian),3/20/2020,KG,48,50,49
Cabbage(Local),3/20/2020,KG,18,20,19
Garlic Dry Chinese,3/20/2020,KG,470,480,475
Tomato Big(Nepali),3/21/2020,KG,45,50,47.5
Tomato Big(Indian),3/21/2020,KG,45,50,47.5
Potato Red,3/21/2020,KG,30,32,31
Onion Dry (Indian),3/21/2020,KG,44,46,45
Cabbage(Local),3/21/2020,KG,18,20,19
Garlic Dry Chinese,3/21/2020,KG,470,480,475
Tomato Big(Nepali),3/22/2020,KG,45,50,47.5
Tomato Big(Indian),3/22/2020,KG,45,50,47.5
Potato Red,3/22/2020,KG,33,35,34
Onion Dry (Indian),3/22/2020,KG,45,48,46.5
Cabbage(Local),3/22/2020,KG,18,20,19
Garlic Dry Chinese,3/22/2020,KG,470,480,475
Tomato Big(Nepali),3/23/2020,KG,45,50,47.5
Tomato Big(Indian),3/23/2020,KG,45,50,47.5
Potato Red,3/23/2020,KG,33,35,34
Onion Dry (Indian),3/23/2020,KG,48,50,49
Cabbage(Local),3/23/2020,KG,18,20,19
Garlic Dry Chinese,3/23/2020,KG,470,480,475
Tomato Big(Nepali),3/25/2020,KG,45,50,47.5
Tomato Big(Indian),3/25/2020,KG,45,50,47.5
Potato Red,3/25/2020,KG,33,35,34
Onion Dry (Indian),3/25/2020,KG,45,47,46
Cabbage(Local),3/25/2020,KG,18,20,19
Garlic Dry Chinese,3/25/2020,KG,470,480,475
Tomato Big(Nepali),3/26/2020,KG,45,50,47.5
Tomato Big(Indian),3/26/2020,KG,45,50,47.5
Potato Red,3/26/2020,KG,36,38,37
Onion Dry (Indian),3/26/2020,KG,45,47,46
Cabbage(Local),3/26/2020,KG,25,30,27.5
Tomato Big(Nepali),3/27/2020,KG,50,55,52.5
Tomato Big(Indian),3/27/2020,KG,50,55,52.5
Potato Red,3/27/2020,KG,34,36,35
Onion Dry (Indian),3/27/2020,KG,45,47,46
Cabbage(Local),3/27/2020,KG,25,30,27.5
Garlic Dry Chinese,3/27/2020,KG,440,450,445
Tomato Big(Nepali),3/28/2020,KG,45,50,47.5
Tomato Big(Indian),3/28/2020,KG,45,50,47.5
Potato Red,3/28/2020,KG,35,37,36
Onion Dry (Indian),3/28/2020,KG,45,47,46
Cabbage(Local),3/28/2020,KG,25,30,27.5
Garlic Dry Chinese,3/28/2020,KG,400,410,405
Tomato Big(Nepali),3/29/2020,KG,45,50,47.5
Tomato Big(Indian),3/29/2020,KG,45,50,47.5
Potato Red,3/29/2020,KG,35,37,36
Onion Dry (Indian),3/29/2020,KG,45,47,46
Cabbage(Local),3/29/2020,KG,25,30,27.5
Garlic Dry Chinese,3/29/2020,KG,400,410,405
Tomato Big(Nepali),3/30/2020,KG,40,45,42.5
Tomato Big(Indian),3/30/2020,KG,40,45,42.5
Potato Red,3/30/2020,KG,36,38,37
Onion Dry (Indian),3/30/2020,KG,46,48,47
Cabbage(Local),3/30/2020,KG,20,25,22.5
Garlic Dry Chinese,3/30/2020,KG,305,345,325
Tomato Big(Nepali),3/31/2020,KG,40,45,42.5
Tomato Big(Indian),3/31/2020,KG,40,45,42.5
Potato Red,3/31/2020,KG,35,37,36
Onion Dry (Indian),3/31/2020,KG,45,47,46
Cabbage(Local),3/31/2020,KG,20,25,22.5
Garlic Dry Chinese,3/31/2020,KG,340,350,345
Tomato Big(Nepali),4/1/2020,KG,35,40,37.5
Tomato Big(Indian),4/1/2020,KG,35,40,37.5
Potato Red,4/1/2020,KG,35,37,36
Onion Dry (Indian),4/1/2020,KG,45,47,46
Cabbage(Local),4/1/2020,KG,20,25,22.5
Garlic Dry Chinese,4/1/2020,KG,335,340,337.5
Tomato Big(Nepali),4/2/2020,KG,40,45,42.5
Tomato Big(Indian),4/2/2020,KG,40,45,42.5
Potato Red,4/2/2020,KG,35,37,36
Onion Dry (Indian),4/2/2020,KG,45,47,46
Cabbage(Local),4/2/2020,KG,20,25,22.5
Garlic Dry Chinese,4/2/2020,KG,330,340,335
Tomato Big(Nepali),4/3/2020,KG,35,40,37.5
Tomato Big(Indian),4/3/2020,KG,35,40,37.5
Potato Red,4/3/2020,KG,35,37,36
Onion Dry (Indian),4/3/2020,KG,45,47,46
Cabbage(Local),4/3/2020,KG,20,25,22.5
Garlic Dry Chinese,4/3/2020,KG,330,340,335
Tomato Big(Nepali),4/4/2020,KG,35,40,37.5
Tomato Big(Indian),4/4/2020,KG,35,40,37.5
Potato Red,4/4/2020,KG,35,37,36
Onion Dry (Indian),4/4/2020,KG,45,47,46
Cabbage(Local),4/4/2020,KG,20,25,22.5
Garlic Dry Chinese,4/4/2020,KG,330,340,335
Tomato Big(Nepali),4/5/2020,KG,35,40,37.5
Tomato Big(Indian),4/5/2020,KG,35,40,37.5
Potato Red,4/5/2020,KG,35,37,36
Onion Dry (Indian),4/5/2020,KG,40,45,42.5
Cabbage(Local),4/5/2020,KG,20,25,22.5
Garlic Dry Chinese,4/5/2020,KG,330,340,335
Potato Red,4/6/2020,KG,35,37,36
Onion Dry (Indian),4/6/2020,KG,40,43,41.5
Cabbage(Local),4/6/2020,KG,20,25,22.5
Garlic Dry Chinese,4/6/2020,KG,330,340,335
Potato Red,4/7/2020,KG,38,40,39
Onion Dry (Indian),4/7/2020,KG,40,42,41
Cabbage(Local),4/7/2020,KG,20,25,22.5
Garlic Dry Chinese,4/7/2020,KG,330,340,335
Potato Red,4/8/2020,KG,38,40,39
Onion Dry (Indian),4/8/2020,KG,40,42,41
Cabbage(Local),4/8/2020,KG,20,25,22.5
Garlic Dry Chinese,4/8/2020,KG,335,340,337.5
Potato Red,4/13/2020,KG,38,40,39
Onion Dry (Indian),4/13/2020,KG,38,40,39
Cabbage(Local),4/13/2020,KG,20,25,22.5
Garlic Dry Chinese,4/13/2020,KG,330,340,335
Potato Red,4/14/2020,KG,37,39,38
Onion Dry (Indian),4/14/2020,KG,37,39,38
Cabbage(Local),4/14/2020,KG,20,25,22.5
Garlic Dry Chinese,4/14/2020,KG,340,350,345
Potato Red,4/15/2020,KG,37,39,38
Onion Dry (Indian),4/15/2020,KG,37,39,38
Cabbage(Local),4/15/2020,KG,20,25,22.5
Garlic Dry Chinese,4/15/2020,KG,380,390,385
Potato Red,4/16/2020,KG,37,39,38
Onion Dry (Indian),4/16/2020,KG,37,39,38
Cabbage(Local),4/16/2020,KG,20,25,22.5
Garlic Dry Chinese,4/16/2020,KG,390,400,395
Potato Red,4/17/2020,KG,37,39,38
Onion Dry (Indian),4/17/2020,KG,37,39,38
Cabbage(Local),4/17/2020,KG,20,25,22.5
Garlic Dry Chinese,4/17/2020,KG,390,400,395
Potato Red,4/20/2020,KG,35,38,36.5
Onion Dry (Indian),4/20/2020,KG,30,35,32.5
Cabbage(Local),4/20/2020,KG,15,20,17.5
Garlic Dry Chinese,4/20/2020,KG,390,400,395
Potato Red,4/21/2020,KG,35,37,36
Onion Dry (Indian),4/21/2020,KG,30,35,32.5
Cabbage(Local),4/21/2020,KG,15,20,17.5
Garlic Dry Chinese,4/21/2020,KG,390,400,395
Potato Red,4/22/2020,KG,30,33,31.5
Onion Dry (Indian),4/22/2020,KG,30,33,31.5
Cabbage(Local),4/22/2020,KG,15,20,17.5
Garlic Dry Chinese,4/22/2020,KG,390,400,395
Potato Red,4/23/2020,KG,33,35,34
Onion Dry (Indian),4/23/2020,KG,30,32,31
Cabbage(Local),4/23/2020,KG,15,20,17.5
Garlic Dry Chinese,4/23/2020,KG,390,400,395
Potato Red,4/24/2020,KG,32,34,33
Onion Dry (Indian),4/24/2020,KG,30,32,31
Cabbage(Local),4/24/2020,KG,15,20,17.5
Garlic Dry Chinese,4/24/2020,KG,390,400,395
Potato Red,4/25/2020,KG,32,34,33
Onion Dry (Indian),4/25/2020,KG,28,30,29
Cabbage(Local),4/25/2020,KG,15,20,17.5
Garlic Dry Chinese,4/25/2020,KG,390,400,395
Potato Red,4/26/2020,KG,32,34,33
Onion Dry (Indian),4/26/2020,KG,27,29,28
Cabbage(Local),4/26/2020,KG,15,20,17.5
Garlic Dry Chinese,4/26/2020,KG,390,400,395
Potato Red,4/27/2020,KG,30,32,31
Onion Dry (Indian),4/27/2020,KG,28,30,29
Cabbage(Local),4/27/2020,KG,10,15,12.5
Garlic Dry Chinese,4/27/2020,KG,390,400,395
Potato Red,4/28/2020,KG,32,34,33
Onion Dry (Indian),4/28/2020,KG,27,29,28
Cabbage(Local),4/28/2020,KG,10,15,12.5
Garlic Dry Chinese,4/28/2020,KG,390,400,395
Potato Red,4/29/2020,KG,30,33,31.5
Onion Dry (Indian),4/29/2020,KG,28,30,29
Cabbage(Local),4/29/2020,KG,8,12,10
Garlic Dry Chinese,4/29/2020,KG,390,400,395
Potato Red,4/30/2020,KG,30,33,31.5
Onion Dry (Indian),4/30/2020,KG,28,30,29
Cabbage(Local),4/30/2020,KG,8,12,10
Garlic Dry Chinese,4/30/2020,KG,390,400,395
Potato Red,5/1/2020,KG,30,33,31.5
Onion Dry (Indian),5/1/2020,KG,28,30,29
Cabbage(Local),5/1/2020,KG,8,10,9
Garlic Dry Chinese,5/1/2020,KG,390,400,395
Potato Red,5/2/2020,KG,30,32,31
Onion Dry (Indian),5/2/2020,KG,26,28,27
Cabbage(Local),5/2/2020,KG,8,10,9
Garlic Dry Chinese,5/2/2020,KG,390,400,395
Potato Red,5/3/2020,KG,30,32,31
Onion Dry (Indian),5/3/2020,KG,26,28,27
Cabbage(Local),5/3/2020,KG,8,10,9
Garlic Dry Chinese,5/3/2020,KG,390,400,395
Potato Red,5/4/2020,KG,30,32,31
Onion Dry (Indian),5/4/2020,KG,26,28,27
Cabbage(Local),5/4/2020,KG,8,10,9
Garlic Dry Chinese,5/4/2020,KG,390,400,395
Potato Red,5/5/2020,KG,29,31,30
Onion Dry (Indian),5/5/2020,KG,27,29,28
Cabbage(Local),5/5/2020,KG,8,10,9
Garlic Dry Chinese,5/5/2020,KG,390,400,395
Potato Red,5/6/2020,KG,30,32,31
Onion Dry (Indian),5/6/2020,KG,26,28,27
Cabbage(Local),5/6/2020,KG,8,10,9
Garlic Dry Chinese,5/6/2020,KG,390,400,395
Potato Red,5/7/2020,KG,30,32,31
Onion Dry (Indian),5/7/2020,KG,25,27,26
Cabbage(Local),5/7/2020,KG,8,10,9
Garlic Dry Chinese,5/7/2020,KG,360,370,365
Potato Red,5/8/2020,KG,30,32,31
Onion Dry (Indian),5/8/2020,KG,26,28,27
Cabbage(Local),5/8/2020,KG,8,10,9
Garlic Dry Chinese,5/8/2020,KG,350,360,355
Potato Red,5/9/2020,KG,30,32,31
Onion Dry (Indian),5/9/2020,KG,26,28,27
Cabbage(Local),5/9/2020,KG,8,10,9
Garlic Dry Chinese,5/9/2020,KG,350,360,355
Potato Red,5/10/2020,KG,30,32,31
Onion Dry (Indian),5/10/2020,KG,27,29,28
Cabbage(Local),5/10/2020,KG,8,10,9
Garlic Dry Chinese,5/10/2020,KG,340,350,345
Potato Red,5/11/2020,KG,30,32,31
Onion Dry (Indian),5/11/2020,KG,26,28,27
Cabbage(Local),5/11/2020,KG,8,10,9
Garlic Dry Chinese,5/11/2020,KG,320,330,325
Potato Red,5/12/2020,KG,30,32,31
Onion Dry (Indian),5/12/2020,KG,26,28,27
Cabbage(Local),5/12/2020,KG,8,10,9
Garlic Dry Chinese,5/12/2020,KG,340,350,345
Potato Red,5/13/2020,KG,31,33,32
Onion Dry (Indian),5/13/2020,KG,26,28,27
Cabbage(Local),5/13/2020,KG,8,10,9
Garlic Dry Chinese,5/13/2020,KG,340,350,345
Potato Red,5/14/2020,KG,30,32,31
Onion Dry (Indian),5/14/2020,KG,26,28,27
Cabbage(Local),5/14/2020,KG,8,10,9
Garlic Dry Chinese,5/14/2020,KG,340,350,345
Potato Red,5/15/2020,KG,29,31,30
Onion Dry (Indian),5/15/2020,KG,25,27,26
Cabbage(Local),5/15/2020,KG,8,10,9
Garlic Dry Chinese,5/15/2020,KG,340,350,345
Potato Red,5/16/2020,KG,29,31,30
Onion Dry (Indian),5/16/2020,KG,25,27,26
Cabbage(Local),5/16/2020,KG,6,8,7
Garlic Dry Chinese,5/16/2020,KG,340,350,345
Potato Red,5/17/2020,KG,29,31,30
Onion Dry (Indian),5/17/2020,KG,25,27,26
Cabbage(Local),5/17/2020,KG,6,9,7.5
Garlic Dry Chinese,5/17/2020,KG,340,350,345
Potato Red,5/18/2020,KG,29,31,30
Onion Dry (Indian),5/18/2020,KG,26,28,27
Cabbage(Local),5/18/2020,KG,8,10,9
Garlic Dry Chinese,5/18/2020,KG,340,350,345
Potato Red,5/19/2020,KG,29,31,30
Onion Dry (Indian),5/19/2020,KG,26,28,27
Cabbage(Local),5/19/2020,KG,6,8,7
Garlic Dry Chinese,5/19/2020,KG,340,350,345
Potato Red,5/20/2020,KG,29,31,30
Onion Dry (Indian),5/20/2020,KG,26,28,27
Cabbage(Local),5/20/2020,KG,8,10,9
Garlic Dry Chinese,5/20/2020,KG,340,350,345
Tomato Big(Nepali),5/21/2020,KG,25,30,27.5
Potato Red,5/21/2020,KG,30,32,31
Onion Dry (Indian),5/21/2020,KG,26,28,27
Cabbage(Local),5/21/2020,KG,8,10,9
Garlic Dry Chinese,5/21/2020,KG,340,350,345
Potato Red,5/22/2020,KG,30,32,31
Cabbage(Local),5/22/2020,KG,8,10,9
Garlic Dry Chinese,5/22/2020,KG,340,350,345
Potato Red,5/23/2020,KG,30,32,31
Onion Dry (Indian),5/23/2020,KG,26,28,27
Cabbage(Local),5/23/2020,KG,8,10,9
Garlic Dry Chinese,5/23/2020,KG,340,350,345
Potato Red,5/24/2020,KG,30,32,31
Onion Dry (Indian),5/24/2020,KG,26,28,27
Cabbage(Local),5/24/2020,KG,8,10,9
Garlic Dry Chinese,5/24/2020,KG,340,350,345
Potato Red,5/25/2020,KG,30,32,31
Onion Dry (Indian),5/25/2020,KG,26,28,27
Cabbage(Local),5/25/2020,KG,8,10,9
Garlic Dry Chinese,5/25/2020,KG,340,350,345
Potato Red,5/26/2020,KG,31,33,32
Onion Dry (Indian),5/26/2020,KG,25,27,26
Cabbage(Local),5/26/2020,KG,8,10,9
Garlic Dry Chinese,5/26/2020,KG,220,230,225
Potato Red,5/27/2020,KG,30,33,31.5
Onion Dry (Indian),5/27/2020,KG,26,28,27
Cabbage(Local),5/27/2020,KG,8,10,9
Garlic Dry Chinese,5/27/2020,KG,210,220,215
Potato Red,5/28/2020,KG,31,33,32
Onion Dry (Indian),5/28/2020,KG,24,26,25
Cabbage(Local),5/28/2020,KG,8,10,9
Garlic Dry Chinese,5/28/2020,KG,190,200,195
Potato Red,5/29/2020,KG,31,33,32
Onion Dry (Indian),5/29/2020,KG,24,26,25
Cabbage(Local),5/29/2020,KG,8,10,9
Garlic Dry Chinese,5/29/2020,KG,190,200,195
Potato Red,5/30/2020,KG,31,33,32
Onion Dry (Indian),5/30/2020,KG,23,25,24
Cabbage(Local),5/30/2020,KG,8,10,9
Garlic Dry Chinese,5/30/2020,KG,190,200,195
Potato Red,5/31/2020,KG,31,33,32
Onion Dry (Indian),5/31/2020,KG,23,25,24
Cabbage(Local),5/31/2020,KG,8,10,9
Garlic Dry Chinese,5/31/2020,KG,190,200,195
Potato Red,6/1/2020,KG,31,33,32
Onion Dry (Indian),6/1/2020,KG,23,25,24
Cabbage(Local),6/1/2020,KG,8,10,9
Garlic Dry Chinese,6/1/2020,KG,190,200,195
Potato Red,6/2/2020,KG,31,33,32
Onion Dry (Indian),6/2/2020,KG,23,25,24
Cabbage(Local),6/2/2020,KG,8,10,9
Garlic Dry Chinese,6/2/2020,KG,190,200,195
Potato Red,6/3/2020,KG,31,33,32
Onion Dry (Indian),6/3/2020,KG,26,28,27
Cabbage(Local),6/3/2020,KG,8,10,9
Garlic Dry Chinese,6/3/2020,KG,190,200,195
Potato Red,6/4/2020,KG,32,34,33
Onion Dry (Indian),6/4/2020,KG,27,29,28
Cabbage(Local),6/4/2020,KG,8,10,9
Garlic Dry Chinese,6/4/2020,KG,190,200,195
Potato Red,6/5/2020,KG,32,34,33
Onion Dry (Indian),6/5/2020,KG,26,28,27
Cabbage(Local),6/5/2020,KG,8,10,9
Garlic Dry Chinese,6/5/2020,KG,190,200,195
Potato Red,6/6/2020,KG,32,34,33
Onion Dry (Indian),6/6/2020,KG,28,30,29
Garlic Dry Chinese,6/6/2020,KG,190,200,195
Potato Red,6/7/2020,KG,30,33,31.5
Onion Dry (Indian),6/7/2020,KG,26,28,27
Cabbage(Local),6/7/2020,KG,8,10,9
Garlic Dry Chinese,6/7/2020,KG,170,180,175
Potato Red,6/8/2020,KG,30,32,31
Onion Dry (Indian),6/8/2020,KG,26,28,27
Cabbage(Local),6/8/2020,KG,8,10,9
Garlic Dry Chinese,6/8/2020,KG,170,180,175
Potato Red,6/9/2020,KG,30,33,31.5
Onion Dry (Indian),6/9/2020,KG,26,28,27
Cabbage(Local),6/9/2020,KG,8,10,9
Garlic Dry Chinese,6/9/2020,KG,160,170,165
Potato Red,6/10/2020,KG,30,33,31.5
Onion Dry (Indian),6/10/2020,KG,26,28,27
Cabbage(Local),6/10/2020,KG,8,10,9
Garlic Dry Chinese,6/10/2020,KG,160,170,165
Potato Red,6/11/2020,KG,32,34,33
Onion Dry (Indian),6/11/2020,KG,28,30,29
Cabbage(Local),6/11/2020,KG,8,10,9
Garlic Dry Chinese,6/11/2020,KG,165,175,170
Potato Red,6/12/2020,KG,33,35,34
Onion Dry (Indian),6/12/2020,KG,30,32,31
Cabbage(Local),6/12/2020,KG,8,10,9
Garlic Dry Chinese,6/12/2020,KG,150,160,155
Potato Red,6/13/2020,KG,32,34,33
Onion Dry (Indian),6/13/2020,KG,28,30,29
Cabbage(Local),6/13/2020,KG,8,10,9
Garlic Dry Chinese,6/13/2020,KG,140,150,145
Potato Red,6/14/2020,KG,33,35,34
Onion Dry (Indian),6/14/2020,KG,29,31,30
Cabbage(Local),6/14/2020,KG,10,12,11
Garlic Dry Chinese,6/14/2020,KG,140,150,145
Potato Red,6/15/2020,KG,32,34,33
Onion Dry (Indian),6/15/2020,KG,28,30,29
Cabbage(Local),6/15/2020,KG,8,10,9
Garlic Dry Chinese,6/15/2020,KG,140,150,145
Potato Red,6/16/2020,KG,33,35,34
Onion Dry (Indian),6/16/2020,KG,29,31,30
Cabbage(Local),6/16/2020,KG,8,10,9
Garlic Dry Chinese,6/16/2020,KG,140,150,145
Potato Red,6/17/2020,KG,33,35,34
Onion Dry (Indian),6/17/2020,KG,28,30,29
Cabbage(Local),6/17/2020,KG,8,10,9
Garlic Dry Chinese,6/17/2020,KG,140,150,145
Potato Red,6/18/2020,KG,33,35,34
Onion Dry (Indian),6/18/2020,KG,28,30,29
Cabbage(Local),6/18/2020,KG,8,10,9
Garlic Dry Chinese,6/18/2020,KG,140,150,145
Potato Red,6/19/2020,KG,33,35,34
Onion Dry (Indian),6/19/2020,KG,28,30,29
Cabbage(Local),6/19/2020,KG,10,15,12.5
Garlic Dry Chinese,6/19/2020,KG,140,150,145
Potato Red,6/20/2020,KG,32,34,33
Onion Dry (Indian),6/20/2020,KG,28,30,29
Cabbage(Local),6/20/2020,KG,10,15,12.5
Garlic Dry Chinese,6/20/2020,KG,140,150,145
Potato Red,6/21/2020,KG,32,34,33
Onion Dry (Indian),6/21/2020,KG,28,30,29
Cabbage(Local),6/21/2020,KG,10,15,12.5
Garlic Dry Chinese,6/21/2020,KG,140,150,145
Potato Red,6/22/2020,KG,32,35,33.5
Onion Dry (Indian),6/22/2020,KG,28,30,29
Cabbage(Local),6/22/2020,KG,10,15,12.5
Garlic Dry Chinese,6/22/2020,KG,140,150,145
Potato Red,6/23/2020,KG,32,34,33
Onion Dry (Indian),6/23/2020,KG,28,30,29
Cabbage(Local),6/23/2020,KG,10,15,12.5
Garlic Dry Chinese,6/23/2020,KG,140,150,145
Potato Red,6/24/2020,KG,34,36,35
Onion Dry (Indian),6/24/2020,KG,30,32,31
Cabbage(Local),6/24/2020,KG,10,15,12.5
Garlic Dry Chinese,6/24/2020,KG,140,150,145
Potato Red,6/25/2020,KG,40,45,42.5
Onion Dry (Indian),6/25/2020,KG,30,32,31
Cabbage(Local),6/25/2020,KG,10,15,12.5
Garlic Dry Chinese,6/25/2020,KG,140,150,145
Potato Red,6/26/2020,KG,44,46,45
Onion Dry (Indian),6/26/2020,KG,30,32,31
Cabbage(Local),6/26/2020,KG,15,20,17.5
Garlic Dry Chinese,6/26/2020,KG,150,160,155
Potato Red,6/27/2020,KG,46,48,47
Onion Dry (Indian),6/27/2020,KG,30,32,31
Cabbage(Local),6/27/2020,KG,15,20,17.5
Garlic Dry Chinese,6/27/2020,KG,150,160,155
Potato Red,6/28/2020,KG,46,48,47
Onion Dry (Indian),6/28/2020,KG,30,32,31
Cabbage(Local),6/28/2020,KG,15,20,17.5
Garlic Dry Chinese,6/28/2020,KG,150,160,155
Potato Red,6/29/2020,KG,46,48,47
Onion Dry (Indian),6/29/2020,KG,31,33,32
Cabbage(Local),6/29/2020,KG,10,15,12.5
Garlic Dry Chinese,6/29/2020,KG,150,160,155
Potato Red,6/30/2020,KG,45,47,46
Onion Dry (Indian),6/30/2020,KG,30,32,31
Cabbage(Local),6/30/2020,KG,10,15,12.5
Garlic Dry Chinese,6/30/2020,KG,170,180,175
Potato Red,7/1/2020,KG,45,47,46
Onion Dry (Indian),7/1/2020,KG,30,32,31
Cabbage(Local),7/1/2020,KG,10,15,12.5
Garlic Dry Chinese,7/1/2020,KG,170,180,175
Potato Red,7/2/2020,KG,45,47,46
Onion Dry (Indian),7/2/2020,KG,30,32,31
Cabbage(Local),7/2/2020,KG,10,15,12.5
Garlic Dry Chinese,7/2/2020,KG,170,180,175
Potato Red,7/3/2020,KG,50,52,51
Onion Dry (Indian),7/3/2020,KG,30,32,31
Cabbage(Local),7/3/2020,KG,15,20,17.5
Garlic Dry Chinese,7/3/2020,KG,170,180,175
Potato Red,7/4/2020,KG,51,53,52
Onion Dry (Indian),7/4/2020,KG,30,32,31
Cabbage(Local),7/4/2020,KG,15,20,17.5
Garlic Dry Chinese,7/4/2020,KG,170,180,175
Potato Red,7/5/2020,KG,50,52,51
Onion Dry (Indian),7/5/2020,KG,30,32,31
Cabbage(Local),7/5/2020,KG,20,25,22.5
Garlic Dry Chinese,7/5/2020,KG,170,180,175
Potato Red,7/6/2020,KG,49,51,50
Onion Dry (Indian),7/6/2020,KG,29,31,30
Cabbage(Local),7/6/2020,KG,15,20,17.5
Garlic Dry Chinese,7/6/2020,KG,170,180,175
Potato Red,7/7/2020,KG,49,51,50
Onion Dry (Indian),7/7/2020,KG,30,32,31
Cabbage(Local),7/7/2020,KG,15,20,17.5
Garlic Dry Chinese,7/7/2020,KG,170,180,175
Potato Red,7/8/2020,KG,49,51,50
Onion Dry (Indian),7/8/2020,KG,30,32,31
Cabbage(Local),7/8/2020,KG,15,20,17.5
Garlic Dry Chinese,7/8/2020,KG,170,180,175
Potato Red,7/9/2020,KG,49,51,50
Onion Dry (Indian),7/9/2020,KG,30,32,31
Cabbage(Local),7/9/2020,KG,15,20,17.5
Garlic Dry Chinese,7/9/2020,KG,170,180,175
Potato Red,7/10/2020,KG,49,51,50
Onion Dry (Indian),7/10/2020,KG,30,32,31
Cabbage(Local),7/10/2020,KG,15,20,17.5
Garlic Dry Chinese,7/10/2020,KG,170,180,175
Potato Red,7/11/2020,KG,49,51,50
Onion Dry (Indian),7/11/2020,KG,30,32,31
Cabbage(Local),7/11/2020,KG,15,20,17.5
Garlic Dry Chinese,7/11/2020,KG,170,180,175
Potato Red,7/13/2020,KG,49,51,50
Onion Dry (Indian),7/13/2020,KG,29,31,30
Cabbage(Local),7/13/2020,KG,15,20,17.5
Garlic Dry Chinese,7/13/2020,KG,170,180,175
Potato Red,7/14/2020,KG,49,51,50
Onion Dry (Indian),7/14/2020,KG,29,31,30
Cabbage(Local),7/14/2020,KG,15,20,17.5
Garlic Dry Chinese,7/14/2020,KG,170,180,175
Potato Red,7/15/2020,KG,50,52,51
Onion Dry (Indian),7/15/2020,KG,30,32,31
Cabbage(Local),7/15/2020,KG,15,20,17.5
Garlic Dry Chinese,7/15/2020,KG,170,180,175
Potato Red,7/16/2020,KG,50,52,51
Onion Dry (Indian),7/16/2020,KG,30,32,31
Cabbage(Local),7/16/2020,KG,15,20,17.5
Garlic Dry Chinese,7/16/2020,KG,210,220,215
Potato Red,7/17/2020,KG,50,52,51
Onion Dry (Indian),7/17/2020,KG,29,31,30
Cabbage(Local),7/17/2020,KG,10,15,12.5
Garlic Dry Chinese,7/17/2020,KG,210,220,215
Potato Red,7/18/2020,KG,50,52,51
Onion Dry (Indian),7/18/2020,KG,30,32,31
Cabbage(Local),7/18/2020,KG,12,18,15
Garlic Dry Chinese,7/18/2020,KG,210,220,215
Potato Red,7/19/2020,KG,53,55,54
Onion Dry (Indian),7/19/2020,KG,30,32,31
Cabbage(Local),7/19/2020,KG,15,20,17.5
Garlic Dry Chinese,7/19/2020,KG,120,130,125
Potato Red,7/20/2020,KG,53,55,54
Onion Dry (Indian),7/20/2020,KG,30,32,31
Cabbage(Local),7/20/2020,KG,15,20,17.5
Garlic Dry Chinese,7/20/2020,KG,110,120,115
Potato Red,7/21/2020,KG,54,56,55
Onion Dry (Indian),7/21/2020,KG,30,32,31
Cabbage(Local),7/21/2020,KG,35,40,37.5
Garlic Dry Chinese,7/21/2020,KG,210,220,215
Potato Red,7/22/2020,KG,53,55,54
Onion Dry (Indian),7/22/2020,KG,30,32,31
Cabbage(Local),7/22/2020,KG,35,40,37.5
Garlic Dry Chinese,7/22/2020,KG,210,220,215
Potato Red,7/23/2020,KG,68,70,69
Onion Dry (Indian),7/23/2020,KG,33,35,34
Cabbage(Local),7/23/2020,KG,35,40,37.5
Garlic Dry Chinese,7/23/2020,KG,210,220,215
Potato Red,7/24/2020,KG,68,70,69
Onion Dry (Indian),7/24/2020,KG,33,35,34
Cabbage(Local),7/24/2020,KG,35,40,37.5
Garlic Dry Chinese,7/24/2020,KG,210,220,215
Potato Red,7/25/2020,KG,68,70,69
Onion Dry (Indian),7/25/2020,KG,31,33,32
Cabbage(Local),7/25/2020,KG,35,40,37.5
Garlic Dry Chinese,7/25/2020,KG,210,220,215
Potato Red,7/26/2020,KG,68,70,69
Onion Dry (Indian),7/26/2020,KG,31,33,32
Cabbage(Local),7/26/2020,KG,25,30,27.5
Garlic Dry Chinese,7/26/2020,KG,130,140,135
Potato Red,7/27/2020,KG,68,70,69
Onion Dry (Indian),7/27/2020,KG,30,32,31
Cabbage(Local),7/27/2020,KG,25,30,27.5
Garlic Dry Chinese,7/27/2020,KG,240,250,245
Potato Red,7/28/2020,KG,68,70,69
Onion Dry (Indian),7/28/2020,KG,31,33,32
Cabbage(Local),7/28/2020,KG,25,30,27.5
Garlic Dry Chinese,7/28/2020,KG,210,220,215
Potato Red,7/29/2020,KG,68,70,69
Onion Dry (Indian),7/29/2020,KG,31,33,32
Cabbage(Local),7/29/2020,KG,25,30,27.5
Garlic Dry Chinese,7/29/2020,KG,210,220,215
Potato Red,7/30/2020,KG,68,70,69
Onion Dry (Indian),7/30/2020,KG,31,33,32
Cabbage(Local),7/30/2020,KG,25,30,27.5
Garlic Dry Chinese,7/30/2020,KG,210,220,215
Potato Red,7/31/2020,KG,66,68,67
Onion Dry (Indian),7/31/2020,KG,31,33,32
Cabbage(Local),7/31/2020,KG,25,30,27.5
Garlic Dry Chinese,7/31/2020,KG,210,220,215
Potato Red,8/1/2020,KG,66,68,67
Onion Dry (Indian),8/1/2020,KG,31,33,32
Cabbage(Local),8/1/2020,KG,25,30,27.5
Garlic Dry Chinese,8/1/2020,KG,190,200,195
Potato Red,8/2/2020,KG,66,68,67
Onion Dry (Indian),8/2/2020,KG,31,33,32
Cabbage(Local),8/2/2020,KG,30,35,32.5
Garlic Dry Chinese,8/2/2020,KG,190,200,195
Potato Red,8/3/2020,KG,66,68,67
Onion Dry (Indian),8/3/2020,KG,31,33,32
Cabbage(Local),8/3/2020,KG,30,35,32.5
Garlic Dry Chinese,8/3/2020,KG,170,180,175
Potato Red,8/4/2020,KG,66,68,67
Onion Dry (Indian),8/4/2020,KG,30,32,31
Cabbage(Local),8/4/2020,KG,35,40,37.5
Garlic Dry Chinese,8/4/2020,KG,170,180,175
Potato Red,8/5/2020,KG,66,68,67
Onion Dry (Indian),8/5/2020,KG,30,32,31
Cabbage(Local),8/5/2020,KG,30,35,32.5
Garlic Dry Chinese,8/5/2020,KG,170,180,175
Tomato Big(Indian),8/6/2020,KG,75,80,77.5
Potato Red,8/6/2020,KG,66,68,67
Onion Dry (Indian),8/6/2020,KG,30,32,31
Cabbage(Local),8/6/2020,KG,30,35,32.5
Garlic Dry Chinese,8/6/2020,KG,170,180,175
Tomato Big(Nepali),8/7/2020,KG,75,80,77.5
Potato Red,8/7/2020,KG,66,68,67
Onion Dry (Indian),8/7/2020,KG,30,32,31
Cabbage(Local),8/7/2020,KG,30,35,32.5
Garlic Dry Chinese,8/7/2020,KG,160,170,165
Tomato Big(Nepali),8/8/2020,KG,75,80,77.5
Potato Red,8/8/2020,KG,66,68,67
Onion Dry (Indian),8/8/2020,KG,30,32,31
Cabbage(Local),8/8/2020,KG,30,35,32.5
Garlic Dry Chinese,8/8/2020,KG,170,180,175
Tomato Big(Nepali),8/9/2020,KG,70,80,75
Potato Red,8/9/2020,KG,66,68,67
Onion Dry (Indian),8/9/2020,KG,30,32,31
Cabbage(Local),8/9/2020,KG,30,35,32.5
Garlic Dry Chinese,8/9/2020,KG,170,180,175
Tomato Big(Nepali),8/10/2020,KG,75,80,77.5
Potato Red,8/10/2020,KG,66,68,67
Onion Dry (Indian),8/10/2020,KG,30,32,31
Cabbage(Local),8/10/2020,KG,30,35,32.5
Garlic Dry Chinese,8/10/2020,KG,170,180,175
Potato Red,8/11/2020,KG,66,68,67
Onion Dry (Indian),8/11/2020,KG,30,32,31
Cabbage(Local),8/11/2020,KG,30,35,32.5
Garlic Dry Chinese,8/11/2020,KG,170,180,175
Tomato Big(Nepali),8/12/2020,KG,65,70,67.5
Potato Red,8/12/2020,KG,66,68,67
Onion Dry (Indian),8/12/2020,KG,29,31,30
Cabbage(Local),8/12/2020,KG,35,40,37.5
Garlic Dry Chinese,8/12/2020,KG,170,180,175
Tomato Big(Nepali),8/13/2020,KG,65,70,67.5
Potato Red,8/13/2020,KG,66,68,67
Onion Dry (Indian),8/13/2020,KG,29,31,30
Cabbage(Local),8/13/2020,KG,35,40,37.5
Garlic Dry Chinese,8/13/2020,KG,170,180,175
Tomato Big(Nepali),8/14/2020,KG,65,70,67.5
Potato Red,8/14/2020,KG,66,68,67
Onion Dry (Indian),8/14/2020,KG,30,32,31
Cabbage(Local),8/14/2020,KG,35,40,37.5
Garlic Dry Chinese,8/14/2020,KG,170,180,175
Tomato Big(Nepali),8/15/2020,KG,60,70,65
Potato Red,8/15/2020,KG,66,68,67
Onion Dry (Indian),8/15/2020,KG,30,32,31
Cabbage(Local),8/15/2020,KG,35,40,37.5
Garlic Dry Chinese,8/15/2020,KG,170,180,175
Tomato Big(Nepali),8/16/2020,KG,60,65,62.5
Potato Red,8/16/2020,KG,66,68,67
Onion Dry (Indian),8/16/2020,KG,30,32,31
Cabbage(Local),8/16/2020,KG,35,40,37.5
Garlic Dry Chinese,8/16/2020,KG,170,180,175
Tomato Big(Nepali),8/17/2020,KG,60,65,62.5
Potato Red,8/17/2020,KG,66,68,67
Onion Dry (Indian),8/17/2020,KG,31,33,32
Cabbage(Local),8/17/2020,KG,35,40,37.5
Garlic Dry Chinese,8/17/2020,KG,170,180,175
Potato Red,8/18/2020,KG,66,68,67
Onion Dry (Indian),8/18/2020,KG,31,33,32
Cabbage(Local),8/18/2020,KG,35,40,37.5
Garlic Dry Chinese,8/18/2020,KG,170,180,175
Potato Red,8/19/2020,KG,66,68,67
Onion Dry (Indian),8/19/2020,KG,32,34,33
Cabbage(Local),8/19/2020,KG,35,40,37.5
Garlic Dry Chinese,8/19/2020,KG,170,180,175
Tomato Big(Nepali),8/20/2020,KG,75,80,77.5
Potato Red,8/20/2020,KG,66,68,67
Onion Dry (Indian),8/20/2020,KG,31,33,32
Cabbage(Local),8/20/2020,KG,35,40,37.5
Garlic Dry Chinese,8/20/2020,KG,170,180,175
Tomato Big(Nepali),8/21/2020,KG,70,75,72.5
Potato Red,8/21/2020,KG,66,68,67
Onion Dry (Indian),8/21/2020,KG,38,40,39
Cabbage(Local),8/21/2020,KG,35,40,37.5
Garlic Dry Chinese,8/21/2020,KG,170,180,175
Tomato Big(Nepali),8/22/2020,KG,75,80,77.5
Potato Red,8/22/2020,KG,66,68,67
Onion Dry (Indian),8/22/2020,KG,38,40,39
Cabbage(Local),8/22/2020,KG,45,50,47.5
Garlic Dry Chinese,8/22/2020,KG,170,180,175
Tomato Big(Nepali),8/23/2020,KG,65,70,67.5
Potato Red,8/23/2020,KG,66,68,67
Onion Dry (Indian),8/23/2020,KG,38,40,39
Cabbage(Local),8/23/2020,KG,45,50,47.5
Garlic Dry Chinese,8/23/2020,KG,170,180,175
Tomato Big(Nepali),8/24/2020,KG,65,70,67.5
Potato Red,8/24/2020,KG,66,68,67
Onion Dry (Indian),8/24/2020,KG,38,40,39
Cabbage(Local),8/24/2020,KG,40,45,42.5
Garlic Dry Chinese,8/24/2020,KG,170,180,175
Tomato Big(Nepali),8/25/2020,KG,65,70,67.5
Potato Red,8/25/2020,KG,66,68,67
Onion Dry (Indian),8/25/2020,KG,38,40,39
Cabbage(Local),8/25/2020,KG,45,50,47.5
Garlic Dry Chinese,8/25/2020,KG,170,180,175
Tomato Big(Nepali),8/26/2020,KG,65,70,67.5
Potato Red,8/26/2020,KG,70,72,71
Onion Dry (Indian),8/26/2020,KG,36,40,38
Cabbage(Local),8/26/2020,KG,30,35,32.5
Garlic Dry Chinese,8/26/2020,KG,170,180,175
Tomato Big(Nepali),8/27/2020,KG,65,70,67.5
Potato Red,8/27/2020,KG,70,72,71
Onion Dry (Indian),8/27/2020,KG,36,40,38
Cabbage(Local),8/27/2020,KG,30,35,32.5
Garlic Dry Chinese,8/27/2020,KG,170,180,175
Tomato Big(Nepali),8/28/2020,KG,70,80,75
Potato Red,8/28/2020,KG,70,72,71
Onion Dry (Indian),8/28/2020,KG,35,38,36.5
Cabbage(Local),8/28/2020,KG,30,35,32.5
Garlic Dry Chinese,8/28/2020,KG,170,180,175
Tomato Big(Nepali),8/29/2020,KG,90,100,95
Potato Red,8/29/2020,KG,70,72,71
Onion Dry (Indian),8/29/2020,KG,39,40,39.5
Cabbage(Local),8/29/2020,KG,30,35,32.5
Garlic Dry Chinese,8/29/2020,KG,160,170,165
Tomato Big(Nepali),8/30/2020,KG,90,100,95
Potato Red,8/30/2020,KG,72,74,73
Onion Dry (Indian),8/30/2020,KG,40,42,41
Cabbage(Local),8/30/2020,KG,40,45,42.5
Garlic Dry Chinese,8/30/2020,KG,160,170,165
Tomato Big(Nepali),8/31/2020,KG,100,110,105
Potato Red,8/31/2020,KG,66,68,67
Onion Dry (Indian),8/31/2020,KG,41,43,42
Cabbage(Local),8/31/2020,KG,40,45,42.5
Garlic Dry Chinese,8/31/2020,KG,170,180,175
Tomato Big(Nepali),9/1/2020,KG,90,100,95
Potato Red,9/1/2020,KG,66,68,67
Onion Dry (Indian),9/1/2020,KG,41,43,42
Cabbage(Local),9/1/2020,KG,40,45,42.5
Garlic Dry Chinese,9/1/2020,KG,170,180,175
Tomato Big(Nepali),9/2/2020,KG,90,100,95
Potato Red,9/2/2020,KG,66,68,67
Onion Dry (Indian),9/2/2020,KG,40,42,41
Cabbage(Local),9/2/2020,KG,45,50,47.5
Garlic Dry Chinese,9/2/2020,KG,170,180,175
Tomato Big(Nepali),9/3/2020,KG,95,100,97.5
Potato Red,9/3/2020,KG,75,80,77.5
Onion Dry (Indian),9/3/2020,KG,42,45,43.5
Cabbage(Local),9/3/2020,KG,45,50,47.5
Garlic Dry Chinese,9/3/2020,KG,170,180,175
Tomato Big(Nepali),9/4/2020,KG,80,90,85
Potato Red,9/4/2020,KG,80,85,82.5
Onion Dry (Indian),9/4/2020,KG,45,48,46.5
Cabbage(Local),9/4/2020,KG,45,50,47.5
Garlic Dry Chinese,9/4/2020,KG,170,180,175
Tomato Big(Nepali),9/5/2020,KG,85,90,87.5
Potato Red,9/5/2020,KG,85,88,86.5
Onion Dry (Indian),9/5/2020,KG,48,52,50
Cabbage(Local),9/5/2020,KG,45,50,47.5
Garlic Dry Chinese,9/5/2020,KG,170,180,175
Tomato Big(Nepali),9/6/2020,KG,80,90,85
Potato Red,9/6/2020,KG,84,86,85
Onion Dry (Indian),9/6/2020,KG,50,52,51
Cabbage(Local),9/6/2020,KG,45,50,47.5
Garlic Dry Chinese,9/6/2020,KG,170,180,175
Tomato Big(Nepali),9/7/2020,KG,95,100,97.5
Potato Red,9/7/2020,KG,84,86,85
Onion Dry (Indian),9/7/2020,KG,50,52,51
Cabbage(Local),9/7/2020,KG,45,50,47.5
Garlic Dry Chinese,9/7/2020,KG,170,180,175
Tomato Big(Nepali),9/8/2020,KG,95,100,97.5
Potato Red,9/8/2020,KG,85,90,87.5
Onion Dry (Indian),9/8/2020,KG,52,55,53.5
Cabbage(Local),9/8/2020,KG,45,50,47.5
Garlic Dry Chinese,9/8/2020,KG,170,180,175
Tomato Big(Nepali),9/9/2020,KG,90,95,92.5
Potato Red,9/9/2020,KG,88,90,89
Onion Dry (Indian),9/9/2020,KG,50,52,51
Cabbage(Local),9/9/2020,KG,45,50,47.5
Garlic Dry Chinese,9/9/2020,KG,170,180,175
Tomato Big(Nepali),9/10/2020,KG,95,100,97.5
Potato Red,9/10/2020,KG,90,93,91.5
Onion Dry (Indian),9/10/2020,KG,53,55,54
Cabbage(Local),9/10/2020,KG,45,50,47.5
Garlic Dry Chinese,9/10/2020,KG,170,180,175
Tomato Big(Nepali),9/11/2020,KG,95,100,97.5
Potato Red,9/11/2020,KG,91,93,92
Onion Dry (Indian),9/11/2020,KG,52,55,53.5
Cabbage(Local),9/11/2020,KG,45,50,47.5
Garlic Dry Chinese,9/11/2020,KG,170,180,175
Tomato Big(Nepali),9/12/2020,KG,90,95,92.5
Potato Red,9/12/2020,KG,92,95,93.5
Onion Dry (Indian),9/12/2020,KG,53,55,54
Cabbage(Local),9/12/2020,KG,55,60,57.5
Garlic Dry Chinese,9/12/2020,KG,170,180,175
Tomato Big(Nepali),9/13/2020,KG,95,100,97.5
Potato Red,9/13/2020,KG,90,95,92.5
Onion Dry (Indian),9/13/2020,KG,58,60,59
Cabbage(Local),9/13/2020,KG,65,70,67.5
Garlic Dry Chinese,9/13/2020,KG,160,170,165
Tomato Big(Nepali),9/14/2020,KG,95,100,97.5
Potato Red,9/14/2020,KG,93,95,94
Onion Dry (Indian),9/14/2020,KG,59,61,60
Cabbage(Local),9/14/2020,KG,65,70,67.5
Garlic Dry Chinese,9/14/2020,KG,160,170,165
Tomato Big(Nepali),9/15/2020,KG,95,100,97.5
Potato Red,9/15/2020,KG,93,95,94
Onion Dry (Indian),9/15/2020,KG,74,76,75
Cabbage(Local),9/15/2020,KG,60,65,62.5
Garlic Dry Chinese,9/15/2020,KG,160,170,165
Tomato Big(Nepali),9/16/2020,KG,90,100,95
Potato Red,9/16/2020,KG,93,95,94
Onion Dry (Indian),9/16/2020,KG,118,120,119
Cabbage(Local),9/16/2020,KG,60,65,62.5
Garlic Dry Chinese,9/16/2020,KG,160,170,165
Tomato Big(Nepali),9/17/2020,KG,110,120,115
Potato Red,9/17/2020,KG,90,95,92.5
Onion Dry (Indian),9/17/2020,KG,109,110,109.5
Cabbage(Local),9/17/2020,KG,60,65,62.5
Garlic Dry Chinese,9/17/2020,KG,160,170,165
Potato Red,9/18/2020,KG,93,95,94
Onion Dry (Indian),9/18/2020,KG,105,110,107.5
Cabbage(Local),9/18/2020,KG,75,80,77.5
Garlic Dry Chinese,9/18/2020,KG,160,170,165
Tomato Big(Nepali),9/19/2020,KG,95,100,97.5
Potato Red,9/19/2020,KG,93,95,94
Onion Dry (Indian),9/19/2020,KG,115,118,116.5
Cabbage(Local),9/19/2020,KG,60,65,62.5
Garlic Dry Chinese,9/19/2020,KG,160,170,165
Tomato Big(Nepali),9/20/2020,KG,95,100,97.5
Potato Red,9/20/2020,KG,93,95,94
Onion Dry (Indian),9/20/2020,KG,110,115,112.5
Cabbage(Local),9/20/2020,KG,60,65,62.5
Garlic Dry Chinese,9/20/2020,KG,160,170,165
Tomato Big(Nepali),9/21/2020,KG,85,90,87.5
Potato Red,9/21/2020,KG,93,95,94
Onion Dry (Indian),9/21/2020,KG,109,110,109.5
Cabbage(Local),9/21/2020,KG,65,70,67.5
Garlic Dry Chinese,9/21/2020,KG,160,170,165
Tomato Big(Nepali),9/22/2020,KG,85,90,87.5
Potato Red,9/22/2020,KG,93,95,94
Onion Dry (Indian),9/22/2020,KG,105,110,107.5
Cabbage(Local),9/22/2020,KG,60,65,62.5
Garlic Dry Chinese,9/22/2020,KG,160,170,165
Tomato Big(Nepali),9/23/2020,KG,85,90,87.5
Potato Red,9/23/2020,KG,94,96,95
Onion Dry (Indian),9/23/2020,KG,100,110,105
Cabbage(Local),9/23/2020,KG,60,65,62.5
Garlic Dry Chinese,9/23/2020,KG,160,170,165
Tomato Big(Nepali),9/24/2020,KG,85,90,87.5
Potato Red,9/24/2020,KG,93,95,94
Onion Dry (Indian),9/24/2020,KG,100,105,102.5
Cabbage(Local),9/24/2020,KG,75,80,77.5
Garlic Dry Chinese,9/24/2020,KG,160,170,165
Tomato Big(Nepali),9/25/2020,KG,85,90,87.5
Potato Red,9/25/2020,KG,93,95,94
Onion Dry (Indian),9/25/2020,KG,100,105,102.5
Cabbage(Local),9/25/2020,KG,85,90,87.5
Garlic Dry Chinese,9/25/2020,KG,160,170,165
Tomato Big(Nepali),9/26/2020,KG,80,90,85
Potato Red,9/26/2020,KG,90,92,91
Onion Dry (Indian),9/26/2020,KG,100,105,102.5
Cabbage(Local),9/26/2020,KG,60,65,62.5
Garlic Dry Chinese,9/26/2020,KG,160,170,165
Tomato Big(Nepali),9/27/2020,KG,85,90,87.5
Potato Red,9/27/2020,KG,93,95,94
Cabbage(Local),9/27/2020,KG,65,70,67.5
Garlic Dry Chinese,9/27/2020,KG,160,170,165
Tomato Big(Nepali),9/28/2020,KG,90,95,92.5
Potato Red,9/28/2020,KG,93,95,94
Onion Dry (Indian),9/28/2020,KG,100,102,101
Cabbage(Local),9/28/2020,KG,60,65,62.5
Garlic Dry Chinese,9/28/2020,KG,160,170,165
Tomato Big(Nepali),9/29/2020,KG,85,90,87.5
Potato Red,9/29/2020,KG,95,97,96
Onion Dry (Indian),9/29/2020,KG,95,100,97.5
Cabbage(Local),9/29/2020,KG,80,85,82.5
Garlic Dry Chinese,9/29/2020,KG,160,170,165
Tomato Big(Nepali),9/30/2020,KG,75,80,77.5
Potato Red,9/30/2020,KG,93,95,94
Onion Dry (Indian),9/30/2020,KG,95,100,97.5
Cabbage(Local),9/30/2020,KG,65,70,67.5
Garlic Dry Chinese,9/30/2020,KG,160,170,165
Tomato Big(Nepali),10/1/2020,KG,60,65,62.5
Potato Red,10/1/2020,KG,95,97,96
Onion Dry (Indian),10/1/2020,KG,105,110,107.5
Cabbage(Local),10/1/2020,KG,75,80,77.5
Garlic Dry Chinese,10/1/2020,KG,160,170,165
Tomato Big(Nepali),10/2/2020,KG,55,60,57.5
Potato Red,10/2/2020,KG,95,97,96
Cabbage(Local),10/2/2020,KG,75,80,77.5
Garlic Dry Chinese,10/2/2020,KG,160,170,165
Tomato Big(Nepali),10/3/2020,KG,45,50,47.5
Potato Red,10/3/2020,KG,95,97,96
Onion Dry (Indian),10/3/2020,KG,105,110,107.5
Cabbage(Local),10/3/2020,KG,65,70,67.5
Garlic Dry Chinese,10/3/2020,KG,160,170,165
Tomato Big(Nepali),10/4/2020,KG,45,50,47.5
Potato Red,10/4/2020,KG,96,98,97
Onion Dry (Indian),10/4/2020,KG,109,110,109.5
Cabbage(Local),10/4/2020,KG,65,70,67.5
Garlic Dry Chinese,10/4/2020,KG,160,170,165
Tomato Big(Nepali),10/5/2020,KG,40,45,42.5
Potato Red,10/5/2020,KG,96,98,97
Cabbage(Local),10/5/2020,KG,65,70,67.5
Garlic Dry Chinese,10/5/2020,KG,160,170,165
Tomato Big(Nepali),10/6/2020,KG,40,45,42.5
Potato Red,10/6/2020,KG,96,98,97
Onion Dry (Indian),10/6/2020,KG,114,115,114.5
Cabbage(Local),10/6/2020,KG,65,70,67.5
Garlic Dry Chinese,10/6/2020,KG,160,170,165
Tomato Big(Nepali),10/7/2020,KG,40,45,42.5
Potato Red,10/7/2020,KG,100,110,105
Onion Dry (Indian),10/7/2020,KG,114,115,114.5
Cabbage(Local),10/7/2020,KG,65,70,67.5
Garlic Dry Chinese,10/7/2020,KG,160,170,165
Tomato Big(Nepali),10/8/2020,KG,40,45,42.5
Potato Red,10/8/2020,KG,100,105,102.5
Onion Dry (Indian),10/8/2020,KG,100,110,105
Cabbage(Local),10/8/2020,KG,65,70,67.5
Garlic Dry Chinese,10/8/2020,KG,160,170,165
Tomato Big(Nepali),10/9/2020,KG,40,50,45
Potato Red,10/9/2020,KG,98,100,99
Onion Dry (Indian),10/9/2020,KG,108,110,109
Cabbage(Local),10/9/2020,KG,60,70,65
Garlic Dry Chinese,10/9/2020,KG,160,170,165
Tomato Big(Nepali),10/10/2020,KG,40,50,45
Potato Red,10/10/2020,KG,95,100,97.5
Onion Dry (Indian),10/10/2020,KG,105,110,107.5
Cabbage(Local),10/10/2020,KG,65,70,67.5
Garlic Dry Chinese,10/10/2020,KG,160,170,165
Tomato Big(Nepali),10/11/2020,KG,50,60,55
Potato Red,10/11/2020,KG,90,95,92.5
Onion Dry (Indian),10/11/2020,KG,105,107,106
Cabbage(Local),10/11/2020,KG,60,70,65
Garlic Dry Chinese,10/11/2020,KG,160,170,165
Tomato Big(Nepali),10/12/2020,KG,80,90,85
Potato Red,10/12/2020,KG,90,93,91.5
Onion Dry (Indian),10/12/2020,KG,105,107,106
Cabbage(Local),10/12/2020,KG,60,65,62.5
Garlic Dry Chinese,10/12/2020,KG,160,170,165
Tomato Big(Nepali),10/13/2020,KG,75,80,77.5
Potato Red,10/13/2020,KG,90,92,91
Onion Dry (Indian),10/13/2020,KG,105,107,106
Cabbage(Local),10/13/2020,KG,60,65,62.5
Garlic Dry Chinese,10/13/2020,KG,160,170,165
Tomato Big(Nepali),10/14/2020,KG,70,75,72.5
Potato Red,10/14/2020,KG,90,92,91
Onion Dry (Indian),10/14/2020,KG,105,107,106
Cabbage(Local),10/14/2020,KG,60,70,65
Garlic Dry Chinese,10/14/2020,KG,160,170,165
Tomato Big(Nepali),10/15/2020,KG,70,80,75
Potato Red,10/15/2020,KG,90,95,92.5
Onion Dry (Indian),10/15/2020,KG,104,106,105
Cabbage(Local),10/15/2020,KG,50,60,55
Garlic Dry Chinese,10/15/2020,KG,160,170,165
Tomato Big(Nepali),10/16/2020,KG,70,80,75
Potato Red,10/16/2020,KG,93,95,94
Onion Dry (Indian),10/16/2020,KG,110,112,111
Cabbage(Local),10/16/2020,KG,55,60,57.5
Garlic Dry Chinese,10/16/2020,KG,160,170,165
Tomato Big(Nepali),10/17/2020,KG,70,80,75
Potato Red,10/17/2020,KG,93,95,94
Onion Dry (Indian),10/17/2020,KG,110,112,111
Cabbage(Local),10/17/2020,KG,45,50,47.5
Garlic Dry Chinese,10/17/2020,KG,160,170,165
Tomato Big(Nepali),10/18/2020,KG,70,80,75
Potato Red,10/18/2020,KG,98,100,99
Onion Dry (Indian),10/18/2020,KG,114,116,115
Cabbage(Local),10/18/2020,KG,50,60,55
Garlic Dry Chinese,10/18/2020,KG,160,170,165
Tomato Big(Nepali),10/19/2020,KG,65,70,67.5
Potato Red,10/19/2020,KG,102,104,103
Onion Dry (Indian),10/19/2020,KG,112,115,113.5
Cabbage(Local),10/19/2020,KG,45,50,47.5
Garlic Dry Chinese,10/19/2020,KG,160,170,165
Tomato Big(Nepali),10/20/2020,KG,65,70,67.5
Potato Red,10/20/2020,KG,100,102,101
Onion Dry (Indian),10/20/2020,KG,115,120,117.5
Cabbage(Local),10/20/2020,KG,40,45,42.5
Garlic Dry Chinese,10/20/2020,KG,160,170,165
Tomato Big(Nepali),10/21/2020,KG,65,70,67.5
Potato Red,10/21/2020,KG,100,104,102
Onion Dry (Indian),10/21/2020,KG,130,135,132.5
Cabbage(Local),10/21/2020,KG,50,55,52.5
Garlic Dry Chinese,10/21/2020,KG,165,170,167.5
Tomato Big(Nepali),10/22/2020,KG,70,80,75
Potato Red,10/22/2020,KG,104,106,105
Onion Dry (Indian),10/22/2020,KG,130,135,132.5
Cabbage(Local),10/22/2020,KG,40,50,45
Garlic Dry Chinese,10/22/2020,KG,165,170,167.5
Tomato Big(Indian),10/23/2020,KG,70,80,75
Potato Red,10/23/2020,KG,108,110,109
Onion Dry (Indian),10/23/2020,KG,130,135,132.5
Cabbage(Local),10/23/2020,KG,50,60,55
Garlic Dry Chinese,10/23/2020,KG,165,170,167.5
Tomato Big(Nepali),10/24/2020,KG,75,80,77.5
Potato Red,10/24/2020,KG,112,115,113.5
Onion Dry (Indian),10/24/2020,KG,135,138,136.5
Cabbage(Local),10/24/2020,KG,50,60,55
Garlic Dry Chinese,10/24/2020,KG,165,170,167.5
Tomato Big(Indian),10/25/2020,KG,100,110,105
Potato Red,10/25/2020,KG,112,115,113.5
Onion Dry (Indian),10/25/2020,KG,135,140,137.5
Cabbage(Local),10/25/2020,KG,55,60,57.5
Garlic Dry Chinese,10/25/2020,KG,165,170,167.5
Tomato Big(Indian),10/26/2020,KG,85,90,87.5
Onion Dry (Indian),10/26/2020,KG,135,140,137.5
Cabbage(Local),10/26/2020,KG,50,55,52.5
Garlic Dry Chinese,10/26/2020,KG,165,170,167.5
Tomato Big(Indian),10/27/2020,KG,85,90,87.5
Onion Dry (Indian),10/27/2020,KG,135,140,137.5
Cabbage(Local),10/27/2020,KG,45,50,47.5
Garlic Dry Chinese,10/27/2020,KG,165,170,167.5
Tomato Big(Indian),10/28/2020,KG,75,80,77.5
Potato Red,10/28/2020,KG,108,110,109
Onion Dry (Indian),10/28/2020,KG,130,135,132.5
Cabbage(Local),10/28/2020,KG,40,45,42.5
Garlic Dry Chinese,10/28/2020,KG,165,170,167.5
Tomato Big(Indian),10/29/2020,KG,60,70,65
Potato Red,10/29/2020,KG,100,105,102.5
Onion Dry (Indian),10/29/2020,KG,130,135,132.5
Cabbage(Local),10/29/2020,KG,40,50,45
Garlic Dry Chinese,10/29/2020,KG,165,170,167.5
Tomato Big(Indian),10/30/2020,KG,70,80,75
Potato Red,10/30/2020,KG,95,100,97.5
Onion Dry (Indian),10/30/2020,KG,130,135,132.5
Cabbage(Local),10/30/2020,KG,50,55,52.5
Garlic Dry Chinese,10/30/2020,KG,165,170,167.5
Tomato Big(Indian),10/31/2020,KG,75,80,77.5
Potato Red,10/31/2020,KG,90,95,92.5
Onion Dry (Indian),10/31/2020,KG,128,130,129
Cabbage(Local),10/31/2020,KG,50,60,55
Garlic Dry Chinese,10/31/2020,KG,165,170,167.5
Tomato Big(Nepali),11/1/2020,KG,75,80,77.5
Potato Red,11/1/2020,KG,90,92,91
Onion Dry (Indian),11/1/2020,KG,125,130,127.5
Cabbage(Local),11/1/2020,KG,50,60,55
Garlic Dry Chinese,11/1/2020,KG,170,180,175
Tomato Big(Nepali),11/2/2020,KG,65,70,67.5
Potato Red,11/2/2020,KG,78,80,79
Onion Dry (Indian),11/2/2020,KG,125,130,127.5
Cabbage(Local),11/2/2020,KG,50,60,55
Garlic Dry Chinese,11/2/2020,KG,165,170,167.5
Tomato Big(Indian),11/3/2020,KG,65,70,67.5
Potato Red,11/3/2020,KG,75,80,77.5
Onion Dry (Indian),11/3/2020,KG,120,125,122.5
Cabbage(Local),11/3/2020,KG,50,60,55
Garlic Dry Chinese,11/3/2020,KG,165,170,167.5
Tomato Big(Indian),11/4/2020,KG,65,70,67.5
Potato Red,11/4/2020,KG,75,78,76.5
Onion Dry (Indian),11/4/2020,KG,120,125,122.5
Cabbage(Local),11/4/2020,KG,50,60,55
Garlic Dry Chinese,11/4/2020,KG,165,170,167.5
Tomato Big(Indian),11/5/2020,KG,65,70,67.5
Potato Red,11/5/2020,KG,75,80,77.5
Onion Dry (Indian),11/5/2020,KG,120,122,121
Cabbage(Local),11/5/2020,KG,50,55,52.5
Garlic Dry Chinese,11/5/2020,KG,165,170,167.5
Tomato Big(Indian),11/6/2020,KG,65,70,67.5
Potato Red,11/6/2020,KG,70,75,72.5
Onion Dry (Indian),11/6/2020,KG,120,125,122.5
Cabbage(Local),11/6/2020,KG,50,60,55
Garlic Dry Chinese,11/6/2020,KG,165,170,167.5
Tomato Big(Indian),11/7/2020,KG,65,70,67.5
Potato Red,11/7/2020,KG,70,80,75
Onion Dry (Indian),11/7/2020,KG,118,120,119
Cabbage(Local),11/7/2020,KG,50,60,55
Garlic Dry Chinese,11/7/2020,KG,160,170,165
Tomato Big(Nepali),11/8/2020,KG,60,70,65
Potato Red,11/8/2020,KG,70,75,72.5
Onion Dry (Indian),11/8/2020,KG,120,125,122.5
Cabbage(Local),11/8/2020,KG,50,60,55
Garlic Dry Chinese,11/8/2020,KG,160,170,165
Tomato Big(Indian),11/9/2020,KG,65,70,67.5
Potato Red,11/9/2020,KG,70,75,72.5
Onion Dry (Indian),11/9/2020,KG,115,120,117.5
Cabbage(Local),11/9/2020,KG,50,60,55
Garlic Dry Chinese,11/9/2020,KG,160,170,165
Tomato Big(Indian),11/10/2020,KG,65,70,67.5
Potato Red,11/10/2020,KG,70,80,75
Onion Dry (Indian),11/10/2020,KG,118,122,120
Cabbage(Local),11/10/2020,KG,50,60,55
Garlic Dry Chinese,11/10/2020,KG,160,170,165
Tomato Big(Indian),11/11/2020,KG,65,70,67.5
Potato Red,11/11/2020,KG,70,75,72.5
Onion Dry (Indian),11/11/2020,KG,118,122,120
Cabbage(Local),11/11/2020,KG,55,60,57.5
Garlic Dry Chinese,11/11/2020,KG,160,170,165
Tomato Big(Indian),11/12/2020,KG,65,70,67.5
Potato Red,11/12/2020,KG,70,75,72.5
Onion Dry (Indian),11/12/2020,KG,115,120,117.5
Cabbage(Local),11/12/2020,KG,50,60,55
Garlic Dry Chinese,11/12/2020,KG,160,170,165
Tomato Big(Indian),11/13/2020,KG,65,70,67.5
Potato Red,11/13/2020,KG,70,75,72.5
Onion Dry (Indian),11/13/2020,KG,110,115,112.5
Cabbage(Local),11/13/2020,KG,50,60,55
Garlic Dry Chinese,11/13/2020,KG,160,170,165
Tomato Big(Indian),11/14/2020,KG,65,70,67.5
Potato Red,11/14/2020,KG,70,75,72.5
Onion Dry (Indian),11/14/2020,KG,105,110,107.5
Cabbage(Local),11/14/2020,KG,50,60,55
Garlic Dry Chinese,11/14/2020,KG,160,170,165
Tomato Big(Indian),11/15/2020,KG,65,70,67.5
Potato Red,11/15/2020,KG,70,75,72.5
Onion Dry (Indian),11/15/2020,KG,105,110,107.5
Cabbage(Local),11/15/2020,KG,50,60,55
Garlic Dry Chinese,11/15/2020,KG,160,170,165
Tomato Big(Indian),11/16/2020,KG,65,70,67.5
Potato Red,11/16/2020,KG,70,75,72.5
Onion Dry (Indian),11/16/2020,KG,105,110,107.5
Cabbage(Local),11/16/2020,KG,50,55,52.5
Garlic Dry Chinese,11/16/2020,KG,160,170,165
Tomato Big(Indian),11/17/2020,KG,55,60,57.5
Potato Red,11/17/2020,KG,70,75,72.5
Onion Dry (Indian),11/17/2020,KG,105,110,107.5
Cabbage(Local),11/17/2020,KG,45,50,47.5
Garlic Dry Chinese,11/17/2020,KG,160,170,165
Tomato Big(Indian),11/18/2020,KG,55,60,57.5
Potato Red,11/18/2020,KG,70,75,72.5
Onion Dry (Indian),11/18/2020,KG,105,110,107.5
Cabbage(Local),11/18/2020,KG,50,60,55
Garlic Dry Chinese,11/18/2020,KG,160,170,165
Tomato Big(Indian),11/19/2020,KG,55,60,57.5
Potato Red,11/19/2020,KG,70,75,72.5
Onion Dry (Indian),11/19/2020,KG,95,100,97.5
Cabbage(Local),11/19/2020,KG,45,55,50
Garlic Dry Chinese,11/19/2020,KG,160,170,165
Tomato Big(Indian),11/20/2020,KG,55,60,57.5
Potato Red,11/20/2020,KG,68,72,70
Onion Dry (Indian),11/20/2020,KG,95,100,97.5
Cabbage(Local),11/20/2020,KG,55,65,60
Garlic Dry Chinese,11/20/2020,KG,160,170,165
Tomato Big(Nepali),11/21/2020,KG,60,70,65
Potato Red,11/21/2020,KG,68,70,69
Onion Dry (Indian),11/21/2020,KG,95,100,97.5
Cabbage(Local),11/21/2020,KG,45,50,47.5
Garlic Dry Chinese,11/21/2020,KG,160,170,165
Tomato Big(Nepali),11/22/2020,KG,50,60,55
Potato Red,11/22/2020,KG,70,75,72.5
Onion Dry (Indian),11/22/2020,KG,100,102,101
Cabbage(Local),11/22/2020,KG,50,60,55
Garlic Dry Chinese,11/22/2020,KG,160,170,165
Tomato Big(Indian),11/23/2020,KG,55,65,60
Potato Red,11/23/2020,KG,68,72,70
Onion Dry (Indian),11/23/2020,KG,90,100,95
Cabbage(Local),11/23/2020,KG,50,60,55
Garlic Dry Chinese,11/23/2020,KG,160,170,165
Tomato Big(Indian),11/24/2020,KG,55,60,57.5
Potato Red,11/24/2020,KG,70,75,72.5
Onion Dry (Indian),11/24/2020,KG,100,110,105
Cabbage(Local),11/24/2020,KG,45,50,47.5
Garlic Dry Chinese,11/24/2020,KG,160,170,165
Tomato Big(Indian),11/25/2020,KG,60,65,62.5
Potato Red,11/25/2020,KG,75,80,77.5
Onion Dry (Indian),11/25/2020,KG,105,110,107.5
Cabbage(Local),11/25/2020,KG,50,55,52.5
Garlic Dry Chinese,11/25/2020,KG,160,170,165
Tomato Big(Nepali),11/26/2020,KG,65,70,67.5
Tomato Big(Indian),11/26/2020,KG,55,60,57.5
Potato Red,11/26/2020,KG,75,80,77.5
Onion Dry (Indian),11/26/2020,KG,104,108,106
Cabbage(Local),11/26/2020,KG,45,55,50
Garlic Dry Chinese,11/26/2020,KG,155,165,160
Tomato Big(Nepali),11/27/2020,KG,60,70,65
Tomato Big(Indian),11/27/2020,KG,60,65,62.5
Potato Red,11/27/2020,KG,80,85,82.5
Onion Dry (Indian),11/27/2020,KG,100,105,102.5
Cabbage(Local),11/27/2020,KG,55,65,60
Garlic Dry Chinese,11/27/2020,KG,155,165,160
Tomato Big(Nepali),11/28/2020,KG,65,70,67.5
Tomato Big(Indian),11/28/2020,KG,60,70,65
Potato Red,11/28/2020,KG,80,85,82.5
Onion Dry (Indian),11/28/2020,KG,100,110,105
Cabbage(Local),11/28/2020,KG,50,60,55
Garlic Dry Chinese,11/28/2020,KG,155,165,160
Tomato Big(Nepali),11/29/2020,KG,65,70,67.5
Tomato Big(Indian),11/29/2020,KG,65,70,67.5
Potato Red,11/29/2020,KG,85,90,87.5
Onion Dry (Indian),11/29/2020,KG,102,105,103.5
Cabbage(Local),11/29/2020,KG,50,60,55
Garlic Dry Chinese,11/29/2020,KG,155,165,160
Tomato Big(Nepali),11/30/2020,KG,60,70,65
Potato Red,11/30/2020,KG,85,90,87.5
Onion Dry (Indian),11/30/2020,KG,95,105,100
Cabbage(Local),11/30/2020,KG,45,55,50
Garlic Dry Chinese,11/30/2020,KG,150,160,155
Tomato Big(Nepali),12/1/2020,KG,65,70,67.5
Tomato Big(Indian),12/1/2020,KG,55,60,57.5
Potato Red,12/1/2020,KG,85,90,87.5
Onion Dry (Indian),12/1/2020,KG,90,100,95
Cabbage(Local),12/1/2020,KG,40,50,45
Garlic Dry Chinese,12/1/2020,KG,155,165,160
Tomato Big(Nepali),12/2/2020,KG,65,70,67.5
Tomato Big(Indian),12/2/2020,KG,50,60,55
Potato Red,12/2/2020,KG,75,85,80
Onion Dry (Indian),12/2/2020,KG,90,100,95
Cabbage(Local),12/2/2020,KG,40,50,45
Garlic Dry Chinese,12/2/2020,KG,155,165,160
Tomato Big(Nepali),12/3/2020,KG,60,70,65
Tomato Big(Indian),12/3/2020,KG,60,70,65
Potato Red,12/3/2020,KG,75,80,77.5
Onion Dry (Indian),12/3/2020,KG,90,100,95
Cabbage(Local),12/3/2020,KG,35,45,40
Garlic Dry Chinese,12/3/2020,KG,155,165,160
Tomato Big(Nepali),12/4/2020,KG,60,70,65
Tomato Big(Indian),12/4/2020,KG,60,70,65
Potato Red,12/4/2020,KG,75,80,77.5
Onion Dry (Indian),12/4/2020,KG,90,100,95
Cabbage(Local),12/4/2020,KG,30,40,35
Garlic Dry Chinese,12/4/2020,KG,150,160,155
Tomato Big(Nepali),12/5/2020,KG,60,70,65
Tomato Big(Indian),12/5/2020,KG,60,70,65
Potato Red,12/5/2020,KG,70,75,72.5
Onion Dry (Indian),12/5/2020,KG,90,100,95
Cabbage(Local),12/5/2020,KG,30,40,35
Garlic Dry Chinese,12/5/2020,KG,150,160,155
Tomato Big(Nepali),12/6/2020,KG,60,70,65
Tomato Big(Indian),12/6/2020,KG,60,70,65
Potato Red,12/6/2020,KG,70,75,72.5
Onion Dry (Indian),12/6/2020,KG,95,100,97.5
Cabbage(Local),12/6/2020,KG,40,45,42.5
Garlic Dry Chinese,12/6/2020,KG,150,160,155
Tomato Big(Nepali),12/7/2020,KG,70,80,75
Potato Red,12/7/2020,KG,60,70,65
Onion Dry (Indian),12/7/2020,KG,85,95,90
Cabbage(Local),12/7/2020,KG,30,35,32.5
Garlic Dry Chinese,12/7/2020,KG,150,160,155
Tomato Big(Nepali),12/8/2020,KG,70,80,75
Tomato Big(Indian),12/8/2020,KG,70,80,75
Potato Red,12/8/2020,KG,65,70,67.5
Onion Dry (Indian),12/8/2020,KG,100,110,105
Cabbage(Local),12/8/2020,KG,30,40,35
Garlic Dry Chinese,12/8/2020,KG,150,160,155
Tomato Big(Nepali),12/9/2020,KG,60,70,65
Tomato Big(Indian),12/9/2020,KG,70,75,72.5
Potato Red,12/9/2020,KG,60,65,62.5
Onion Dry (Indian),12/9/2020,KG,100,110,105
Cabbage(Local),12/9/2020,KG,25,35,30
Garlic Dry Chinese,12/9/2020,KG,150,160,155
Tomato Big(Nepali),12/10/2020,KG,70,80,75
Tomato Big(Indian),12/10/2020,KG,70,80,75
Potato Red,12/10/2020,KG,60,65,62.5
Onion Dry (Indian),12/10/2020,KG,90,100,95
Cabbage(Local),12/10/2020,KG,25,30,27.5
Garlic Dry Chinese,12/10/2020,KG,150,160,155
Tomato Big(Nepali),12/11/2020,KG,70,80,75
Tomato Big(Indian),12/11/2020,KG,55,60,57.5
Potato Red,12/11/2020,KG,60,65,62.5
Onion Dry (Indian),12/11/2020,KG,90,100,95
Cabbage(Local),12/11/2020,KG,25,30,27.5
Garlic Dry Chinese,12/11/2020,KG,150,160,155
Tomato Big(Nepali),12/12/2020,KG,60,70,65
Tomato Big(Indian),12/12/2020,KG,60,70,65
Potato Red,12/12/2020,KG,60,65,62.5
Onion Dry (Indian),12/12/2020,KG,85,95,90
Cabbage(Local),12/12/2020,KG,25,35,30
Garlic Dry Chinese,12/12/2020,KG,150,160,155
Tomato Big(Nepali),12/13/2020,KG,60,70,65
Tomato Big(Indian),12/13/2020,KG,60,70,65
Potato Red,12/13/2020,KG,60,65,62.5
Onion Dry (Indian),12/13/2020,KG,85,95,90
Cabbage(Local),12/13/2020,KG,25,35,30
Garlic Dry Chinese,12/13/2020,KG,160,170,165
Tomato Big(Nepali),12/14/2020,KG,70,80,75
Tomato Big(Indian),12/14/2020,KG,70,80,75
Potato Red,12/14/2020,KG,60,65,62.5
Onion Dry (Indian),12/14/2020,KG,85,95,90
Cabbage(Local),12/14/2020,KG,20,30,25
Garlic Dry Chinese,12/14/2020,KG,160,170,165
Tomato Big(Nepali),12/15/2020,KG,60,70,65
Tomato Big(Indian),12/15/2020,KG,60,70,65
Potato Red,12/15/2020,KG,60,65,62.5
Onion Dry (Indian),12/15/2020,KG,85,95,90
Cabbage(Local),12/15/2020,KG,25,30,27.5
Garlic Dry Chinese,12/15/2020,KG,150,160,155
Tomato Big(Nepali),12/16/2020,KG,60,70,65
Tomato Big(Indian),12/16/2020,KG,60,70,65
Potato Red,12/16/2020,KG,60,65,62.5
Onion Dry (Indian),12/16/2020,KG,82,92,87
Cabbage(Local),12/16/2020,KG,20,30,25
Garlic Dry Chinese,12/16/2020,KG,150,160,155
Tomato Big(Nepali),12/17/2020,KG,60,70,65
Tomato Big(Indian),12/17/2020,KG,60,70,65
Potato Red,12/17/2020,KG,60,65,62.5
Onion Dry (Indian),12/17/2020,KG,80,90,85
Cabbage(Local),12/17/2020,KG,22,28,25
Garlic Dry Chinese,12/17/2020,KG,170,180,175
Tomato Big(Nepali),12/18/2020,KG,60,70,65
Tomato Big(Indian),12/18/2020,KG,60,70,65
Potato Red,12/18/2020,KG,60,65,62.5
Onion Dry (Indian),12/18/2020,KG,80,90,85
Cabbage(Local),12/18/2020,KG,22,28,25
Garlic Dry Chinese,12/18/2020,KG,170,180,175
Tomato Big(Nepali),12/19/2020,KG,50,60,55
Tomato Big(Indian),12/19/2020,KG,45,50,47.5
Potato Red,12/19/2020,KG,50,55,52.5
Onion Dry (Indian),12/19/2020,KG,80,90,85
Cabbage(Local),12/19/2020,KG,24,30,27
Garlic Dry Chinese,12/19/2020,KG,190,200,195
Tomato Big(Nepali),12/20/2020,KG,50,60,55
Tomato Big(Indian),12/20/2020,KG,50,60,55
Potato Red,12/20/2020,KG,55,60,57.5
Onion Dry (Indian),12/20/2020,KG,80,90,85
Cabbage(Local),12/20/2020,KG,20,30,25
Garlic Dry Chinese,12/20/2020,KG,190,200,195
Tomato Big(Nepali),12/21/2020,KG,50,55,52.5
Tomato Big(Indian),12/21/2020,KG,50,60,55
Potato Red,12/21/2020,KG,50,55,52.5
Onion Dry (Indian),12/21/2020,KG,75,85,80
Cabbage(Local),12/21/2020,KG,25,35,30
Garlic Dry Chinese,12/21/2020,KG,180,190,185
Tomato Big(Nepali),12/22/2020,KG,55,65,60
Tomato Big(Indian),12/22/2020,KG,55,60,57.5
Potato Red,12/22/2020,KG,50,55,52.5
Onion Dry (Indian),12/22/2020,KG,75,80,77.5
Cabbage(Local),12/22/2020,KG,25,35,30
Garlic Dry Chinese,12/22/2020,KG,190,200,195
Tomato Big(Nepali),12/23/2020,KG,50,60,55
Tomato Big(Indian),12/23/2020,KG,50,60,55
Potato Red,12/23/2020,KG,45,50,47.5
Onion Dry (Indian),12/23/2020,KG,70,78,74
Cabbage(Local),12/23/2020,KG,25,35,30
Garlic Dry Chinese,12/23/2020,KG,180,190,185
Tomato Big(Nepali),12/24/2020,KG,50,55,52.5
Tomato Big(Indian),12/24/2020,KG,50,55,52.5
Potato Red,12/24/2020,KG,50,55,52.5
Onion Dry (Indian),12/24/2020,KG,70,75,72.5
Cabbage(Local),12/24/2020,KG,25,35,30
Garlic Dry Chinese,12/24/2020,KG,190,200,195
Tomato Big(Nepali),12/25/2020,KG,50,60,55
Tomato Big(Indian),12/25/2020,KG,50,55,52.5
Potato Red,12/25/2020,KG,50,55,52.5
Onion Dry (Indian),12/25/2020,KG,70,75,72.5
Cabbage(Local),12/25/2020,KG,30,40,35
Garlic Dry Chinese,12/25/2020,KG,190,200,195
Tomato Big(Nepali),12/26/2020,KG,50,60,55
Tomato Big(Indian),12/26/2020,KG,50,55,52.5
Potato Red,12/26/2020,KG,45,50,47.5
Onion Dry (Indian),12/26/2020,KG,70,75,72.5
Cabbage(Local),12/26/2020,KG,20,30,25
Garlic Dry Chinese,12/26/2020,KG,190,200,195
Tomato Big(Nepali),12/27/2020,KG,50,60,55
Tomato Big(Indian),12/27/2020,KG,50,60,55
Potato Red,12/27/2020,KG,45,50,47.5
Onion Dry (Indian),12/27/2020,KG,70,75,72.5
Cabbage(Local),12/27/2020,KG,25,30,27.5
Garlic Dry Chinese,12/27/2020,KG,190,200,195
Tomato Big(Nepali),12/28/2020,KG,60,70,65
Tomato Big(Indian),12/28/2020,KG,60,70,65
Potato Red,12/28/2020,KG,45,50,47.5
Onion Dry (Indian),12/28/2020,KG,65,75,70
Cabbage(Local),12/28/2020,KG,30,35,32.5
Garlic Dry Chinese,12/28/2020,KG,190,200,195
Tomato Big(Nepali),12/29/2020,KG,55,60,57.5
Tomato Big(Indian),12/29/2020,KG,55,60,57.5
Potato Red,12/29/2020,KG,40,45,42.5
Onion Dry (Indian),12/29/2020,KG,65,75,70
Cabbage(Local),12/29/2020,KG,30,40,35
Garlic Dry Chinese,12/29/2020,KG,190,200,195
Tomato Big(Nepali),12/30/2020,KG,50,60,55
Tomato Big(Indian),12/30/2020,KG,50,60,55
Potato Red,12/30/2020,KG,40,45,42.5
Onion Dry (Indian),12/30/2020,KG,60,70,65
Cabbage(Local),12/30/2020,KG,30,40,35
Garlic Dry Chinese,12/30/2020,KG,190,200,195
Tomato Big(Nepali),12/31/2020,KG,50,60,55
Tomato Big(Indian),12/31/2020,KG,50,60,55
Potato Red,12/31/2020,KG,40,45,42.5
Onion Dry (Indian),12/31/2020,KG,60,65,62.5
Cabbage(Local),12/31/2020,KG,30,40,35
Tomato Big(Nepali),1/1/2021,KG,50,60,55
Tomato Big(Indian),1/1/2021,KG,50,60,55
Potato Red,1/1/2021,KG,40,45,42.5
Onion Dry (Indian),1/1/2021,KG,60,65,62.5
Cabbage(Local),1/1/2021,KG,30,40,35
Garlic Dry Chinese,1/1/2021,KG,185,195,190
Tomato Big(Nepali),1/2/2021,KG,50,60,55
Tomato Big(Indian),1/2/2021,KG,50,60,55
Potato Red,1/2/2021,KG,40,45,42.5
Onion Dry (Indian),1/2/2021,KG,60,65,62.5
Cabbage(Local),1/2/2021,KG,30,40,35
Garlic Dry Chinese,1/2/2021,KG,185,195,190
Tomato Big(Nepali),1/3/2021,KG,50,60,55
Tomato Big(Indian),1/3/2021,KG,50,60,55
Potato Red,1/3/2021,KG,40,42,41
Onion Dry (Indian),1/3/2021,KG,60,65,62.5
Cabbage(Local),1/3/2021,KG,25,30,27.5
Garlic Dry Chinese,1/3/2021,KG,190,200,195
Tomato Big(Nepali),1/4/2021,KG,50,60,55
Tomato Big(Indian),1/4/2021,KG,50,60,55
Potato Red,1/4/2021,KG,40,45,42.5
Onion Dry (Indian),1/4/2021,KG,60,65,62.5
Cabbage(Local),1/4/2021,KG,25,30,27.5
Garlic Dry Chinese,1/4/2021,KG,190,200,195
Tomato Big(Nepali),1/5/2021,KG,50,60,55
Tomato Big(Indian),1/5/2021,KG,50,60,55
Potato Red,1/5/2021,KG,40,45,42.5
Onion Dry (Indian),1/5/2021,KG,60,65,62.5
Cabbage(Local),1/5/2021,KG,25,30,27.5
Garlic Dry Chinese,1/5/2021,KG,200,210,205
Tomato Big(Nepali),1/6/2021,KG,50,60,55
Tomato Big(Indian),1/6/2021,KG,50,60,55
Potato Red,1/6/2021,KG,38,42,40
Onion Dry (Indian),1/6/2021,KG,60,65,62.5
Cabbage(Local),1/6/2021,KG,25,30,27.5
Garlic Dry Chinese,1/6/2021,KG,190,200,195
Tomato Big(Nepali),1/7/2021,KG,45,50,47.5
Tomato Big(Indian),1/7/2021,KG,45,50,47.5
Potato Red,1/7/2021,KG,40,45,42.5
Onion Dry (Indian),1/7/2021,KG,65,70,67.5
Cabbage(Local),1/7/2021,KG,25,30,27.5
Garlic Dry Chinese,1/7/2021,KG,190,200,195
Tomato Big(Nepali),1/8/2021,KG,50,55,52.5
Tomato Big(Indian),1/8/2021,KG,50,55,52.5
Potato Red,1/8/2021,KG,40,45,42.5
Onion Dry (Indian),1/8/2021,KG,70,75,72.5
Cabbage(Local),1/8/2021,KG,20,30,25
Garlic Dry Chinese,1/8/2021,KG,185,195,190
Tomato Big(Nepali),1/9/2021,KG,40,50,45
Tomato Big(Indian),1/9/2021,KG,40,50,45
Potato Red,1/9/2021,KG,35,40,37.5
Onion Dry (Indian),1/9/2021,KG,70,75,72.5
Cabbage(Local),1/9/2021,KG,20,30,25
Garlic Dry Chinese,1/9/2021,KG,190,200,195
Tomato Big(Nepali),1/10/2021,KG,40,50,45
Tomato Big(Indian),1/10/2021,KG,40,50,45
Potato Red,1/10/2021,KG,30,35,32.5
Onion Dry (Indian),1/10/2021,KG,70,75,72.5
Cabbage(Local),1/10/2021,KG,20,25,22.5
Garlic Dry Chinese,1/10/2021,KG,190,200,195
Tomato Big(Nepali),1/11/2021,KG,50,60,55
Tomato Big(Indian),1/11/2021,KG,50,60,55
Potato Red,1/11/2021,KG,35,38,36.5
Onion Dry (Indian),1/11/2021,KG,70,75,72.5
Cabbage(Local),1/11/2021,KG,20,25,22.5
Garlic Dry Chinese,1/11/2021,KG,190,200,195
Tomato Big(Nepali),1/12/2021,KG,40,50,45
Tomato Big(Indian),1/12/2021,KG,40,50,45
Potato Red,1/12/2021,KG,30,35,32.5
Onion Dry (Indian),1/12/2021,KG,70,74,72
Cabbage(Local),1/12/2021,KG,20,25,22.5
Garlic Dry Chinese,1/12/2021,KG,190,200,195
Tomato Big(Nepali),1/13/2021,KG,40,50,45
Tomato Big(Indian),1/13/2021,KG,40,50,45
Potato Red,1/13/2021,KG,35,40,37.5
Onion Dry (Indian),1/13/2021,KG,70,74,72
Cabbage(Local),1/13/2021,KG,20,30,25
Garlic Dry Chinese,1/13/2021,KG,190,200,195
Tomato Big(Nepali),1/14/2021,KG,40,45,42.5
Tomato Big(Indian),1/14/2021,KG,40,45,42.5
Potato Red,1/14/2021,KG,30,35,32.5
Onion Dry (Indian),1/14/2021,KG,68,72,70
Cabbage(Local),1/14/2021,KG,25,30,27.5
Garlic Dry Chinese,1/14/2021,KG,220,230,225
Tomato Big(Nepali),1/15/2021,KG,45,50,47.5
Tomato Big(Indian),1/15/2021,KG,45,50,47.5
Potato Red,1/15/2021,KG,30,35,32.5
Onion Dry (Indian),1/15/2021,KG,70,75,72.5
Cabbage(Local),1/15/2021,KG,25,30,27.5
Garlic Dry Chinese,1/15/2021,KG,225,235,230
Tomato Big(Nepali),1/16/2021,KG,40,50,45
Tomato Big(Indian),1/16/2021,KG,40,50,45
Potato Red,1/16/2021,KG,30,35,32.5
Onion Dry (Indian),1/16/2021,KG,70,75,72.5
Cabbage(Local),1/16/2021,KG,20,25,22.5
Garlic Dry Chinese,1/16/2021,KG,230,240,235
Tomato Big(Nepali),1/17/2021,KG,40,45,42.5
Tomato Big(Indian),1/17/2021,KG,40,45,42.5
Potato Red,1/17/2021,KG,30,35,32.5
Onion Dry (Indian),1/17/2021,KG,65,70,67.5
Cabbage(Local),1/17/2021,KG,20,25,22.5
Garlic Dry Chinese,1/17/2021,KG,230,240,235
Tomato Big(Nepali),1/18/2021,KG,40,45,42.5
Tomato Big(Indian),1/18/2021,KG,40,45,42.5
Potato Red,1/18/2021,KG,30,35,32.5
Onion Dry (Indian),1/18/2021,KG,60,65,62.5
Cabbage(Local),1/18/2021,KG,20,25,22.5
Garlic Dry Chinese,1/18/2021,KG,240,250,245
Tomato Big(Nepali),1/19/2021,KG,40,45,42.5
Tomato Big(Indian),1/19/2021,KG,40,45,42.5
Potato Red,1/19/2021,KG,30,35,32.5
Onion Dry (Indian),1/19/2021,KG,65,70,67.5
Cabbage(Local),1/19/2021,KG,18,25,21.5
Garlic Dry Chinese,1/19/2021,KG,240,250,245
Tomato Big(Nepali),1/20/2021,KG,35,45,40
Tomato Big(Indian),1/20/2021,KG,35,40,37.5
Potato Red,1/20/2021,KG,30,35,32.5
Onion Dry (Indian),1/20/2021,KG,65,70,67.5
Cabbage(Local),1/20/2021,KG,20,25,22.5
Garlic Dry Chinese,1/20/2021,KG,240,250,245
Tomato Big(Nepali),1/21/2021,KG,35,40,37.5
Tomato Big(Indian),1/21/2021,KG,35,40,37.5
Potato Red,1/21/2021,KG,30,35,32.5
Onion Dry (Indian),1/21/2021,KG,65,70,67.5
Cabbage(Local),1/21/2021,KG,18,22,20
Garlic Dry Chinese,1/21/2021,KG,240,250,245
Tomato Big(Nepali),1/22/2021,KG,35,40,37.5
Tomato Big(Indian),1/22/2021,KG,35,40,37.5
Potato Red,1/22/2021,KG,30,35,32.5
Onion Dry (Indian),1/22/2021,KG,65,70,67.5
Cabbage(Local),1/22/2021,KG,15,20,17.5
Garlic Dry Chinese,1/22/2021,KG,250,260,255
Tomato Big(Nepali),1/23/2021,KG,35,40,37.5
Tomato Big(Indian),1/23/2021,KG,35,40,37.5
Potato Red,1/23/2021,KG,30,35,32.5
Onion Dry (Indian),1/23/2021,KG,65,70,67.5
Cabbage(Local),1/23/2021,KG,15,20,17.5
Garlic Dry Chinese,1/23/2021,KG,250,260,255
Tomato Big(Nepali),1/24/2021,KG,35,40,37.5
Tomato Big(Indian),1/24/2021,KG,35,40,37.5
Potato Red,1/24/2021,KG,30,32,31
Onion Dry (Indian),1/24/2021,KG,60,65,62.5
Cabbage(Local),1/24/2021,KG,20,25,22.5
Garlic Dry Chinese,1/24/2021,KG,250,260,255
Tomato Big(Indian),1/25/2021,KG,40,50,45
Potato Red,1/25/2021,KG,28,32,30
Onion Dry (Indian),1/25/2021,KG,60,65,62.5
Cabbage(Local),1/25/2021,KG,15,20,17.5
Garlic Dry Chinese,1/25/2021,KG,370,380,375
Tomato Big(Indian),1/26/2021,KG,40,50,45
Potato Red,1/26/2021,KG,28,32,30
Onion Dry (Indian),1/26/2021,KG,60,65,62.5
Cabbage(Local),1/26/2021,KG,15,20,17.5
Garlic Dry Chinese,1/26/2021,KG,270,280,275
Tomato Big(Indian),1/27/2021,KG,40,50,45
Potato Red,1/27/2021,KG,25,30,27.5
Onion Dry (Indian),1/27/2021,KG,60,65,62.5
Cabbage(Local),1/27/2021,KG,15,22,18.5
Garlic Dry Chinese,1/27/2021,KG,260,280,270
Tomato Big(Indian),1/28/2021,KG,40,50,45
Potato Red,1/28/2021,KG,25,30,27.5
Onion Dry (Indian),1/28/2021,KG,60,65,62.5
Cabbage(Local),1/28/2021,KG,18,25,21.5
Garlic Dry Chinese,1/28/2021,KG,260,280,270
Tomato Big(Indian),1/29/2021,KG,40,50,45
Potato Red,1/29/2021,KG,25,30,27.5
Onion Dry (Indian),1/29/2021,KG,60,65,62.5
Cabbage(Local),1/29/2021,KG,14,20,17
Garlic Dry Chinese,1/29/2021,KG,270,280,275
Tomato Big(Indian),1/30/2021,KG,40,50,45
Potato Red,1/30/2021,KG,25,30,27.5
Onion Dry (Indian),1/30/2021,KG,60,65,62.5
Cabbage(Local),1/30/2021,KG,15,20,17.5
Garlic Dry Chinese,1/30/2021,KG,290,300,295
Tomato Big(Nepali),1/31/2021,KG,40,50,45
Tomato Big(Indian),1/31/2021,KG,40,50,45
Potato Red,1/31/2021,KG,28,30,29
Onion Dry (Indian),1/31/2021,KG,65,67,66
Cabbage(Local),1/31/2021,KG,18,20,19
Garlic Dry Chinese,1/31/2021,KG,290,300,295
Tomato Big(Nepali),2/1/2021,KG,40,50,45
Tomato Big(Indian),2/1/2021,KG,40,50,45
Potato Red,2/1/2021,KG,26,30,28
Onion Dry (Indian),2/1/2021,KG,65,70,67.5
Cabbage(Local),2/1/2021,KG,15,20,17.5
Garlic Dry Chinese,2/1/2021,KG,360,380,370
Tomato Big(Nepali),2/2/2021,KG,40,50,45
Tomato Big(Indian),2/2/2021,KG,40,50,45
Potato Red,2/2/2021,KG,24,28,26
Onion Dry (Indian),2/2/2021,KG,70,75,72.5
Cabbage(Local),2/2/2021,KG,15,20,17.5
Garlic Dry Chinese,2/2/2021,KG,370,380,375
Tomato Big(Nepali),2/3/2021,KG,50,60,55
Tomato Big(Indian),2/3/2021,KG,50,60,55
Potato Red,2/3/2021,KG,25,30,27.5
Onion Dry (Indian),2/3/2021,KG,70,75,72.5
Cabbage(Local),2/3/2021,KG,15,20,17.5
Garlic Dry Chinese,2/3/2021,KG,270,280,275
Tomato Big(Indian),2/4/2021,KG,50,60,55
Potato Red,2/4/2021,KG,25,30,27.5
Onion Dry (Indian),2/4/2021,KG,70,75,72.5
Cabbage(Local),2/4/2021,KG,15,20,17.5
Garlic Dry Chinese,2/4/2021,KG,370,390,380
Tomato Big(Nepali),2/5/2021,KG,50,60,55
Tomato Big(Indian),2/5/2021,KG,40,50,45
Potato Red,2/5/2021,KG,25,30,27.5
Onion Dry (Indian),2/5/2021,KG,70,75,72.5
Cabbage(Local),2/5/2021,KG,15,20,17.5
Garlic Dry Chinese,2/5/2021,KG,370,390,380
Tomato Big(Nepali),2/6/2021,KG,50,60,55
Tomato Big(Indian),2/6/2021,KG,50,60,55
Potato Red,2/6/2021,KG,25,30,27.5
Onion Dry (Indian),2/6/2021,KG,70,75,72.5
Cabbage(Local),2/6/2021,KG,15,20,17.5
Garlic Dry Chinese,2/6/2021,KG,380,400,390
Tomato Big(Nepali),2/7/2021,KG,45,50,47.5
Tomato Big(Indian),2/7/2021,KG,45,50,47.5
Potato Red,2/7/2021,KG,25,30,27.5
Onion Dry (Indian),2/7/2021,KG,70,75,72.5
Cabbage(Local),2/7/2021,KG,18,20,19
Garlic Dry Chinese,2/7/2021,KG,380,400,390
Tomato Big(Nepali),2/8/2021,KG,50,60,55
Tomato Big(Indian),2/8/2021,KG,50,60,55
Potato Red,2/8/2021,KG,25,30,27.5
Onion Dry (Indian),2/8/2021,KG,70,75,72.5
Cabbage(Local),2/8/2021,KG,15,20,17.5
Garlic Dry Chinese,2/8/2021,KG,290,310,300
Tomato Big(Nepali),2/9/2021,KG,50,60,55
Tomato Big(Indian),2/9/2021,KG,45,50,47.5
Potato Red,2/9/2021,KG,25,30,27.5
Onion Dry (Indian),2/9/2021,KG,70,75,72.5
Cabbage(Local),2/9/2021,KG,15,20,17.5
Garlic Dry Chinese,2/9/2021,KG,280,300,290
Tomato Big(Nepali),2/10/2021,KG,50,60,55
Tomato Big(Indian),2/10/2021,KG,40,50,45
Potato Red,2/10/2021,KG,24,28,26
Onion Dry (Indian),2/10/2021,KG,78,82,80
Cabbage(Local),2/10/2021,KG,15,20,17.5
Garlic Dry Chinese,2/10/2021,KG,280,300,290
Tomato Big(Nepali),2/11/2021,KG,50,60,55
Tomato Big(Indian),2/11/2021,KG,45,55,50
Potato Red,2/11/2021,KG,24,28,26
Onion Dry (Indian),2/11/2021,KG,78,82,80
Cabbage(Local),2/11/2021,KG,15,20,17.5
Garlic Dry Chinese,2/11/2021,KG,270,290,280
Tomato Big(Nepali),2/12/2021,KG,50,60,55
Tomato Big(Indian),2/12/2021,KG,50,60,55
Potato Red,2/12/2021,KG,22,26,24
Onion Dry (Indian),2/12/2021,KG,80,85,82.5
Cabbage(Local),2/12/2021,KG,15,20,17.5
Garlic Dry Chinese,2/12/2021,KG,270,290,280
Tomato Big(Nepali),2/13/2021,KG,50,60,55
Tomato Big(Indian),2/13/2021,KG,50,60,55
Potato Red,2/13/2021,KG,22,26,24
Onion Dry (Indian),2/13/2021,KG,80,85,82.5
Cabbage(Local),2/13/2021,KG,15,20,17.5
Garlic Dry Chinese,2/13/2021,KG,250,270,260
Tomato Big(Nepali),2/14/2021,KG,50,60,55
Tomato Big(Indian),2/14/2021,KG,50,60,55
Potato Red,2/14/2021,KG,25,27,26
Onion Dry (Indian),2/14/2021,KG,80,82,81
Cabbage(Local),2/14/2021,KG,18,20,19
Garlic Dry Chinese,2/14/2021,KG,260,270,265
Tomato Big(Nepali),2/15/2021,KG,50,60,55
Tomato Big(Indian),2/15/2021,KG,50,60,55
Potato Red,2/15/2021,KG,24,28,26
Onion Dry (Indian),2/15/2021,KG,78,82,80
Cabbage(Local),2/15/2021,KG,15,20,17.5
Garlic Dry Chinese,2/15/2021,KG,250,260,255
Tomato Big(Nepali),2/16/2021,KG,50,60,55
Tomato Big(Indian),2/16/2021,KG,50,60,55
Potato Red,2/16/2021,KG,24,28,26
Onion Dry (Indian),2/16/2021,KG,75,80,77.5
Cabbage(Local),2/16/2021,KG,15,20,17.5
Garlic Dry Chinese,2/16/2021,KG,250,270,260
Tomato Big(Nepali),2/17/2021,KG,50,60,55
Tomato Big(Indian),2/17/2021,KG,50,60,55
Potato Red,2/17/2021,KG,26,28,27
Onion Dry (Indian),2/17/2021,KG,80,85,82.5
Cabbage(Local),2/17/2021,KG,15,18,16.5
Garlic Dry Chinese,2/17/2021,KG,250,270,260
Tomato Big(Nepali),2/18/2021,KG,50,60,55
Tomato Big(Indian),2/18/2021,KG,50,60,55
Potato Red,2/18/2021,KG,26,28,27
Onion Dry (Indian),2/18/2021,KG,83,85,84
Cabbage(Local),2/18/2021,KG,14,16,15
Garlic Dry Chinese,2/18/2021,KG,260,270,265
Tomato Big(Nepali),2/19/2021,KG,45,50,47.5
Tomato Big(Indian),2/19/2021,KG,45,50,47.5
Potato Red,2/19/2021,KG,25,30,27.5
Onion Dry (Indian),2/19/2021,KG,80,85,82.5
Cabbage(Local),2/19/2021,KG,15,20,17.5
Garlic Dry Chinese,2/19/2021,KG,260,270,265
Tomato Big(Nepali),2/20/2021,KG,40,50,45
Tomato Big(Indian),2/20/2021,KG,40,50,45
Potato Red,2/20/2021,KG,26,28,27
Onion Dry (Indian),2/20/2021,KG,80,85,82.5
Cabbage(Local),2/20/2021,KG,15,20,17.5
Garlic Dry Chinese,2/20/2021,KG,240,260,250
Tomato Big(Nepali),2/21/2021,KG,40,45,42.5
Tomato Big(Indian),2/21/2021,KG,40,50,45
Potato Red,2/21/2021,KG,25,30,27.5
Onion Dry (Indian),2/21/2021,KG,80,85,82.5
Cabbage(Local),2/21/2021,KG,15,20,17.5
Garlic Dry Chinese,2/21/2021,KG,240,260,250
Tomato Big(Nepali),2/22/2021,KG,40,50,45
Tomato Big(Indian),2/22/2021,KG,40,50,45
Potato Red,2/22/2021,KG,26,28,27
Onion Dry (Indian),2/22/2021,KG,80,85,82.5
Cabbage(Local),2/22/2021,KG,15,20,17.5
Garlic Dry Chinese,2/22/2021,KG,230,250,240
Tomato Big(Nepali),2/23/2021,KG,40,50,45
Tomato Big(Indian),2/23/2021,KG,40,50,45
Potato Red,2/23/2021,KG,26,28,27
Onion Dry (Indian),2/23/2021,KG,80,85,82.5
Cabbage(Local),2/23/2021,KG,14,18,16
Garlic Dry Chinese,2/23/2021,KG,230,240,235
Tomato Big(Nepali),2/24/2021,KG,40,50,45
Tomato Big(Indian),2/24/2021,KG,40,50,45
Potato Red,2/24/2021,KG,26,28,27
Onion Dry (Indian),2/24/2021,KG,80,85,82.5
Cabbage(Local),2/24/2021,KG,12,16,14
Garlic Dry Chinese,2/24/2021,KG,230,240,235
Tomato Big(Nepali),2/25/2021,KG,40,50,45
Tomato Big(Indian),2/25/2021,KG,40,50,45
Potato Red,2/25/2021,KG,25,30,27.5
Onion Dry (Indian),2/25/2021,KG,80,85,82.5
Cabbage(Local),2/25/2021,KG,14,18,16
Garlic Dry Chinese,2/25/2021,KG,220,240,230
Tomato Big(Nepali),2/26/2021,KG,40,50,45
Tomato Big(Indian),2/26/2021,KG,40,50,45
Potato Red,2/26/2021,KG,25,30,27.5
Onion Dry (Indian),2/26/2021,KG,70,75,72.5
Cabbage(Local),2/26/2021,KG,12,16,14
Garlic Dry Chinese,2/26/2021,KG,220,230,225
Tomato Big(Nepali),2/27/2021,KG,40,50,45
Tomato Big(Indian),2/27/2021,KG,40,50,45
Potato Red,2/27/2021,KG,25,30,27.5
Onion Dry (Indian),2/27/2021,KG,68,72,70
Cabbage(Local),2/27/2021,KG,12,16,14
Garlic Dry Chinese,2/27/2021,KG,200,220,210
Tomato Big(Nepali),2/28/2021,KG,40,50,45
Tomato Big(Indian),2/28/2021,KG,40,50,45
Potato Red,2/28/2021,KG,25,30,27.5
Onion Dry (Indian),2/28/2021,KG,60,65,62.5
Cabbage(Local),2/28/2021,KG,14,16,15
Garlic Dry Chinese,2/28/2021,KG,200,220,210
Tomato Big(Nepali),3/1/2021,KG,40,50,45
Tomato Big(Indian),3/1/2021,KG,40,50,45
Potato Red,3/1/2021,KG,25,30,27.5
Onion Dry (Indian),3/1/2021,KG,60,65,62.5
Cabbage(Local),3/1/2021,KG,10,14,12
Garlic Dry Chinese,3/1/2021,KG,200,210,205
Tomato Big(Nepali),3/2/2021,KG,40,50,45
Tomato Big(Indian),3/2/2021,KG,40,50,45
Potato Red,3/2/2021,KG,25,30,27.5
Onion Dry (Indian),3/2/2021,KG,60,65,62.5
Cabbage(Local),3/2/2021,KG,12,15,13.5
Garlic Dry Chinese,3/2/2021,KG,200,210,205
Tomato Big(Nepali),3/3/2021,KG,40,50,45
Tomato Big(Indian),3/3/2021,KG,40,50,45
Potato Red,3/3/2021,KG,25,30,27.5
Onion Dry (Indian),3/3/2021,KG,64,68,66
Cabbage(Local),3/3/2021,KG,10,15,12.5
Garlic Dry Chinese,3/3/2021,KG,200,210,205
Tomato Big(Indian),3/5/2021,KG,45,50,47.5
Potato Red,3/5/2021,KG,25,30,27.5
Onion Dry (Indian),3/5/2021,KG,65,70,67.5
Cabbage(Local),3/5/2021,KG,12,15,13.5
Garlic Dry Chinese,3/5/2021,KG,190,200,195
Tomato Big(Indian),3/6/2021,KG,40,50,45
Potato Red,3/6/2021,KG,25,30,27.5
Onion Dry (Indian),3/6/2021,KG,60,65,62.5
Cabbage(Local),3/6/2021,KG,12,16,14
Garlic Dry Chinese,3/6/2021,KG,190,200,195
Tomato Big(Nepali),3/7/2021,KG,40,50,45
Tomato Big(Indian),3/7/2021,KG,40,50,45
Potato Red,3/7/2021,KG,25,30,27.5
Onion Dry (Indian),3/7/2021,KG,55,60,57.5
Cabbage(Local),3/7/2021,KG,12,15,13.5
Garlic Dry Chinese,3/7/2021,KG,190,200,195
Tomato Big(Indian),3/8/2021,KG,50,60,55
Potato Red,3/8/2021,KG,25,30,27.5
Onion Dry (Indian),3/8/2021,KG,58,62,60
Cabbage(Local),3/8/2021,KG,10,15,12.5
Garlic Dry Chinese,3/8/2021,KG,180,200,190
Tomato Big(Indian),3/9/2021,KG,50,60,55
Potato Red,3/9/2021,KG,24,28,26
Onion Dry (Indian),3/9/2021,KG,52,56,54
Cabbage(Local),3/9/2021,KG,10,15,12.5
Garlic Dry Chinese,3/9/2021,KG,180,200,190
Tomato Big(Indian),3/10/2021,KG,50,60,55
Potato Red,3/10/2021,KG,24,28,26
Onion Dry (Indian),3/10/2021,KG,48,52,50
Cabbage(Local),3/10/2021,KG,10,15,12.5
Garlic Dry Chinese,3/10/2021,KG,180,190,185
Tomato Big(Indian),3/11/2021,KG,40,50,45
Potato Red,3/11/2021,KG,25,30,27.5
Onion Dry (Indian),3/11/2021,KG,45,50,47.5
Cabbage(Local),3/11/2021,KG,12,15,13.5
Garlic Dry Chinese,3/11/2021,KG,170,190,180
Tomato Big(Indian),3/12/2021,KG,45,55,50
Potato Red,3/12/2021,KG,25,30,27.5
Onion Dry (Indian),3/12/2021,KG,40,45,42.5
Cabbage(Local),3/12/2021,KG,10,15,12.5
Garlic Dry Chinese,3/12/2021,KG,170,190,180
Tomato Big(Indian),3/13/2021,KG,50,60,55
Potato Red,3/13/2021,KG,25,30,27.5
Onion Dry (Indian),3/13/2021,KG,40,45,42.5
Cabbage(Local),3/13/2021,KG,12,15,13.5
Garlic Dry Chinese,3/13/2021,KG,170,190,180
Tomato Big(Nepali),3/14/2021,KG,45,55,50
Tomato Big(Indian),3/14/2021,KG,45,55,50
Potato Red,3/14/2021,KG,25,30,27.5
Onion Dry (Indian),3/14/2021,KG,45,50,47.5
Cabbage(Local),3/14/2021,KG,10,15,12.5
Garlic Dry Chinese,3/14/2021,KG,170,190,180
Tomato Big(Nepali),3/15/2021,KG,45,55,50
Tomato Big(Indian),3/15/2021,KG,45,55,50
Potato Red,3/15/2021,KG,25,30,27.5
Onion Dry (Indian),3/15/2021,KG,45,50,47.5
Cabbage(Local),3/15/2021,KG,10,15,12.5
Garlic Dry Chinese,3/15/2021,KG,170,180,175
Tomato Big(Nepali),3/16/2021,KG,45,55,50
Tomato Big(Indian),3/16/2021,KG,45,55,50
Potato Red,3/16/2021,KG,25,30,27.5
Onion Dry (Indian),3/16/2021,KG,45,50,47.5
Cabbage(Local),3/16/2021,KG,12,15,13.5
Garlic Dry Chinese,3/16/2021,KG,170,180,175
Tomato Big(Nepali),3/17/2021,KG,40,50,45
Tomato Big(Indian),3/17/2021,KG,40,50,45
Potato Red,3/17/2021,KG,24,28,26
Onion Dry (Indian),3/17/2021,KG,40,45,42.5
Cabbage(Local),3/17/2021,KG,10,15,12.5
Garlic Dry Chinese,3/17/2021,KG,160,180,170
Tomato Big(Nepali),3/18/2021,KG,40,50,45
Tomato Big(Indian),3/18/2021,KG,40,50,45
Potato Red,3/18/2021,KG,25,30,27.5
Onion Dry (Indian),3/18/2021,KG,45,48,46.5
Cabbage(Local),3/18/2021,KG,10,15,12.5
Garlic Dry Chinese,3/18/2021,KG,160,180,170
Tomato Big(Indian),3/19/2021,KG,40,50,45
Potato Red,3/19/2021,KG,24,28,26
Onion Dry (Indian),3/19/2021,KG,40,45,42.5
Cabbage(Local),3/19/2021,KG,10,15,12.5
Garlic Dry Chinese,3/19/2021,KG,160,170,165
Tomato Big(Indian),3/20/2021,KG,40,50,45
Potato Red,3/20/2021,KG,24,28,26
Onion Dry (Indian),3/20/2021,KG,38,42,40
Cabbage(Local),3/20/2021,KG,10,15,12.5
Garlic Dry Chinese,3/20/2021,KG,155,165,160
Tomato Big(Nepali),3/21/2021,KG,40,50,45
Tomato Big(Indian),3/21/2021,KG,40,50,45
Potato Red,3/21/2021,KG,25,30,27.5
Onion Dry (Indian),3/21/2021,KG,35,38,36.5
Cabbage(Local),3/21/2021,KG,10,12,11
Garlic Dry Chinese,3/21/2021,KG,150,160,155
Tomato Big(Indian),3/22/2021,KG,40,50,45
Potato Red,3/22/2021,KG,25,30,27.5
Onion Dry (Indian),3/22/2021,KG,38,40,39
Cabbage(Local),3/22/2021,KG,10,15,12.5
Garlic Dry Chinese,3/22/2021,KG,150,160,155
Tomato Big(Nepali),3/23/2021,KG,40,50,45
Potato Red,3/23/2021,KG,24,28,26
Onion Dry (Indian),3/23/2021,KG,38,40,39
Cabbage(Local),3/23/2021,KG,10,15,12.5
Garlic Dry Chinese,3/23/2021,KG,150,160,155
Tomato Big(Indian),3/24/2021,KG,40,50,45
Potato Red,3/24/2021,KG,25,30,27.5
Onion Dry (Indian),3/24/2021,KG,38,40,39
Cabbage(Local),3/24/2021,KG,10,15,12.5
Garlic Dry Chinese,3/24/2021,KG,150,160,155
Tomato Big(Indian),3/25/2021,KG,40,50,45
Potato Red,3/25/2021,KG,25,30,27.5
Onion Dry (Indian),3/25/2021,KG,35,40,37.5
Cabbage(Local),3/25/2021,KG,10,15,12.5
Garlic Dry Chinese,3/25/2021,KG,150,160,155
Tomato Big(Indian),3/26/2021,KG,40,50,45
Potato Red,3/26/2021,KG,25,30,27.5
Onion Dry (Indian),3/26/2021,KG,35,40,37.5
Cabbage(Local),3/26/2021,KG,10,15,12.5
Garlic Dry Chinese,3/26/2021,KG,150,160,155
Tomato Big(Indian),3/27/2021,KG,40,50,45
Potato Red,3/27/2021,KG,28,30,29
Onion Dry (Indian),3/27/2021,KG,35,40,37.5
Cabbage(Local),3/27/2021,KG,10,15,12.5
Garlic Dry Chinese,3/27/2021,KG,150,160,155
Tomato Big(Nepali),3/28/2021,KG,40,50,45
Tomato Big(Indian),3/28/2021,KG,40,50,45
Potato Red,3/28/2021,KG,28,32,30
Onion Dry (Indian),3/28/2021,KG,35,40,37.5
Cabbage(Local),3/28/2021,KG,10,13,11.5
Garlic Dry Chinese,3/28/2021,KG,150,160,155
Tomato Big(Indian),3/29/2021,KG,45,50,47.5
Potato Red,3/29/2021,KG,30,32,31
Onion Dry (Indian),3/29/2021,KG,35,40,37.5
Cabbage(Local),3/29/2021,KG,10,15,12.5
Garlic Dry Chinese,3/29/2021,KG,150,160,155
Tomato Big(Nepali),3/30/2021,KG,45,50,47.5
Tomato Big(Indian),3/30/2021,KG,45,50,47.5
Potato Red,3/30/2021,KG,30,35,32.5
Onion Dry (Indian),3/30/2021,KG,35,40,37.5
Cabbage(Local),3/30/2021,KG,15,20,17.5
Garlic Dry Chinese,3/30/2021,KG,150,160,155
Tomato Big(Indian),3/31/2021,KG,50,55,52.5
Potato Red,3/31/2021,KG,30,35,32.5
Onion Dry (Indian),3/31/2021,KG,36,38,37
Cabbage(Local),3/31/2021,KG,10,15,12.5
Garlic Dry Chinese,3/31/2021,KG,150,160,155
Tomato Big(Indian),4/1/2021,KG,50,60,55
Potato Red,4/1/2021,KG,32,35,33.5
Onion Dry (Indian),4/1/2021,KG,36,38,37
Cabbage(Local),4/1/2021,KG,12,16,14
Garlic Dry Chinese,4/1/2021,KG,150,160,155
Tomato Big(Indian),4/2/2021,KG,50,60,55
Potato Red,4/2/2021,KG,30,35,32.5
Onion Dry (Indian),4/2/2021,KG,35,38,36.5
Cabbage(Local),4/2/2021,KG,12,16,14
Garlic Dry Chinese,4/2/2021,KG,150,160,155
Tomato Big(Indian),4/3/2021,KG,50,60,55
Potato Red,4/3/2021,KG,30,35,32.5
Onion Dry (Indian),4/3/2021,KG,34,36,35
Cabbage(Local),4/3/2021,KG,14,18,16
Garlic Dry Chinese,4/3/2021,KG,140,160,150
Tomato Big(Nepali),4/4/2021,KG,50,60,55
Tomato Big(Indian),4/4/2021,KG,50,60,55
Potato Red,4/4/2021,KG,30,35,32.5
Onion Dry (Indian),4/4/2021,KG,34,38,36
Cabbage(Local),4/4/2021,KG,15,20,17.5
Garlic Dry Chinese,4/4/2021,KG,140,160,150
Tomato Big(Indian),4/5/2021,KG,50,60,55
Potato Red,4/5/2021,KG,32,35,33.5
Onion Dry (Indian),4/5/2021,KG,34,36,35
Cabbage(Local),4/5/2021,KG,18,20,19
Garlic Dry Chinese,4/5/2021,KG,140,160,150
Tomato Big(Indian),4/6/2021,KG,50,60,55
Potato Red,4/6/2021,KG,32,35,33.5
Onion Dry (Indian),4/6/2021,KG,34,36,35
Cabbage(Local),4/6/2021,KG,22,28,25
Garlic Dry Chinese,4/6/2021,KG,140,160,150
Tomato Big(Indian),4/7/2021,KG,40,50,45
Potato Red,4/7/2021,KG,30,32,31
Onion Dry (Indian),4/7/2021,KG,35,37,36
Cabbage(Local),4/7/2021,KG,20,30,25
Garlic Dry Chinese,4/7/2021,KG,140,160,150
Tomato Big(Indian),4/8/2021,KG,40,50,45
Potato Red,4/8/2021,KG,30,35,32.5
Onion Dry (Indian),4/8/2021,KG,34,36,35
Cabbage(Local),4/8/2021,KG,20,30,25
Garlic Dry Chinese,4/8/2021,KG,140,150,145
Tomato Big(Indian),4/9/2021,KG,50,60,55
Potato Red,4/9/2021,KG,30,35,32.5
Onion Dry (Indian),4/9/2021,KG,34,36,35
Cabbage(Local),4/9/2021,KG,20,28,24
Garlic Dry Chinese,4/9/2021,KG,140,150,145
Tomato Big(Indian),4/10/2021,KG,50,60,55
Potato Red,4/10/2021,KG,30,35,32.5
Onion Dry (Indian),4/10/2021,KG,35,36,35.5
Cabbage(Local),4/10/2021,KG,22,26,24
Garlic Dry Chinese,4/10/2021,KG,140,150,145
Tomato Big(Indian),4/11/2021,KG,50,60,55
Potato Red,4/11/2021,KG,30,34,32
Onion Dry (Indian),4/11/2021,KG,34,36,35
Cabbage(Local),4/11/2021,KG,25,30,27.5
Garlic Dry Chinese,4/11/2021,KG,140,150,145
Tomato Big(Indian),4/12/2021,KG,50,60,55
Potato Red,4/12/2021,KG,30,34,32
Onion Dry (Indian),4/12/2021,KG,35,36,35.5
Cabbage(Local),4/12/2021,KG,25,30,27.5
Garlic Dry Chinese,4/12/2021,KG,140,150,145
Tomato Big(Indian),4/13/2021,KG,50,60,55
Potato Red,4/13/2021,KG,30,35,32.5
Onion Dry (Indian),4/13/2021,KG,34,36,35
Cabbage(Local),4/13/2021,KG,25,30,27.5
Garlic Dry Chinese,4/13/2021,KG,130,150,140
Tomato Big(Indian),4/14/2021,KG,50,60,55
Potato Red,4/14/2021,KG,30,35,32.5
Onion Dry (Indian),4/14/2021,KG,34,36,35
Cabbage(Local),4/14/2021,KG,35,40,37.5
Garlic Dry Chinese,4/14/2021,KG,140,150,145
Tomato Big(Indian),4/15/2021,KG,50,55,52.5
Potato Red,4/15/2021,KG,30,35,32.5
Onion Dry (Indian),4/15/2021,KG,34,36,35
Cabbage(Local),4/15/2021,KG,30,40,35
Garlic Dry Chinese,4/15/2021,KG,140,150,145
Tomato Big(Indian),4/16/2021,KG,40,50,45
Potato Red,4/16/2021,KG,30,35,32.5
Onion Dry (Indian),4/16/2021,KG,34,36,35
Cabbage(Local),4/16/2021,KG,30,40,35
Garlic Dry Chinese,4/16/2021,KG,130,150,140
Tomato Big(Indian),4/17/2021,KG,40,50,45
Potato Red,4/17/2021,KG,30,35,32.5
Onion Dry (Indian),4/17/2021,KG,35,36,35.5
Cabbage(Local),4/17/2021,KG,25,35,30
Garlic Dry Chinese,4/17/2021,KG,130,150,140
Tomato Big(Nepali),4/18/2021,KG,45,50,47.5
Tomato Big(Indian),4/18/2021,KG,45,50,47.5
Potato Red,4/18/2021,KG,30,33,31.5
Onion Dry (Indian),4/18/2021,KG,35,36,35.5
Cabbage(Local),4/18/2021,KG,35,40,37.5
Garlic Dry Chinese,4/18/2021,KG,130,140,135
Tomato Big(Indian),4/19/2021,KG,40,50,45
Potato Red,4/19/2021,KG,30,33,31.5
Onion Dry (Indian),4/19/2021,KG,34,36,35
Cabbage(Local),4/19/2021,KG,35,40,37.5
Garlic Dry Chinese,4/19/2021,KG,130,150,140
Tomato Big(Indian),4/20/2021,KG,40,50,45
Potato Red,4/20/2021,KG,30,35,32.5
Onion Dry (Indian),4/20/2021,KG,35,38,36.5
Cabbage(Local),4/20/2021,KG,30,35,32.5
Garlic Dry Chinese,4/20/2021,KG,130,150,140
Tomato Big(Indian),4/21/2021,KG,50,60,55
Potato Red,4/21/2021,KG,30,35,32.5
Onion Dry (Indian),4/21/2021,KG,35,38,36.5
Cabbage(Local),4/21/2021,KG,30,35,32.5
Garlic Dry Chinese,4/21/2021,KG,130,150,140
Tomato Big(Indian),4/22/2021,KG,50,60,55
Potato Red,4/22/2021,KG,30,35,32.5
Onion Dry (Indian),4/22/2021,KG,35,38,36.5
Cabbage(Local),4/22/2021,KG,30,35,32.5
Garlic Dry Chinese,4/22/2021,KG,130,140,135
Tomato Big(Indian),4/23/2021,KG,50,60,55
Potato Red,4/23/2021,KG,30,35,32.5
Onion Dry (Indian),4/23/2021,KG,35,38,36.5
Cabbage(Local),4/23/2021,KG,30,35,32.5
Garlic Dry Chinese,4/23/2021,KG,130,140,135
Tomato Big(Indian),4/24/2021,KG,50,60,55
Potato Red,4/24/2021,KG,30,35,32.5
Onion Dry (Indian),4/24/2021,KG,35,40,37.5
Cabbage(Local),4/24/2021,KG,30,40,35
Garlic Dry Chinese,4/24/2021,KG,140,150,145
Tomato Big(Nepali),4/25/2021,KG,50,60,55
Tomato Big(Indian),4/25/2021,KG,50,60,55
Potato Red,4/25/2021,KG,30,35,32.5
Onion Dry (Indian),4/25/2021,KG,35,40,37.5
Cabbage(Local),4/25/2021,KG,35,40,37.5
Garlic Dry Chinese,4/25/2021,KG,140,160,150
Tomato Big(Nepali),4/26/2021,KG,50,60,55
Tomato Big(Indian),4/26/2021,KG,50,60,55
Potato Red,4/26/2021,KG,35,38,36.5
Onion Dry (Indian),4/26/2021,KG,35,38,36.5
Cabbage(Local),4/26/2021,KG,30,40,35
Garlic Dry Chinese,4/26/2021,KG,130,150,140
Tomato Big(Indian),4/27/2021,KG,50,60,55
Potato Red,4/27/2021,KG,35,40,37.5
Onion Dry (Indian),4/27/2021,KG,35,38,36.5
Cabbage(Local),4/27/2021,KG,30,40,35
Garlic Dry Chinese,4/27/2021,KG,130,150,140
Tomato Big(Indian),4/28/2021,KG,50,60,55
Potato Red,4/28/2021,KG,40,50,45
Onion Dry (Indian),4/28/2021,KG,38,42,40
Cabbage(Local),4/28/2021,KG,30,40,35
Garlic Dry Chinese,4/28/2021,KG,180,200,190
Tomato Big(Indian),4/29/2021,KG,50,60,55
Potato Red,4/29/2021,KG,40,50,45
Onion Dry (Indian),4/29/2021,KG,40,42,41
Cabbage(Local),4/29/2021,KG,30,40,35
Garlic Dry Chinese,4/29/2021,KG,200,220,210
Tomato Big(Indian),4/30/2021,KG,40,50,45
Potato Red,4/30/2021,KG,45,50,47.5
Onion Dry (Indian),4/30/2021,KG,38,42,40
Cabbage(Local),4/30/2021,KG,35,45,40
Garlic Dry Chinese,4/30/2021,KG,240,250,245
Potato Red,5/1/2021,KG,40,50,45
Onion Dry (Indian),5/1/2021,KG,40,42,41
Cabbage(Local),5/1/2021,KG,30,35,32.5
Garlic Dry Chinese,5/1/2021,KG,240,250,245
Tomato Big(Nepali),5/2/2021,KG,25,30,27.5
Tomato Big(Indian),5/2/2021,KG,25,30,27.5
Potato Red,5/2/2021,KG,40,45,42.5
Onion Dry (Indian),5/2/2021,KG,40,45,42.5
Cabbage(Local),5/2/2021,KG,30,35,32.5
Garlic Dry Chinese,5/2/2021,KG,240,250,245
Tomato Big(Indian),5/3/2021,KG,30,40,35
Potato Red,5/3/2021,KG,40,45,42.5
Onion Dry (Indian),5/3/2021,KG,40,42,41
Cabbage(Local),5/3/2021,KG,28,32,30
Garlic Dry Chinese,5/3/2021,KG,230,240,235
Tomato Big(Indian),5/4/2021,KG,40,50,45
Potato Red,5/4/2021,KG,40,45,42.5
Onion Dry (Indian),5/4/2021,KG,40,42,41
Cabbage(Local),5/4/2021,KG,30,35,32.5
Garlic Dry Chinese,5/4/2021,KG,240,250,245
Tomato Big(Nepali),5/5/2021,KG,40,50,45
Tomato Big(Indian),5/5/2021,KG,40,50,45
Potato Red,5/5/2021,KG,38,40,39
Onion Dry (Indian),5/5/2021,KG,38,40,39
Cabbage(Local),5/5/2021,KG,25,30,27.5
Garlic Dry Chinese,5/5/2021,KG,240,250,245
Tomato Big(Nepali),5/6/2021,KG,40,50,45
Tomato Big(Indian),5/6/2021,KG,40,50,45
Potato Red,5/6/2021,KG,38,40,39
Onion Dry (Indian),5/6/2021,KG,38,40,39
Cabbage(Local),5/6/2021,KG,20,30,25
Garlic Dry Chinese,5/6/2021,KG,240,250,245
Tomato Big(Nepali),5/7/2021,KG,40,50,45
Tomato Big(Indian),5/7/2021,KG,40,50,45
Potato Red,5/7/2021,KG,35,38,36.5
Onion Dry (Indian),5/7/2021,KG,36,38,37
Cabbage(Local),5/7/2021,KG,20,30,25
Garlic Dry Chinese,5/7/2021,KG,240,250,245
Tomato Big(Indian),5/8/2021,KG,40,50,45
Potato Red,5/8/2021,KG,35,38,36.5
Onion Dry (Indian),5/8/2021,KG,35,40,37.5
Cabbage(Local),5/8/2021,KG,20,30,25
Garlic Dry Chinese,5/8/2021,KG,240,250,245
Tomato Big(Indian),5/9/2021,KG,40,50,45
Potato Red,5/9/2021,KG,35,38,36.5
Onion Dry (Indian),5/9/2021,KG,35,38,36.5
Cabbage(Local),5/9/2021,KG,20,30,25
Garlic Dry Chinese,5/9/2021,KG,240,250,245
Tomato Big(Indian),5/10/2021,KG,40,50,45
Potato Red,5/10/2021,KG,35,38,36.5
Onion Dry (Indian),5/10/2021,KG,35,38,36.5
Cabbage(Local),5/10/2021,KG,20,30,25
Garlic Dry Chinese,5/10/2021,KG,240,250,245
Tomato Big(Indian),5/11/2021,KG,40,50,45
Potato Red,5/11/2021,KG,35,38,36.5
Onion Dry (Indian),5/11/2021,KG,35,38,36.5
Cabbage(Local),5/11/2021,KG,20,25,22.5
Garlic Dry Chinese,5/11/2021,KG,240,250,245
Tomato Big(Nepali),5/12/2021,KG,45,50,47.5
Tomato Big(Indian),5/12/2021,KG,45,50,47.5
Potato Red,5/12/2021,KG,35,37,36
Onion Dry (Indian),5/12/2021,KG,38,39,38.5
Cabbage(Local),5/12/2021,KG,20,25,22.5
Garlic Dry Chinese,5/12/2021,KG,245,250,247.5
Tomato Big(Nepali),5/13/2021,KG,45,50,47.5
Tomato Big(Indian),5/13/2021,KG,45,50,47.5
Potato Red,5/13/2021,KG,35,37,36
Onion Dry (Indian),5/13/2021,KG,35,39,37
Cabbage(Local),5/13/2021,KG,20,25,22.5
Garlic Dry Chinese,5/13/2021,KG,240,250,245
Tomato Big(Nepali),5/20/2021,KG,50,60,55
Tomato Big(Indian),5/20/2021,KG,60,70,65
Onion Dry (Indian),5/20/2021,KG,35,38,36.5
Cabbage(Local),5/20/2021,KG,30,35,32.5
Garlic Dry Chinese,5/20/2021,KG,170,180,175
Tomato Big(Nepali),5/21/2021,KG,50,60,55
Tomato Big(Indian),5/21/2021,KG,60,70,65
Onion Dry (Indian),5/21/2021,KG,35,38,36.5
Cabbage(Local),5/21/2021,KG,30,35,32.5
Garlic Dry Chinese,5/21/2021,KG,170,180,175
Tomato Big(Nepali),5/22/2021,KG,50,60,55
Tomato Big(Indian),5/22/2021,KG,60,70,65
Onion Dry (Indian),5/22/2021,KG,35,38,36.5
Cabbage(Local),5/22/2021,KG,30,35,32.5
Garlic Dry Chinese,5/22/2021,KG,170,180,175
Tomato Big(Nepali),5/23/2021,KG,50,60,55
Tomato Big(Indian),5/23/2021,KG,60,70,65
Onion Dry (Indian),5/23/2021,KG,35,38,36.5
Cabbage(Local),5/23/2021,KG,30,35,32.5
Garlic Dry Chinese,5/23/2021,KG,170,180,175
Tomato Big(Nepali),5/24/2021,KG,50,60,55
Tomato Big(Indian),5/24/2021,KG,60,70,65
Onion Dry (Indian),5/24/2021,KG,35,38,36.5
Cabbage(Local),5/24/2021,KG,30,35,32.5
Garlic Dry Chinese,5/24/2021,KG,170,180,175
Tomato Big(Nepali),5/25/2021,KG,50,60,55
Tomato Big(Indian),5/25/2021,KG,60,70,65
Onion Dry (Indian),5/25/2021,KG,35,38,36.5
Cabbage(Local),5/25/2021,KG,30,35,32.5
Garlic Dry Chinese,5/25/2021,KG,170,180,175
Tomato Big(Nepali),5/26/2021,KG,50,60,55
Tomato Big(Indian),5/26/2021,KG,60,70,65
Onion Dry (Indian),5/26/2021,KG,35,38,36.5
Cabbage(Local),5/26/2021,KG,30,35,32.5
Garlic Dry Chinese,5/26/2021,KG,170,180,175
Tomato Big(Nepali),5/27/2021,KG,50,60,55
Tomato Big(Indian),5/27/2021,KG,60,70,65
Onion Dry (Indian),5/27/2021,KG,35,38,36.5
Cabbage(Local),5/27/2021,KG,30,35,32.5
Garlic Dry Chinese,5/27/2021,KG,170,180,175
Tomato Big(Nepali),5/28/2021,KG,50,60,55
Tomato Big(Indian),5/28/2021,KG,60,70,65
Onion Dry (Indian),5/28/2021,KG,35,38,36.5
Cabbage(Local),5/28/2021,KG,30,35,32.5
Garlic Dry Chinese,5/28/2021,KG,170,180,175
Tomato Big(Nepali),5/29/2021,KG,50,60,55
Tomato Big(Indian),5/29/2021,KG,60,70,65
Onion Dry (Indian),5/29/2021,KG,35,38,36.5
Cabbage(Local),5/29/2021,KG,30,35,32.5
Garlic Dry Chinese,5/29/2021,KG,170,180,175
Tomato Big(Nepali),5/30/2021,KG,50,60,55
Tomato Big(Indian),5/30/2021,KG,60,70,65
Onion Dry (Indian),5/30/2021,KG,35,38,36.5
Cabbage(Local),5/30/2021,KG,30,35,32.5
Garlic Dry Chinese,5/30/2021,KG,170,180,175
Tomato Big(Nepali),5/31/2021,KG,50,60,55
Tomato Big(Indian),5/31/2021,KG,60,70,65
Onion Dry (Indian),5/31/2021,KG,35,38,36.5
Cabbage(Local),5/31/2021,KG,30,35,32.5
Garlic Dry Chinese,5/31/2021,KG,170,180,175
Tomato Big(Nepali),6/1/2021,KG,50,60,55
Tomato Big(Indian),6/1/2021,KG,60,70,65
Onion Dry (Indian),6/1/2021,KG,35,38,36.5
Cabbage(Local),6/1/2021,KG,30,35,32.5
Garlic Dry Chinese,6/1/2021,KG,170,180,175
Tomato Big(Nepali),6/2/2021,KG,50,60,55
Tomato Big(Indian),6/2/2021,KG,60,70,65
Onion Dry (Indian),6/2/2021,KG,35,38,36.5
Cabbage(Local),6/2/2021,KG,30,35,32.5
Garlic Dry Chinese,6/2/2021,KG,170,180,175
Tomato Big(Nepali),6/3/2021,KG,50,60,55
Tomato Big(Indian),6/3/2021,KG,60,70,65
Onion Dry (Indian),6/3/2021,KG,35,38,36.5
Cabbage(Local),6/3/2021,KG,30,35,32.5
Garlic Dry Chinese,6/3/2021,KG,170,180,175
Tomato Big(Nepali),6/4/2021,KG,50,60,55
Tomato Big(Indian),6/4/2021,KG,60,70,65
Onion Dry (Indian),6/4/2021,KG,35,38,36.5
Cabbage(Local),6/4/2021,KG,30,35,32.5
Garlic Dry Chinese,6/4/2021,KG,170,180,175
Tomato Big(Nepali),6/5/2021,KG,50,60,55
Tomato Big(Indian),6/5/2021,KG,60,70,65
Onion Dry (Indian),6/5/2021,KG,35,38,36.5
Cabbage(Local),6/5/2021,KG,30,35,32.5
Garlic Dry Chinese,6/5/2021,KG,170,180,175
Tomato Big(Nepali),6/6/2021,KG,50,60,55
Tomato Big(Indian),6/6/2021,KG,60,70,65
Onion Dry (Indian),6/6/2021,KG,35,38,36.5
Cabbage(Local),6/6/2021,KG,30,35,32.5
Garlic Dry Chinese,6/6/2021,KG,170,180,175
Tomato Big(Nepali),6/7/2021,KG,50,60,55
Tomato Big(Indian),6/7/2021,KG,60,70,65
Onion Dry (Indian),6/7/2021,KG,35,38,36.5
Cabbage(Local),6/7/2021,KG,30,35,32.5
Garlic Dry Chinese,6/7/2021,KG,170,180,175
Tomato Big(Nepali),6/8/2021,KG,50,60,55
Tomato Big(Indian),6/8/2021,KG,60,70,65
Onion Dry (Indian),6/8/2021,KG,35,38,36.5
Cabbage(Local),6/8/2021,KG,30,35,32.5
Garlic Dry Chinese,6/8/2021,KG,170,180,175
Tomato Big(Nepali),6/9/2021,KG,50,60,55
Tomato Big(Indian),6/9/2021,KG,60,70,65
Onion Dry (Indian),6/9/2021,KG,35,38,36.5
Cabbage(Local),6/9/2021,KG,30,35,32.5
Garlic Dry Chinese,6/9/2021,KG,170,180,175
Tomato Big(Nepali),6/10/2021,KG,50,60,55
Tomato Big(Indian),6/10/2021,KG,60,70,65
Onion Dry (Indian),6/10/2021,KG,35,38,36.5
Cabbage(Local),6/10/2021,KG,30,35,32.5
Garlic Dry Chinese,6/10/2021,KG,170,180,175
Tomato Big(Nepali),6/11/2021,KG,50,60,55
Tomato Big(Indian),6/11/2021,KG,60,70,65
Onion Dry (Indian),6/11/2021,KG,35,38,36.5
Cabbage(Local),6/11/2021,KG,30,35,32.5
Garlic Dry Chinese,6/11/2021,KG,170,180,175
Tomato Big(Nepali),6/12/2021,KG,50,60,55
Tomato Big(Indian),6/12/2021,KG,60,70,65
Onion Dry (Indian),6/12/2021,KG,35,38,36.5
Cabbage(Local),6/12/2021,KG,30,35,32.5
Garlic Dry Chinese,6/12/2021,KG,170,180,175
Tomato Big(Nepali),6/13/2021,KG,50,60,55
Tomato Big(Indian),6/13/2021,KG,60,70,65
Onion Dry (Indian),6/13/2021,KG,35,38,36.5
Cabbage(Local),6/13/2021,KG,30,35,32.5
Garlic Dry Chinese,6/13/2021,KG,170,180,175
Tomato Big(Nepali),6/14/2021,KG,50,60,55
Tomato Big(Indian),6/14/2021,KG,60,70,65
Onion Dry (Indian),6/14/2021,KG,35,38,36.5
Cabbage(Local),6/14/2021,KG,30,35,32.5
Garlic Dry Chinese,6/14/2021,KG,170,180,175
Tomato Big(Nepali),6/15/2021,KG,50,60,55
Tomato Big(Indian),6/15/2021,KG,60,70,65
Onion Dry (Indian),6/15/2021,KG,35,38,36.5
Cabbage(Local),6/15/2021,KG,30,35,32.5
Garlic Dry Chinese,6/15/2021,KG,170,180,175
Tomato Big(Nepali),6/16/2021,KG,50,60,55
Tomato Big(Indian),6/16/2021,KG,60,70,65
Onion Dry (Indian),6/16/2021,KG,35,38,36.5
Cabbage(Local),6/16/2021,KG,30,35,32.5
Garlic Dry Chinese,6/16/2021,KG,170,180,175
Tomato Big(Nepali),6/17/2021,KG,50,60,55
Tomato Big(Indian),6/17/2021,KG,60,70,65
Onion Dry (Indian),6/17/2021,KG,35,38,36.5
Cabbage(Local),6/17/2021,KG,30,35,32.5
Garlic Dry Chinese,6/17/2021,KG,170,180,175
Tomato Big(Nepali),6/18/2021,KG,50,60,55
Tomato Big(Indian),6/18/2021,KG,60,70,65
Onion Dry (Indian),6/18/2021,KG,35,38,36.5
Cabbage(Local),6/18/2021,KG,30,35,32.5
Garlic Dry Chinese,6/18/2021,KG,170,180,175
Tomato Big(Nepali),6/19/2021,KG,50,60,55
Tomato Big(Indian),6/19/2021,KG,60,70,65
Onion Dry (Indian),6/19/2021,KG,35,38,36.5
Cabbage(Local),6/19/2021,KG,30,35,32.5
Garlic Dry Chinese,6/19/2021,KG,170,180,175
Tomato Big(Nepali),6/20/2021,KG,50,60,55
Tomato Big(Indian),6/20/2021,KG,60,70,65
Onion Dry (Indian),6/20/2021,KG,35,38,36.5
Cabbage(Local),6/20/2021,KG,30,35,32.5
Garlic Dry Chinese,6/20/2021,KG,170,180,175
Tomato Big(Nepali),6/21/2021,KG,50,60,55
Tomato Big(Indian),6/21/2021,KG,60,70,65
Onion Dry (Indian),6/21/2021,KG,35,38,36.5
Cabbage(Local),6/21/2021,KG,30,35,32.5
Garlic Dry Chinese,6/21/2021,KG,170,180,175
Tomato Big(Nepali),6/22/2021,KG,50,60,55
Tomato Big(Indian),6/22/2021,KG,60,70,65
Onion Dry (Indian),6/22/2021,KG,35,38,36.5
Cabbage(Local),6/22/2021,KG,30,35,32.5
Garlic Dry Chinese,6/22/2021,KG,170,180,175
Tomato Big(Nepali),6/23/2021,KG,50,60,55
Tomato Big(Indian),6/23/2021,KG,60,70,65
Onion Dry (Indian),6/23/2021,KG,35,38,36.5
Cabbage(Local),6/23/2021,KG,30,35,32.5
Garlic Dry Chinese,6/23/2021,KG,170,180,175
Tomato Big(Nepali),6/24/2021,KG,50,60,55
Tomato Big(Indian),6/24/2021,KG,60,70,65
Onion Dry (Indian),6/24/2021,KG,35,38,36.5
Cabbage(Local),6/24/2021,KG,30,35,32.5
Garlic Dry Chinese,6/24/2021,KG,170,180,175
Tomato Big(Nepali),6/25/2021,KG,50,60,55
Tomato Big(Indian),6/25/2021,KG,60,70,65
Onion Dry (Indian),6/25/2021,KG,35,38,36.5
Cabbage(Local),6/25/2021,KG,30,35,32.5
Garlic Dry Chinese,6/25/2021,KG,170,180,175
Tomato Big(Nepali),6/26/2021,KG,50,60,55
Tomato Big(Indian),6/26/2021,KG,60,70,65
Onion Dry (Indian),6/26/2021,KG,35,38,36.5
Cabbage(Local),6/26/2021,KG,30,35,32.5
Garlic Dry Chinese,6/26/2021,KG,170,180,175
Tomato Big(Nepali),6/27/2021,KG,50,60,55
Tomato Big(Indian),6/27/2021,KG,60,70,65
Onion Dry (Indian),6/27/2021,KG,35,38,36.5
Cabbage(Local),6/27/2021,KG,30,35,32.5
Garlic Dry Chinese,6/27/2021,KG,170,180,175
Tomato Big(Nepali),6/28/2021,KG,50,60,55
Tomato Big(Indian),6/28/2021,KG,60,70,65
Onion Dry (Indian),6/28/2021,KG,35,38,36.5
Cabbage(Local),6/28/2021,KG,30,35,32.5
Garlic Dry Chinese,6/28/2021,KG,170,180,175
Tomato Big(Nepali),6/29/2021,KG,50,60,55
Tomato Big(Indian),6/29/2021,KG,60,70,65
Onion Dry (Indian),6/29/2021,KG,35,38,36.5
Cabbage(Local),6/29/2021,KG,30,35,32.5
Garlic Dry Chinese,6/29/2021,KG,170,180,175
Tomato Big(Nepali),6/30/2021,KG,50,60,55
Tomato Big(Indian),6/30/2021,KG,60,70,65
Onion Dry (Indian),6/30/2021,KG,35,38,36.5
Cabbage(Local),6/30/2021,KG,30,35,32.5
Garlic Dry Chinese,6/30/2021,KG,170,180,175
Tomato Big(Nepali),7/1/2021,KG,50,60,55
Tomato Big(Indian),7/1/2021,KG,60,70,65
Onion Dry (Indian),7/1/2021,KG,35,38,36.5
Cabbage(Local),7/1/2021,KG,30,35,32.5
Garlic Dry Chinese,7/1/2021,KG,170,180,175
Tomato Big(Nepali),7/2/2021,KG,50,60,55
Tomato Big(Indian),7/2/2021,KG,60,70,65
Onion Dry (Indian),7/2/2021,KG,35,38,36.5
Cabbage(Local),7/2/2021,KG,30,35,32.5
Garlic Dry Chinese,7/2/2021,KG,170,180,175
Tomato Big(Nepali),7/3/2021,KG,50,60,55
Tomato Big(Indian),7/3/2021,KG,60,70,65
Onion Dry (Indian),7/3/2021,KG,35,38,36.5
Cabbage(Local),7/3/2021,KG,30,35,32.5
Garlic Dry Chinese,7/3/2021,KG,170,180,175
Tomato Big(Nepali),7/4/2021,KG,50,60,55
Tomato Big(Indian),7/4/2021,KG,60,70,65
Onion Dry (Indian),7/4/2021,KG,35,38,36.5
Cabbage(Local),7/4/2021,KG,30,35,32.5
Garlic Dry Chinese,7/4/2021,KG,170,180,175
Tomato Big(Nepali),7/5/2021,KG,50,60,55
Tomato Big(Indian),7/5/2021,KG,60,70,65
Onion Dry (Indian),7/5/2021,KG,35,38,36.5
Cabbage(Local),7/5/2021,KG,30,35,32.5
Garlic Dry Chinese,7/5/2021,KG,170,180,175
Tomato Big(Nepali),7/6/2021,KG,50,60,55
Tomato Big(Indian),7/6/2021,KG,60,70,65
Onion Dry (Indian),7/6/2021,KG,35,38,36.5
Cabbage(Local),7/6/2021,KG,30,35,32.5
Garlic Dry Chinese,7/6/2021,KG,170,180,175
Tomato Big(Nepali),7/7/2021,KG,50,60,55
Tomato Big(Indian),7/7/2021,KG,60,70,65
Onion Dry (Indian),7/7/2021,KG,35,38,36.5
Cabbage(Local),7/7/2021,KG,30,35,32.5
Garlic Dry Chinese,7/7/2021,KG,170,180,175
Tomato Big(Nepali),7/8/2021,KG,50,60,55
Tomato Big(Indian),7/8/2021,KG,60,70,65
Onion Dry (Indian),7/8/2021,KG,35,38,36.5
Cabbage(Local),7/8/2021,KG,30,35,32.5
Garlic Dry Chinese,7/8/2021,KG,170,180,175
Tomato Big(Nepali),7/9/2021,KG,50,60,55
Tomato Big(Indian),7/9/2021,KG,60,70,65
Onion Dry (Indian),7/9/2021,KG,35,38,36.5
Cabbage(Local),7/9/2021,KG,30,35,32.5
Garlic Dry Chinese,7/9/2021,KG,170,180,175
Tomato Big(Nepali),7/10/2021,KG,50,60,55
Tomato Big(Indian),7/10/2021,KG,60,70,65
Onion Dry (Indian),7/10/2021,KG,35,38,36.5
Cabbage(Local),7/10/2021,KG,30,35,32.5
Garlic Dry Chinese,7/10/2021,KG,170,180,175
Tomato Big(Nepali),7/11/2021,KG,50,60,55
Tomato Big(Indian),7/11/2021,KG,60,70,65
Onion Dry (Indian),7/11/2021,KG,35,38,36.5
Cabbage(Local),7/11/2021,KG,30,35,32.5
Garlic Dry Chinese,7/11/2021,KG,170,180,175
Tomato Big(Nepali),7/12/2021,KG,50,60,55
Tomato Big(Indian),7/12/2021,KG,60,70,65
Onion Dry (Indian),7/12/2021,KG,35,38,36.5
Cabbage(Local),7/12/2021,KG,30,35,32.5
Garlic Dry Chinese,7/12/2021,KG,170,180,175
Tomato Big(Nepali),7/13/2021,KG,50,60,55
Tomato Big(Indian),7/13/2021,KG,60,70,65
Onion Dry (Indian),7/13/2021,KG,35,38,36.5
Cabbage(Local),7/13/2021,KG,30,35,32.5
Garlic Dry Chinese,7/13/2021,KG,170,180,175
Tomato Big(Nepali),7/14/2021,KG,50,60,55
Tomato Big(Indian),7/14/2021,KG,60,70,65
Onion Dry (Indian),7/14/2021,KG,35,38,36.5
Cabbage(Local),7/14/2021,KG,30,35,32.5
Garlic Dry Chinese,7/14/2021,KG,170,180,175
Tomato Big(Nepali),7/15/2021,KG,50,60,55
Tomato Big(Indian),7/15/2021,KG,60,70,65
Onion Dry (Indian),7/15/2021,KG,35,38,36.5
Cabbage(Local),7/15/2021,KG,30,35,32.5
Garlic Dry Chinese,7/15/2021,KG,170,180,175
Tomato Big(Nepali),7/16/2021,KG,50,60,55
Tomato Big(Indian),7/16/2021,KG,60,70,65
Onion Dry (Indian),7/16/2021,KG,35,38,36.5
Cabbage(Local),7/16/2021,KG,30,35,32.5
Garlic Dry Chinese,7/16/2021,KG,170,180,175
Tomato Big(Nepali),7/17/2021,KG,50,60,55
Tomato Big(Indian),7/17/2021,KG,60,70,65
Onion Dry (Indian),7/17/2021,KG,35,38,36.5
Cabbage(Local),7/17/2021,KG,30,35,32.5
Garlic Dry Chinese,7/17/2021,KG,170,180,175
Tomato Big(Nepali),7/18/2021,KG,50,60,55
Tomato Big(Indian),7/18/2021,KG,60,70,65
Onion Dry (Indian),7/18/2021,KG,35,38,36.5
Cabbage(Local),7/18/2021,KG,30,35,32.5
Garlic Dry Chinese,7/18/2021,KG,170,180,175
Tomato Big(Nepali),7/19/2021,KG,50,60,55
Tomato Big(Indian),7/19/2021,KG,60,70,65
Onion Dry (Indian),7/19/2021,KG,35,38,36.5
Cabbage(Local),7/19/2021,KG,30,35,32.5
Garlic Dry Chinese,7/19/2021,KG,170,180,175
Tomato Big(Nepali),7/20/2021,KG,50,60,55
Tomato Big(Indian),7/20/2021,KG,60,70,65
Onion Dry (Indian),7/20/2021,KG,35,38,36.5
Cabbage(Local),7/20/2021,KG,30,35,32.5
Garlic Dry Chinese,7/20/2021,KG,170,180,175
Tomato Big(Nepali),7/21/2021,KG,50,60,55
Tomato Big(Indian),7/21/2021,KG,60,70,65
Onion Dry (Indian),7/21/2021,KG,35,38,36.5
Cabbage(Local),7/21/2021,KG,30,35,32.5
Garlic Dry Chinese,7/21/2021,KG,170,180,175
Tomato Big(Nepali),7/22/2021,KG,50,60,55
Tomato Big(Indian),7/22/2021,KG,60,70,65
Onion Dry (Indian),7/22/2021,KG,35,38,36.5
Cabbage(Local),7/22/2021,KG,30,35,32.5
Garlic Dry Chinese,7/22/2021,KG,170,180,175
Tomato Big(Nepali),7/23/2021,KG,50,60,55
Tomato Big(Indian),7/23/2021,KG,60,70,65
Onion Dry (Indian),7/23/2021,KG,35,38,36.5
Cabbage(Local),7/23/2021,KG,30,35,32.5
Garlic Dry Chinese,7/23/2021,KG,170,180,175
Tomato Big(Nepali),7/24/2021,KG,50,60,55
Tomato Big(Indian),7/24/2021,KG,60,70,65
Onion Dry (Indian),7/24/2021,KG,35,38,36.5
Cabbage(Local),7/24/2021,KG,30,35,32.5
Garlic Dry Chinese,7/24/2021,KG,170,180,175
Tomato Big(Nepali),7/25/2021,KG,50,60,55
Tomato Big(Indian),7/25/2021,KG,60,70,65
Onion Dry (Indian),7/25/2021,KG,35,38,36.5
Cabbage(Local),7/25/2021,KG,30,35,32.5
Garlic Dry Chinese,7/25/2021,KG,170,180,175
Tomato Big(Nepali),7/26/2021,KG,50,60,55
Tomato Big(Indian),7/26/2021,KG,60,70,65
Onion Dry (Indian),7/26/2021,KG,35,38,36.5
Cabbage(Local),7/26/2021,KG,30,35,32.5
Garlic Dry Chinese,7/26/2021,KG,170,180,175
Tomato Big(Nepali),7/27/2021,KG,50,60,55
Tomato Big(Indian),7/27/2021,KG,60,70,65
Onion Dry (Indian),7/27/2021,KG,35,38,36.5
Cabbage(Local),7/27/2021,KG,30,35,32.5
Garlic Dry Chinese,7/27/2021,KG,170,180,175
Tomato Big(Nepali),7/28/2021,KG,50,60,55
Tomato Big(Indian),7/28/2021,KG,60,70,65
Onion Dry (Indian),7/28/2021,KG,35,38,36.5
Cabbage(Local),7/28/2021,KG,30,35,32.5
Garlic Dry Chinese,7/28/2021,KG,170,180,175
Tomato Big(Nepali),7/29/2021,KG,50,60,55
Tomato Big(Indian),7/29/2021,KG,60,70,65
Onion Dry (Indian),7/29/2021,KG,35,38,36.5
Cabbage(Local),7/29/2021,KG,30,35,32.5
Garlic Dry Chinese,7/29/2021,KG,170,180,175
Tomato Big(Nepali),7/30/2021,KG,50,60,55
Tomato Big(Indian),7/30/2021,KG,60,70,65
Onion Dry (Indian),7/30/2021,KG,35,38,36.5
Cabbage(Local),7/30/2021,KG,30,35,32.5
Garlic Dry Chinese,7/30/2021,KG,170,180,175
Tomato Big(Nepali),7/31/2021,KG,50,60,55
Tomato Big(Indian),7/31/2021,KG,60,70,65
Onion Dry (Indian),7/31/2021,KG,35,38,36.5
Cabbage(Local),7/31/2021,KG,30,35,32.5
Garlic Dry Chinese,7/31/2021,KG,170,180,175
Tomato Big(Nepali),8/1/2021,KG,50,60,55
Tomato Big(Indian),8/1/2021,KG,60,70,65
Onion Dry (Indian),8/1/2021,KG,35,38,36.5
Cabbage(Local),8/1/2021,KG,30,35,32.5
Garlic Dry Chinese,8/1/2021,KG,170,180,175
Tomato Big(Nepali),8/2/2021,KG,50,60,55
Tomato Big(Indian),8/2/2021,KG,60,70,65
Onion Dry (Indian),8/2/2021,KG,35,38,36.5
Cabbage(Local),8/2/2021,KG,30,35,32.5
Garlic Dry Chinese,8/2/2021,KG,170,180,175
Tomato Big(Nepali),8/3/2021,KG,50,60,55
Tomato Big(Indian),8/3/2021,KG,60,70,65
Onion Dry (Indian),8/3/2021,KG,35,38,36.5
Cabbage(Local),8/3/2021,KG,30,35,32.5
Garlic Dry Chinese,8/3/2021,KG,170,180,175
Tomato Big(Nepali),8/4/2021,KG,50,60,55
Tomato Big(Indian),8/4/2021,KG,60,70,65
Onion Dry (Indian),8/4/2021,KG,35,38,36.5
Cabbage(Local),8/4/2021,KG,30,35,32.5
Garlic Dry Chinese,8/4/2021,KG,170,180,175
Tomato Big(Nepali),8/5/2021,KG,50,60,55
Tomato Big(Indian),8/5/2021,KG,60,70,65
Onion Dry (Indian),8/5/2021,KG,35,38,36.5
Cabbage(Local),8/5/2021,KG,30,35,32.5
Garlic Dry Chinese,8/5/2021,KG,170,180,175
Tomato Big(Nepali),8/6/2021,KG,50,60,55
Tomato Big(Indian),8/6/2021,KG,60,70,65
Onion Dry (Indian),8/6/2021,KG,35,38,36.5
Cabbage(Local),8/6/2021,KG,30,35,32.5
Garlic Dry Chinese,8/6/2021,KG,170,180,175
Tomato Big(Nepali),8/7/2021,KG,50,60,55
Tomato Big(Indian),8/7/2021,KG,60,70,65
Onion Dry (Indian),8/7/2021,KG,35,38,36.5
Cabbage(Local),8/7/2021,KG,30,35,32.5
Garlic Dry Chinese,8/7/2021,KG,170,180,175
Tomato Big(Nepali),8/8/2021,KG,50,60,55
Tomato Big(Indian),8/8/2021,KG,60,70,65
Onion Dry (Indian),8/8/2021,KG,35,38,36.5
Cabbage(Local),8/8/2021,KG,30,35,32.5
Garlic Dry Chinese,8/8/2021,KG,170,180,175
Tomato Big(Nepali),8/9/2021,KG,50,60,55
Tomato Big(Indian),8/9/2021,KG,60,70,65
Onion Dry (Indian),8/9/2021,KG,35,38,36.5
Cabbage(Local),8/9/2021,KG,30,35,32.5
Garlic Dry Chinese,8/9/2021,KG,170,180,175
Tomato Big(Nepali),8/10/2021,KG,50,60,55
Tomato Big(Indian),8/10/2021,KG,60,70,65
Onion Dry (Indian),8/10/2021,KG,35,38,36.5
Cabbage(Local),8/10/2021,KG,30,35,32.5
Garlic Dry Chinese,8/10/2021,KG,170,180,175
Tomato Big(Nepali),8/11/2021,KG,50,60,55
Tomato Big(Indian),8/11/2021,KG,60,70,65
Onion Dry (Indian),8/11/2021,KG,35,38,36.5
Cabbage(Local),8/11/2021,KG,30,35,32.5
Garlic Dry Chinese,8/11/2021,KG,170,180,175
Tomato Big(Nepali),8/12/2021,KG,50,60,55
Tomato Big(Indian),8/12/2021,KG,60,70,65
Onion Dry (Indian),8/12/2021,KG,35,38,36.5
Cabbage(Local),8/12/2021,KG,30,35,32.5
Garlic Dry Chinese,8/12/2021,KG,170,180,175
Tomato Big(Nepali),8/13/2021,KG,50,60,55
Tomato Big(Indian),8/13/2021,KG,60,70,65
Onion Dry (Indian),8/13/2021,KG,35,38,36.5
Cabbage(Local),8/13/2021,KG,30,35,32.5
Garlic Dry Chinese,8/13/2021,KG,170,180,175
Tomato Big(Nepali),8/14/2021,KG,50,60,55
Tomato Big(Indian),8/14/2021,KG,60,70,65
Onion Dry (Indian),8/14/2021,KG,35,38,36.5
Cabbage(Local),8/14/2021,KG,30,35,32.5
Garlic Dry Chinese,8/14/2021,KG,170,180,175
Tomato Big(Nepali),8/15/2021,KG,50,60,55
Tomato Big(Indian),8/15/2021,KG,60,70,65
Onion Dry (Indian),8/15/2021,KG,35,38,36.5
Cabbage(Local),8/15/2021,KG,30,35,32.5
Garlic Dry Chinese,8/15/2021,KG,170,180,175
Tomato Big(Nepali),8/16/2021,KG,50,60,55
Tomato Big(Indian),8/16/2021,KG,60,70,65
Onion Dry (Indian),8/16/2021,KG,35,38,36.5
Cabbage(Local),8/16/2021,KG,30,35,32.5
Garlic Dry Chinese,8/16/2021,KG,170,180,175
Tomato Big(Nepali),8/17/2021,KG,50,60,55
Tomato Big(Indian),8/17/2021,KG,60,70,65
Onion Dry (Indian),8/17/2021,KG,35,38,36.5
Cabbage(Local),8/17/2021,KG,30,35,32.5
Garlic Dry Chinese,8/17/2021,KG,170,180,175
Tomato Big(Nepali),8/18/2021,KG,50,60,55
Tomato Big(Indian),8/18/2021,KG,60,70,65
Onion Dry (Indian),8/18/2021,KG,35,38,36.5
Cabbage(Local),8/18/2021,KG,30,35,32.5
Garlic Dry Chinese,8/18/2021,KG,170,180,175
Tomato Big(Nepali),8/19/2021,KG,50,60,55
Tomato Big(Indian),8/19/2021,KG,60,70,65
Onion Dry (Indian),8/19/2021,KG,35,38,36.5
Cabbage(Local),8/19/2021,KG,30,35,32.5
Garlic Dry Chinese,8/19/2021,KG,170,180,175
Tomato Big(Nepali),8/20/2021,KG,50,60,55
Tomato Big(Indian),8/20/2021,KG,60,70,65
Onion Dry (Indian),8/20/2021,KG,35,38,36.5
Cabbage(Local),8/20/2021,KG,30,35,32.5
Garlic Dry Chinese,8/20/2021,KG,170,180,175
Tomato Big(Nepali),8/21/2021,KG,50,60,55
Tomato Big(Indian),8/21/2021,KG,60,70,65
Onion Dry (Indian),8/21/2021,KG,35,38,36.5
Cabbage(Local),8/21/2021,KG,30,35,32.5
Garlic Dry Chinese,8/21/2021,KG,170,180,175
Tomato Big(Nepali),8/22/2021,KG,50,60,55
Tomato Big(Indian),8/22/2021,KG,60,70,65
Onion Dry (Indian),8/22/2021,KG,35,38,36.5
Cabbage(Local),8/22/2021,KG,30,35,32.5
Garlic Dry Chinese,8/22/2021,KG,170,180,175
Tomato Big(Nepali),8/23/2021,KG,50,60,55
Tomato Big(Indian),8/23/2021,KG,60,70,65
Onion Dry (Indian),8/23/2021,KG,35,38,36.5
Cabbage(Local),8/23/2021,KG,30,35,32.5
Garlic Dry Chinese,8/23/2021,KG,170,180,175
Tomato Big(Nepali),8/24/2021,KG,50,60,55
Tomato Big(Indian),8/24/2021,KG,60,70,65
Onion Dry (Indian),8/24/2021,KG,35,38,36.5
Cabbage(Local),8/24/2021,KG,30,35,32.5
Garlic Dry Chinese,8/24/2021,KG,170,180,175
Tomato Big(Nepali),8/25/2021,KG,50,60,55
Tomato Big(Indian),8/25/2021,KG,60,70,65
Onion Dry (Indian),8/25/2021,KG,35,38,36.5
Cabbage(Local),8/25/2021,KG,30,35,32.5
Garlic Dry Chinese,8/25/2021,KG,170,180,175
Tomato Big(Nepali),8/26/2021,KG,50,60,55
Tomato Big(Indian),8/26/2021,KG,60,70,65
Onion Dry (Indian),8/26/2021,KG,35,38,36.5
Cabbage(Local),8/26/2021,KG,30,35,32.5
Garlic Dry Chinese,8/26/2021,KG,170,180,175
Tomato Big(Nepali),8/27/2021,KG,50,60,55
Tomato Big(Indian),8/27/2021,KG,60,70,65
Onion Dry (Indian),8/27/2021,KG,35,38,36.5
Cabbage(Local),8/27/2021,KG,30,35,32.5
Garlic Dry Chinese,8/27/2021,KG,170,180,175
Tomato Big(Nepali),8/28/2021,KG,50,60,55
Tomato Big(Indian),8/28/2021,KG,60,70,65
Onion Dry (Indian),8/28/2021,KG,35,38,36.5
Cabbage(Local),8/28/2021,KG,30,35,32.5
Garlic Dry Chinese,8/28/2021,KG,170,180,175
Tomato Big(Nepali),8/29/2021,KG,50,60,55
Tomato Big(Indian),8/29/2021,KG,60,70,65
Onion Dry (Indian),8/29/2021,KG,35,38,36.5
Cabbage(Local),8/29/2021,KG,30,35,32.5
Garlic Dry Chinese,8/29/2021,KG,170,180,175
Tomato Big(Nepali),8/30/2021,KG,50,60,55
Tomato Big(Indian),8/30/2021,KG,60,70,65
Onion Dry (Indian),8/30/2021,KG,35,38,36.5
Cabbage(Local),8/30/2021,KG,30,35,32.5
Garlic Dry Chinese,8/30/2021,KG,170,180,175
Tomato Big(Nepali),8/31/2021,KG,50,60,55
Tomato Big(Indian),8/31/2021,KG,60,70,65
Onion Dry (Indian),8/31/2021,KG,35,38,36.5
Cabbage(Local),8/31/2021,KG,30,35,32.5
Garlic Dry Chinese,8/31/2021,KG,170,180,175
Tomato Big(Nepali),9/1/2021,KG,50,60,55
Tomato Big(Indian),9/1/2021,KG,60,70,65
Onion Dry (Indian),9/1/2021,KG,35,38,36.5
Cabbage(Local),9/1/2021,KG,30,35,32.5
Garlic Dry Chinese,9/1/2021,KG,170,180,175
Tomato Big(Nepali),9/2/2021,KG,50,60,55
Tomato Big(Indian),9/2/2021,KG,60,70,65
Onion Dry (Indian),9/2/2021,KG,35,38,36.5
Cabbage(Local),9/2/2021,KG,30,35,32.5
Garlic Dry Chinese,9/2/2021,KG,170,180,175
Tomato Big(Nepali),9/3/2021,KG,50,60,55
Tomato Big(Indian),9/3/2021,KG,60,70,65
Onion Dry (Indian),9/3/2021,KG,35,38,36.5
Cabbage(Local),9/3/2021,KG,30,35,32.5
Garlic Dry Chinese,9/3/2021,KG,170,180,175
Tomato Big(Nepali),9/4/2021,KG,50,60,55
Tomato Big(Indian),9/4/2021,KG,60,70,65
Onion Dry (Indian),9/4/2021,KG,35,38,36.5
Cabbage(Local),9/4/2021,KG,30,35,32.5
Garlic Dry Chinese,9/4/2021,KG,170,180,175
Tomato Big(Nepali),9/5/2021,KG,50,60,55
Tomato Big(Indian),9/5/2021,KG,60,70,65
Onion Dry (Indian),9/5/2021,KG,35,38,36.5
Cabbage(Local),9/5/2021,KG,30,35,32.5
Garlic Dry Chinese,9/5/2021,KG,170,180,175
Tomato Big(Nepali),9/6/2021,KG,50,60,55
Tomato Big(Indian),9/6/2021,KG,60,70,65
Onion Dry (Indian),9/6/2021,KG,35,38,36.5
Cabbage(Local),9/6/2021,KG,30,35,32.5
Garlic Dry Chinese,9/6/2021,KG,170,180,175
Tomato Big(Nepali),9/7/2021,KG,50,60,55
Tomato Big(Indian),9/7/2021,KG,60,70,65
Onion Dry (Indian),9/7/2021,KG,35,38,36.5
Cabbage(Local),9/7/2021,KG,30,35,32.5
Garlic Dry Chinese,9/7/2021,KG,170,180,175
Tomato Big(Nepali),9/8/2021,KG,50,60,55
Tomato Big(Indian),9/8/2021,KG,60,70,65
Onion Dry (Indian),9/8/2021,KG,35,38,36.5
Cabbage(Local),9/8/2021,KG,30,35,32.5
Garlic Dry Chinese,9/8/2021,KG,170,180,175
Tomato Big(Nepali),9/9/2021,KG,50,60,55
Tomato Big(Indian),9/9/2021,KG,60,70,65
Onion Dry (Indian),9/9/2021,KG,35,38,36.5
Cabbage(Local),9/9/2021,KG,30,35,32.5
Garlic Dry Chinese,9/9/2021,KG,170,180,175
Tomato Big(Nepali),9/10/2021,KG,50,60,55
Tomato Big(Indian),9/10/2021,KG,60,70,65
Onion Dry (Indian),9/10/2021,KG,35,38,36.5
Cabbage(Local),9/10/2021,KG,30,35,32.5
Garlic Dry Chinese,9/10/2021,KG,170,180,175
Tomato Big(Nepali),9/11/2021,KG,50,60,55
Tomato Big(Indian),9/11/2021,KG,60,70,65
Onion Dry (Indian),9/11/2021,KG,35,38,36.5
Cabbage(Local),9/11/2021,KG,30,35,32.5
Garlic Dry Chinese,9/11/2021,KG,170,180,175
Tomato Big(Nepali),9/12/2021,KG,50,60,55
Tomato Big(Indian),9/12/2021,KG,60,70,65
Onion Dry (Indian),9/12/2021,KG,35,38,36.5
Cabbage(Local),9/12/2021,KG,30,35,32.5
Garlic Dry Chinese,9/12/2021,KG,170,180,175
Tomato Big(Nepali),9/13/2021,KG,50,60,55
Tomato Big(Indian),9/13/2021,KG,60,70,65
Onion Dry (Indian),9/13/2021,KG,35,38,36.5
Cabbage(Local),9/13/2021,KG,30,35,32.5
Garlic Dry Chinese,9/13/2021,KG,170,180,175
Tomato Big(Nepali),9/14/2021,KG,50,60,55
Tomato Big(Indian),9/14/2021,KG,60,70,65
Onion Dry (Indian),9/14/2021,KG,35,38,36.5
Cabbage(Local),9/14/2021,KG,30,35,32.5
Garlic Dry Chinese,9/14/2021,KG,170,180,175
Tomato Big(Nepali),9/15/2021,KG,50,60,55
Tomato Big(Indian),9/15/2021,KG,60,70,65
Onion Dry (Indian),9/15/2021,KG,35,38,36.5
Cabbage(Local),9/15/2021,KG,30,35,32.5
Garlic Dry Chinese,9/15/2021,KG,170,180,175
Tomato Big(Nepali),9/16/2021,KG,50,60,55
Tomato Big(Indian),9/16/2021,KG,60,70,65
Onion Dry (Indian),9/16/2021,KG,35,38,36.5
Cabbage(Local),9/16/2021,KG,30,35,32.5
Garlic Dry Chinese,9/16/2021,KG,170,180,175
Tomato Big(Nepali),9/17/2021,KG,50,60,55
Tomato Big(Indian),9/17/2021,KG,60,70,65
Onion Dry (Indian),9/17/2021,KG,35,38,36.5
Cabbage(Local),9/17/2021,KG,30,35,32.5
Garlic Dry Chinese,9/17/2021,KG,170,180,175
Tomato Big(Nepali),9/18/2021,KG,50,60,55
Tomato Big(Indian),9/18/2021,KG,60,70,65
Onion Dry (Indian),9/18/2021,KG,35,38,36.5
Cabbage(Local),9/18/2021,KG,30,35,32.5
Garlic Dry Chinese,9/18/2021,KG,170,180,175
Tomato Big(Nepali),9/19/2021,KG,50,60,55
Tomato Big(Indian),9/19/2021,KG,60,70,65
Onion Dry (Indian),9/19/2021,KG,35,38,36.5
Cabbage(Local),9/19/2021,KG,30,35,32.5
Garlic Dry Chinese,9/19/2021,KG,170,180,175
Tomato Big(Nepali),9/20/2021,KG,50,60,55
Tomato Big(Indian),9/20/2021,KG,60,70,65
Onion Dry (Indian),9/20/2021,KG,35,38,36.5
Cabbage(Local),9/20/2021,KG,30,35,32.5
Garlic Dry Chinese,9/20/2021,KG,170,180,175
Tomato Big(Nepali),9/21/2021,KG,50,60,55
Tomato Big(Indian),9/21/2021,KG,60,70,65
Onion Dry (Indian),9/21/2021,KG,35,38,36.5
Cabbage(Local),9/21/2021,KG,30,35,32.5
Garlic Dry Chinese,9/21/2021,KG,170,180,175
Tomato Big(Nepali),9/22/2021,KG,50,60,55
Tomato Big(Indian),9/22/2021,KG,60,70,65
Onion Dry (Indian),9/22/2021,KG,35,38,36.5
Cabbage(Local),9/22/2021,KG,30,35,32.5
Garlic Dry Chinese,9/22/2021,KG,170,180,175
Tomato Big(Nepali),9/23/2021,KG,50,60,55
Tomato Big(Indian),9/23/2021,KG,60,70,65
Onion Dry (Indian),9/23/2021,KG,35,38,36.5
Cabbage(Local),9/23/2021,KG,30,35,32.5
Garlic Dry Chinese,9/23/2021,KG,170,180,175
Tomato Big(Nepali),9/24/2021,KG,50,60,55
Tomato Big(Indian),9/24/2021,KG,60,70,65
Onion Dry (Indian),9/24/2021,KG,35,38,36.5
Cabbage(Local),9/24/2021,KG,30,35,32.5
Garlic Dry Chinese,9/24/2021,KG,170,180,175
Tomato Big(Nepali),9/25/2021,KG,50,60,55
Tomato Big(Indian),9/25/2021,KG,60,70,65
Onion Dry (Indian),9/25/2021,KG,35,38,36.5
Cabbage(Local),9/25/2021,KG,30,35,32.5
Garlic Dry Chinese,9/25/2021,KG,170,180,175
Tomato Big(Nepali),9/26/2021,KG,50,60,55
Tomato Big(Indian),9/26/2021,KG,60,70,65
Onion Dry (Indian),9/26/2021,KG,35,38,36.5
Cabbage(Local),9/26/2021,KG,30,35,32.5
Garlic Dry Chinese,9/26/2021,KG,170,180,175
Tomato Big(Nepali),9/27/2021,KG,50,60,55
Tomato Big(Indian),9/27/2021,KG,60,70,65
Onion Dry (Indian),9/27/2021,KG,35,38,36.5
Cabbage(Local),9/27/2021,KG,30,35,32.5
Garlic Dry Chinese,9/27/2021,KG,170,180,175
Tomato Big(Nepali),9/28/2021,KG,50,60,55
Tomato Big(Indian),9/28/2021,KG,60,70,65
Onion Dry (Indian),9/28/2021,KG,35,38,36.5
Cabbage(Local),9/28/2021,KG,30,35,32.5
Garlic Dry Chinese,9/28/2021,KG,170,180,175
Tomato Big(Nepali),9/29/2021,KG,50,60,55
Tomato Big(Indian),9/29/2021,KG,60,70,65
Onion Dry (Indian),9/29/2021,KG,35,38,36.5
Cabbage(Local),9/29/2021,KG,30,35,32.5
Garlic Dry Chinese,9/29/2021,KG,170,180,175
Tomato Big(Nepali),9/30/2021,KG,50,60,55
Tomato Big(Indian),9/30/2021,KG,60,70,65
Onion Dry (Indian),9/30/2021,KG,35,38,36.5
Cabbage(Local),9/30/2021,KG,30,35,32.5
Garlic Dry Chinese,9/30/2021,KG,170,180,175
Tomato Big(Nepali),10/1/2021,KG,50,60,55
Tomato Big(Indian),10/1/2021,KG,60,70,65
Onion Dry (Indian),10/1/2021,KG,35,38,36.5
Cabbage(Local),10/1/2021,KG,30,35,32.5
Garlic Dry Chinese,10/1/2021,KG,170,180,175
Tomato Big(Nepali),10/2/2021,KG,50,60,55
Tomato Big(Indian),10/2/2021,KG,60,70,65
Onion Dry (Indian),10/2/2021,KG,35,38,36.5
Cabbage(Local),10/2/2021,KG,30,35,32.5
Garlic Dry Chinese,10/2/2021,KG,170,180,175
Tomato Big(Nepali),10/3/2021,KG,50,60,55
Tomato Big(Indian),10/3/2021,KG,60,70,65
Onion Dry (Indian),10/3/2021,KG,35,38,36.5
Cabbage(Local),10/3/2021,KG,30,35,32.5
Garlic Dry Chinese,10/3/2021,KG,170,180,175
Tomato Big(Nepali),10/4/2021,KG,50,60,55
Tomato Big(Indian),10/4/2021,KG,60,70,65
Onion Dry (Indian),10/4/2021,KG,35,38,36.5
Cabbage(Local),10/4/2021,KG,30,35,32.5
Garlic Dry Chinese,10/4/2021,KG,170,180,175
Tomato Big(Nepali),10/5/2021,KG,50,60,55
Tomato Big(Indian),10/5/2021,KG,60,70,65
Onion Dry (Indian),10/5/2021,KG,35,38,36.5
Cabbage(Local),10/5/2021,KG,30,35,32.5
Garlic Dry Chinese,10/5/2021,KG,170,180,175
Tomato Big(Nepali),10/6/2021,KG,50,60,55
Tomato Big(Indian),10/6/2021,KG,60,70,65
Onion Dry (Indian),10/6/2021,KG,35,38,36.5
Cabbage(Local),10/6/2021,KG,30,35,32.5
Garlic Dry Chinese,10/6/2021,KG,170,180,175
Tomato Big(Nepali),10/7/2021,KG,50,60,55
Tomato Big(Indian),10/7/2021,KG,60,70,65
Onion Dry (Indian),10/7/2021,KG,35,38,36.5
Cabbage(Local),10/7/2021,KG,30,35,32.5
Garlic Dry Chinese,10/7/2021,KG,170,180,175
Tomato Big(Nepali),10/8/2021,KG,50,60,55
Tomato Big(Indian),10/8/2021,KG,60,70,65
Onion Dry (Indian),10/8/2021,KG,35,38,36.5
Cabbage(Local),10/8/2021,KG,30,35,32.5
Garlic Dry Chinese,10/8/2021,KG,170,180,175
Tomato Big(Nepali),10/9/2021,KG,50,60,55
Tomato Big(Indian),10/9/2021,KG,60,70,65
Onion Dry (Indian),10/9/2021,KG,35,38,36.5
Cabbage(Local),10/9/2021,KG,30,35,32.5
Garlic Dry Chinese,10/9/2021,KG,170,180,175
Tomato Big(Nepali),10/10/2021,KG,50,60,55
Tomato Big(Indian),10/10/2021,KG,60,70,65
Onion Dry (Indian),10/10/2021,KG,35,38,36.5
Cabbage(Local),10/10/2021,KG,30,35,32.5
Garlic Dry Chinese,10/10/2021,KG,170,180,175
Tomato Big(Nepali),10/11/2021,KG,50,60,55
Tomato Big(Indian),10/11/2021,KG,60,70,65
Onion Dry (Indian),10/11/2021,KG,35,38,36.5
Cabbage(Local),10/11/2021,KG,30,35,32.5
Garlic Dry Chinese,10/11/2021,KG,170,180,175
Tomato Big(Nepali),10/12/2021,KG,50,60,55
Tomato Big(Indian),10/12/2021,KG,60,70,65
Onion Dry (Indian),10/12/2021,KG,35,38,36.5
Cabbage(Local),10/12/2021,KG,30,35,32.5
Garlic Dry Chinese,10/12/2021,KG,170,180,175
Tomato Big(Nepali),10/13/2021,KG,50,60,55
Tomato Big(Indian),10/13/2021,KG,60,70,65
Onion Dry (Indian),10/13/2021,KG,35,38,36.5
Cabbage(Local),10/13/2021,KG,30,35,32.5
Garlic Dry Chinese,10/13/2021,KG,170,180,175
Tomato Big(Nepali),10/14/2021,KG,50,60,55
Tomato Big(Indian),10/14/2021,KG,60,70,65
Onion Dry (Indian),10/14/2021,KG,35,38,36.5
Cabbage(Local),10/14/2021,KG,30,35,32.5
Garlic Dry Chinese,10/14/2021,KG,170,180,175
Tomato Big(Nepali),10/15/2021,KG,50,60,55
Tomato Big(Indian),10/15/2021,KG,60,70,65
Onion Dry (Indian),10/15/2021,KG,35,38,36.5
Cabbage(Local),10/15/2021,KG,30,35,32.5
Garlic Dry Chinese,10/15/2021,KG,170,180,175
Tomato Big(Nepali),10/16/2021,KG,50,60,55
Tomato Big(Indian),10/16/2021,KG,60,70,65
Onion Dry (Indian),10/16/2021,KG,35,38,36.5
Cabbage(Local),10/16/2021,KG,30,35,32.5
Garlic Dry Chinese,10/16/2021,KG,170,180,175
Tomato Big(Nepali),10/17/2021,KG,50,60,55
Tomato Big(Indian),10/17/2021,KG,60,70,65
Onion Dry (Indian),10/17/2021,KG,35,38,36.5
Cabbage(Local),10/17/2021,KG,30,35,32.5
Garlic Dry Chinese,10/17/2021,KG,170,180,175
Tomato Big(Nepali),10/18/2021,KG,50,60,55
Tomato Big(Indian),10/18/2021,KG,60,70,65
Onion Dry (Indian),10/18/2021,KG,35,38,36.5
Cabbage(Local),10/18/2021,KG,30,35,32.5
Garlic Dry Chinese,10/18/2021,KG,170,180,175
Tomato Big(Nepali),10/19/2021,KG,50,60,55
Tomato Big(Indian),10/19/2021,KG,60,70,65
Onion Dry (Indian),10/19/2021,KG,35,38,36.5
Cabbage(Local),10/19/2021,KG,30,35,32.5
Garlic Dry Chinese,10/19/2021,KG,170,180,175
Tomato Big(Nepali),10/20/2021,KG,50,60,55
Tomato Big(Indian),10/20/2021,KG,60,70,65
Onion Dry (Indian),10/20/2021,KG,35,38,36.5
Cabbage(Local),10/20/2021,KG,30,35,32.5
Garlic Dry Chinese,10/20/2021,KG,170,180,175
Tomato Big(Nepali),10/21/2021,KG,50,60,55
Tomato Big(Indian),10/21/2021,KG,60,70,65
Onion Dry (Indian),10/21/2021,KG,35,38,36.5
Cabbage(Local),10/21/2021,KG,30,35,32.5
Garlic Dry Chinese,10/21/2021,KG,170,180,175
Tomato Big(Nepali),10/22/2021,KG,50,60,55
Tomato Big(Indian),10/22/2021,KG,60,70,65
Onion Dry (Indian),10/22/2021,KG,35,38,36.5
Cabbage(Local),10/22/2021,KG,30,35,32.5
Garlic Dry Chinese,10/22/2021,KG,170,180,175
Tomato Big(Nepali),10/23/2021,KG,50,60,55
Tomato Big(Indian),10/23/2021,KG,60,70,65
Onion Dry (Indian),10/23/2021,KG,35,38,36.5
Cabbage(Local),10/23/2021,KG,30,35,32.5
Garlic Dry Chinese,10/23/2021,KG,170,180,175
Tomato Big(Nepali),10/24/2021,KG,50,60,55
Tomato Big(Indian),10/24/2021,KG,60,70,65
Onion Dry (Indian),10/24/2021,KG,35,38,36.5
Cabbage(Local),10/24/2021,KG,30,35,32.5
Garlic Dry Chinese,10/24/2021,KG,170,180,175
Tomato Big(Nepali),10/25/2021,KG,50,60,55
Tomato Big(Indian),10/25/2021,KG,60,70,65
Onion Dry (Indian),10/25/2021,KG,35,38,36.5
Cabbage(Local),10/25/2021,KG,30,35,32.5
Garlic Dry Chinese,10/25/2021,KG,170,180,175
Tomato Big(Nepali),10/26/2021,KG,50,60,55
Tomato Big(Indian),10/26/2021,KG,60,70,65
Onion Dry (Indian),10/26/2021,KG,35,38,36.5
Cabbage(Local),10/26/2021,KG,30,35,32.5
Garlic Dry Chinese,10/26/2021,KG,170,180,175
Tomato Big(Nepali),10/27/2021,KG,50,60,55
Tomato Big(Indian),10/27/2021,KG,60,70,65
Onion Dry (Indian),10/27/2021,KG,35,38,36.5
Cabbage(Local),10/27/2021,KG,30,35,32.5
Garlic Dry Chinese,10/27/2021,KG,170,180,175
Tomato Big(Nepali),10/28/2021,KG,50,60,55
Tomato Big(Indian),10/28/2021,KG,60,70,65
Onion Dry (Indian),10/28/2021,KG,35,38,36.5
Cabbage(Local),10/28/2021,KG,30,35,32.5
Garlic Dry Chinese,10/28/2021,KG,170,180,175
Tomato Big(Nepali),10/29/2021,KG,50,60,55
Tomato Big(Indian),10/29/2021,KG,60,70,65
Onion Dry (Indian),10/29/2021,KG,35,38,36.5
Cabbage(Local),10/29/2021,KG,30,35,32.5
Garlic Dry Chinese,10/29/2021,KG,170,180,175
Tomato Big(Nepali),10/30/2021,KG,50,60,55
Tomato Big(Indian),10/30/2021,KG,60,70,65
Onion Dry (Indian),10/30/2021,KG,35,38,36.5
Cabbage(Local),10/30/2021,KG,30,35,32.5
Garlic Dry Chinese,10/30/2021,KG,170,180,175
Tomato Big(Nepali),10/31/2021,KG,50,60,55
Tomato Big(Indian),10/31/2021,KG,60,70,65
Onion Dry (Indian),10/31/2021,KG,35,38,36.5
Cabbage(Local),10/31/2021,KG,30,35,32.5
Garlic Dry Chinese,10/31/2021,KG,170,180,175
Tomato Big(Nepali),11/1/2021,KG,50,60,55
Tomato Big(Indian),11/1/2021,KG,60,70,65
Onion Dry (Indian),11/1/2021,KG,35,38,36.5
Cabbage(Local),11/1/2021,KG,30,35,32.5
Garlic Dry Chinese,11/1/2021,KG,170,180,175
Tomato Big(Nepali),11/2/2021,KG,50,60,55
Tomato Big(Indian),11/2/2021,KG,60,70,65
Onion Dry (Indian),11/2/2021,KG,35,38,36.5
Cabbage(Local),11/2/2021,KG,30,35,32.5
Garlic Dry Chinese,11/2/2021,KG,170,180,175
Tomato Big(Nepali),11/3/2021,KG,50,60,55
Tomato Big(Indian),11/3/2021,KG,60,70,65
Onion Dry (Indian),11/3/2021,KG,35,38,36.5
Cabbage(Local),11/3/2021,KG,30,35,32.5
Garlic Dry Chinese,11/3/2021,KG,170,180,175
Tomato Big(Nepali),11/4/2021,KG,50,60,55
Tomato Big(Indian),11/4/2021,KG,60,70,65
Onion Dry (Indian),11/4/2021,KG,35,38,36.5
Cabbage(Local),11/4/2021,KG,30,35,32.5
Garlic Dry Chinese,11/4/2021,KG,170,180,175
Tomato Big(Nepali),11/5/2021,KG,50,60,55
Tomato Big(Indian),11/5/2021,KG,60,70,65
Onion Dry (Indian),11/5/2021,KG,35,38,36.5
Cabbage(Local),11/5/2021,KG,30,35,32.5
Garlic Dry Chinese,11/5/2021,KG,170,180,175
Tomato Big(Nepali),11/6/2021,KG,50,60,55
Tomato Big(Indian),11/6/2021,KG,60,70,65
Onion Dry (Indian),11/6/2021,KG,35,38,36.5
Cabbage(Local),11/6/2021,KG,30,35,32.5
Garlic Dry Chinese,11/6/2021,KG,170,180,175
Tomato Big(Nepali),11/7/2021,KG,50,60,55
Tomato Big(Indian),11/7/2021,KG,60,70,65
Onion Dry (Indian),11/7/2021,KG,35,38,36.5
Cabbage(Local),11/7/2021,KG,30,35,32.5
Garlic Dry Chinese,11/7/2021,KG,170,180,175
Tomato Big(Nepali),11/8/2021,KG,50,60,55
Tomato Big(Indian),11/8/2021,KG,60,70,65
Onion Dry (Indian),11/8/2021,KG,35,38,36.5
Cabbage(Local),11/8/2021,KG,30,35,32.5
Garlic Dry Chinese,11/8/2021,KG,170,180,175
Tomato Big(Nepali),11/9/2021,KG,50,60,55
Tomato Big(Indian),11/9/2021,KG,60,70,65
Onion Dry (Indian),11/9/2021,KG,35,38,36.5
Cabbage(Local),11/9/2021,KG,30,35,32.5
Garlic Dry Chinese,11/9/2021,KG,170,180,175
Tomato Big(Nepali),11/10/2021,KG,50,60,55
Tomato Big(Indian),11/10/2021,KG,60,70,65
Onion Dry (Indian),11/10/2021,KG,35,38,36.5
Cabbage(Local),11/10/2021,KG,30,35,32.5
Garlic Dry Chinese,11/10/2021,KG,170,180,175
Tomato Big(Nepali),11/11/2021,KG,50,60,55
Tomato Big(Indian),11/11/2021,KG,60,70,65
Onion Dry (Indian),11/11/2021,KG,35,38,36.5
Cabbage(Local),11/11/2021,KG,30,35,32.5
Garlic Dry Chinese,11/11/2021,KG,170,180,175
Tomato Big(Nepali),11/12/2021,KG,50,60,55
Tomato Big(Indian),11/12/2021,KG,60,70,65
Onion Dry (Indian),11/12/2021,KG,35,38,36.5
Cabbage(Local),11/12/2021,KG,30,35,32.5
Garlic Dry Chinese,11/12/2021,KG,170,180,175
Tomato Big(Nepali),11/13/2021,KG,50,60,55
Tomato Big(Indian),11/13/2021,KG,60,70,65
Onion Dry (Indian),11/13/2021,KG,35,38,36.5
Cabbage(Local),11/13/2021,KG,30,35,32.5
Garlic Dry Chinese,11/13/2021,KG,170,180,175
Tomato Big(Nepali),11/14/2021,KG,50,60,55
Tomato Big(Indian),11/14/2021,KG,60,70,65
Onion Dry (Indian),11/14/2021,KG,35,38,36.5
Cabbage(Local),11/14/2021,KG,30,35,32.5
Garlic Dry Chinese,11/14/2021,KG,170,180,175
Tomato Big(Nepali),11/15/2021,KG,50,60,55
Tomato Big(Indian),11/15/2021,KG,60,70,65
Onion Dry (Indian),11/15/2021,KG,35,38,36.5
Cabbage(Local),11/15/2021,KG,30,35,32.5
Garlic Dry Chinese,11/15/2021,KG,170,180,175
Tomato Big(Nepali),11/16/2021,KG,50,60,55
Tomato Big(Indian),11/16/2021,KG,60,70,65
Onion Dry (Indian),11/16/2021,KG,35,38,36.5
Cabbage(Local),11/16/2021,KG,30,35,32.5
Garlic Dry Chinese,11/16/2021,KG,170,180,175
Tomato Big(Nepali),11/17/2021,KG,50,60,55
Tomato Big(Indian),11/17/2021,KG,60,70,65
Onion Dry (Indian),11/17/2021,KG,35,38,36.5
Cabbage(Local),11/17/2021,KG,30,35,32.5
Garlic Dry Chinese,11/17/2021,KG,170,180,175
Tomato Big(Nepali),11/18/2021,KG,50,60,55
Tomato Big(Indian),11/18/2021,KG,60,70,65
Onion Dry (Indian),11/18/2021,KG,35,38,36.5
Cabbage(Local),11/18/2021,KG,30,35,32.5
Garlic Dry Chinese,11/18/2021,KG,170,180,175
Tomato Big(Nepali),11/19/2021,KG,50,60,55
Tomato Big(Indian),11/19/2021,KG,60,70,65
Onion Dry (Indian),11/19/2021,KG,35,38,36.5
Cabbage(Local),11/19/2021,KG,30,35,32.5
Garlic Dry Chinese,11/19/2021,KG,170,180,175
Tomato Big(Nepali),11/20/2021,KG,50,60,55
Tomato Big(Indian),11/20/2021,KG,60,70,65
Onion Dry (Indian),11/20/2021,KG,35,38,36.5
Cabbage(Local),11/20/2021,KG,30,35,32.5
Garlic Dry Chinese,11/20/2021,KG,170,180,175
Tomato Big(Nepali),11/21/2021,KG,50,60,55
Tomato Big(Indian),11/21/2021,KG,60,70,65
Onion Dry (Indian),11/21/2021,KG,35,38,36.5
Cabbage(Local),11/21/2021,KG,30,35,32.5
Garlic Dry Chinese,11/21/2021,KG,170,180,175
Tomato Big(Nepali),11/22/2021,KG,50,60,55
Tomato Big(Indian),11/22/2021,KG,60,70,65
Onion Dry (Indian),11/22/2021,KG,35,38,36.5
Cabbage(Local),11/22/2021,KG,30,35,32.5
Garlic Dry Chinese,11/22/2021,KG,170,180,175
Tomato Big(Nepali),11/23/2021,KG,50,60,55
Tomato Big(Indian),11/23/2021,KG,60,70,65
Onion Dry (Indian),11/23/2021,KG,35,38,36.5
Cabbage(Local),11/23/2021,KG,30,35,32.5
Garlic Dry Chinese,11/23/2021,KG,170,180,175
Tomato Big(Nepali),11/24/2021,KG,50,60,55
Tomato Big(Indian),11/24/2021,KG,60,70,65
Onion Dry (Indian),11/24/2021,KG,35,38,36.5
Cabbage(Local),11/24/2021,KG,30,35,32.5
Garlic Dry Chinese,11/24/2021,KG,170,180,175
Tomato Big(Nepali),11/25/2021,KG,50,60,55
Tomato Big(Indian),11/25/2021,KG,60,70,65
Onion Dry (Indian),11/25/2021,KG,35,38,36.5
Cabbage(Local),11/25/2021,KG,30,35,32.5
Garlic Dry Chinese,11/25/2021,KG,170,180,175
Tomato Big(Nepali),11/26/2021,KG,50,60,55
Tomato Big(Indian),11/26/2021,KG,60,70,65
Onion Dry (Indian),11/26/2021,KG,35,38,36.5
Cabbage(Local),11/26/2021,KG,30,35,32.5
Garlic Dry Chinese,11/26/2021,KG,170,180,175
Tomato Big(Nepali),11/27/2021,KG,50,60,55
Tomato Big(Indian),11/27/2021,KG,60,70,65
Onion Dry (Indian),11/27/2021,KG,35,38,36.5
Cabbage(Local),11/27/2021,KG,30,35,32.5
Garlic Dry Chinese,11/27/2021,KG,170,180,175
Tomato Big(Nepali),11/28/2021,KG,50,60,55
Tomato Big(Indian),11/28/2021,KG,60,70,65
Onion Dry (Indian),11/28/2021,KG,35,38,36.5
Cabbage(Local),11/28/2021,KG,30,35,32.5
Garlic Dry Chinese,11/28/2021,KG,170,180,175
Tomato Big(Nepali),11/29/2021,KG,50,60,55
Tomato Big(Indian),11/29/2021,KG,60,70,65
Onion Dry (Indian),11/29/2021,KG,35,38,36.5
Cabbage(Local),11/29/2021,KG,30,35,32.5
Garlic Dry Chinese,11/29/2021,KG,170,180,175
Tomato Big(Nepali),11/30/2021,KG,50,60,55
Tomato Big(Indian),11/30/2021,KG,60,70,65
Onion Dry (Indian),11/30/2021,KG,35,38,36.5
Cabbage(Local),11/30/2021,KG,30,35,32.5
Garlic Dry Chinese,11/30/2021,KG,170,180,175
Tomato Big(Nepali),12/1/2021,KG,50,60,55
Tomato Big(Indian),12/1/2021,KG,60,70,65
Onion Dry (Indian),12/1/2021,KG,35,38,36.5
Cabbage(Local),12/1/2021,KG,30,35,32.5
Garlic Dry Chinese,12/1/2021,KG,170,180,175
Tomato Big(Nepali),12/2/2021,KG,50,60,55
Tomato Big(Indian),12/2/2021,KG,60,70,65
Onion Dry (Indian),12/2/2021,KG,35,38,36.5
Cabbage(Local),12/2/2021,KG,30,35,32.5
Garlic Dry Chinese,12/2/2021,KG,170,180,175
Tomato Big(Nepali),12/3/2021,KG,50,60,55
Tomato Big(Indian),12/3/2021,KG,60,70,65
Onion Dry (Indian),12/3/2021,KG,35,38,36.5
Cabbage(Local),12/3/2021,KG,30,35,32.5
Garlic Dry Chinese,12/3/2021,KG,170,180,175
Tomato Big(Nepali),12/4/2021,KG,50,60,55
Tomato Big(Indian),12/4/2021,KG,60,70,65
Onion Dry (Indian),12/4/2021,KG,35,38,36.5
Cabbage(Local),12/4/2021,KG,30,35,32.5
Garlic Dry Chinese,12/4/2021,KG,170,180,175
Tomato Big(Nepali),12/5/2021,KG,50,60,55
Tomato Big(Indian),12/5/2021,KG,60,70,65
Onion Dry (Indian),12/5/2021,KG,35,38,36.5
Cabbage(Local),12/5/2021,KG,30,35,32.5
Garlic Dry Chinese,12/5/2021,KG,170,180,175
Tomato Big(Nepali),12/6/2021,KG,50,60,55
Tomato Big(Indian),12/6/2021,KG,60,70,65
Onion Dry (Indian),12/6/2021,KG,35,38,36.5
Cabbage(Local),12/6/2021,KG,30,35,32.5
Garlic Dry Chinese,12/6/2021,KG,170,180,175
Tomato Big(Nepali),12/7/2021,KG,50,60,55
Tomato Big(Indian),12/7/2021,KG,60,70,65
Onion Dry (Indian),12/7/2021,KG,35,38,36.5
Cabbage(Local),12/7/2021,KG,30,35,32.5
Garlic Dry Chinese,12/7/2021,KG,170,180,175
Tomato Big(Nepali),12/8/2021,KG,50,60,55
Tomato Big(Indian),12/8/2021,KG,60,70,65
Onion Dry (Indian),12/8/2021,KG,35,38,36.5
Cabbage(Local),12/8/2021,KG,30,35,32.5
Garlic Dry Chinese,12/8/2021,KG,170,180,175
Tomato Big(Nepali),12/9/2021,KG,50,60,55
Tomato Big(Indian),12/9/2021,KG,60,70,65
Onion Dry (Indian),12/9/2021,KG,35,38,36.5
Cabbage(Local),12/9/2021,KG,30,35,32.5
Garlic Dry Chinese,12/9/2021,KG,170,180,175
Tomato Big(Nepali),12/10/2021,KG,50,60,55
Tomato Big(Indian),12/10/2021,KG,60,70,65
Onion Dry (Indian),12/10/2021,KG,35,38,36.5
Cabbage(Local),12/10/2021,KG,30,35,32.5
Garlic Dry Chinese,12/10/2021,KG,170,180,175
Tomato Big(Nepali),12/11/2021,KG,50,60,55
Tomato Big(Indian),12/11/2021,KG,60,70,65
Onion Dry (Indian),12/11/2021,KG,35,38,36.5
Cabbage(Local),12/11/2021,KG,30,35,32.5
Garlic Dry Chinese,12/11/2021,KG,170,180,175
Tomato Big(Nepali),12/12/2021,KG,50,60,55
Tomato Big(Indian),12/12/2021,KG,60,70,65
Onion Dry (Indian),12/12/2021,KG,35,38,36.5
Cabbage(Local),12/12/2021,KG,30,35,32.5
Garlic Dry Chinese,12/12/2021,KG,170,180,175
Tomato Big(Nepali),12/13/2021,KG,50,60,55
Tomato Big(Indian),12/13/2021,KG,60,70,65
Onion Dry (Indian),12/13/2021,KG,35,38,36.5
Cabbage(Local),12/13/2021,KG,30,35,32.5
Garlic Dry Chinese,12/13/2021,KG,170,180,175
Tomato Big(Nepali),12/14/2021,KG,50,60,55
Tomato Big(Indian),12/14/2021,KG,60,70,65
Onion Dry (Indian),12/14/2021,KG,35,38,36.5
Cabbage(Local),12/14/2021,KG,30,35,32.5
Garlic Dry Chinese,12/14/2021,KG,170,180,175
Tomato Big(Nepali),12/15/2021,KG,50,60,55
Tomato Big(Indian),12/15/2021,KG,60,70,65
Onion Dry (Indian),12/15/2021,KG,35,38,36.5
Cabbage(Local),12/15/2021,KG,30,35,32.5
Garlic Dry Chinese,12/15/2021,KG,170,180,175
Tomato Big(Nepali),12/16/2021,KG,50,60,55
Tomato Big(Indian),12/16/2021,KG,60,70,65
Onion Dry (Indian),12/16/2021,KG,35,38,36.5
Cabbage(Local),12/16/2021,KG,30,35,32.5
Garlic Dry Chinese,12/16/2021,KG,170,180,175
Tomato Big(Nepali),12/17/2021,KG,50,60,55
Tomato Big(Indian),12/17/2021,KG,60,70,65
Onion Dry (Indian),12/17/2021,KG,35,38,36.5
Cabbage(Local),12/17/2021,KG,30,35,32.5
Garlic Dry Chinese,12/17/2021,KG,170,180,175
Tomato Big(Nepali),12/18/2021,KG,50,60,55
Tomato Big(Indian),12/18/2021,KG,60,70,65
Onion Dry (Indian),12/18/2021,KG,35,38,36.5
Cabbage(Local),12/18/2021,KG,30,35,32.5
Garlic Dry Chinese,12/18/2021,KG,170,180,175
Tomato Big(Nepali),12/19/2021,KG,50,60,55
Tomato Big(Indian),12/19/2021,KG,60,70,65
Onion Dry (Indian),12/19/2021,KG,35,38,36.5
Cabbage(Local),12/19/2021,KG,30,35,32.5
Garlic Dry Chinese,12/19/2021,KG,170,180,175
Tomato Big(Nepali),12/20/2021,KG,50,60,55
Tomato Big(Indian),12/20/2021,KG,60,70,65
Onion Dry (Indian),12/20/2021,KG,35,38,36.5
Cabbage(Local),12/20/2021,KG,30,35,32.5
Garlic Dry Chinese,12/20/2021,KG,170,180,175
Tomato Big(Nepali),12/21/2021,KG,50,60,55
Tomato Big(Indian),12/21/2021,KG,60,70,65
Onion Dry (Indian),12/21/2021,KG,35,38,36.5
Cabbage(Local),12/21/2021,KG,30,35,32.5
Garlic Dry Chinese,12/21/2021,KG,170,180,175
Tomato Big(Nepali),12/22/2021,KG,50,60,55
Tomato Big(Indian),12/22/2021,KG,60,70,65
Onion Dry (Indian),12/22/2021,KG,35,38,36.5
Cabbage(Local),12/22/2021,KG,30,35,32.5
Garlic Dry Chinese,12/22/2021,KG,170,180,175
Tomato Big(Nepali),12/23/2021,KG,50,60,55
Tomato Big(Indian),12/23/2021,KG,60,70,65
Onion Dry (Indian),12/23/2021,KG,35,38,36.5
Cabbage(Local),12/23/2021,KG,30,35,32.5
Garlic Dry Chinese,12/23/2021,KG,170,180,175
Tomato Big(Nepali),12/24/2021,KG,50,60,55
Tomato Big(Indian),12/24/2021,KG,60,70,65
Onion Dry (Indian),12/24/2021,KG,35,38,36.5
Cabbage(Local),12/24/2021,KG,30,35,32.5
Garlic Dry Chinese,12/24/2021,KG,170,180,175
Tomato Big(Nepali),12/25/2021,KG,50,60,55
Tomato Big(Indian),12/25/2021,KG,60,70,65
Onion Dry (Indian),12/25/2021,KG,35,38,36.5
Cabbage(Local),12/25/2021,KG,30,35,32.5
Garlic Dry Chinese,12/25/2021,KG,170,180,175
Tomato Big(Nepali),12/26/2021,KG,50,60,55
Tomato Big(Indian),12/26/2021,KG,60,70,65
Onion Dry (Indian),12/26/2021,KG,35,38,36.5
Cabbage(Local),12/26/2021,KG,30,35,32.5
Garlic Dry Chinese,12/26/2021,KG,170,180,175
Tomato Big(Nepali),12/27/2021,KG,50,60,55
Tomato Big(Indian),12/27/2021,KG,60,70,65
Onion Dry (Indian),12/27/2021,KG,35,38,36.5
Cabbage(Local),12/27/2021,KG,30,35,32.5
Garlic Dry Chinese,12/27/2021,KG,170,180,175
Tomato Big(Nepali),12/28/2021,KG,50,60,55
Tomato Big(Indian),12/28/2021,KG,60,70,65
Onion Dry (Indian),12/28/2021,KG,35,38,36.5
Cabbage(Local),12/28/2021,KG,30,35,32.5
Garlic Dry Chinese,12/28/2021,KG,170,180,175
Tomato Big(Nepali),12/29/2021,KG,50,60,55
Tomato Big(Indian),12/29/2021,KG,60,70,65
Onion Dry (Indian),12/29/2021,KG,35,38,36.5
Cabbage(Local),12/29/2021,KG,30,35,32.5
Garlic Dry Chinese,12/29/2021,KG,170,180,175
Tomato Big(Nepali),12/30/2021,KG,50,60,55
Tomato Big(Indian),12/30/2021,KG,60,70,65
Onion Dry (Indian),12/30/2021,KG,35,38,36.5
Cabbage(Local),12/30/2021,KG,30,35,32.5
Garlic Dry Chinese,12/30/2021,KG,170,180,175
Tomato Big(Nepali),12/31/2021,KG,50,60,55
Tomato Big(Indian),12/31/2021,KG,60,70,65
Onion Dry (Indian),12/31/2021,KG,35,38,36.5
Cabbage(Local),12/31/2021,KG,30,35,32.5
Garlic Dry Chinese,12/31/2021,KG,170,180,175
Tomato Big(Nepali),1/1/2022,KG,50,60,55
Tomato Big(Indian),1/1/2022,KG,60,70,65
Onion Dry (Indian),1/1/2022,KG,35,38,36.5
Cabbage(Local),1/1/2022,KG,30,35,32.5
Garlic Dry Chinese,1/1/2022,KG,170,180,175
Tomato Big(Nepali),1/2/2022,KG,50,60,55
Tomato Big(Indian),1/2/2022,KG,60,70,65
Onion Dry (Indian),1/2/2022,KG,35,38,36.5
Cabbage(Local),1/2/2022,KG,30,35,32.5
Garlic Dry Chinese,1/2/2022,KG,170,180,175
Tomato Big(Nepali),1/3/2022,KG,50,60,55
Tomato Big(Indian),1/3/2022,KG,60,70,65
Onion Dry (Indian),1/3/2022,KG,35,38,36.5
Cabbage(Local),1/3/2022,KG,30,35,32.5
Garlic Dry Chinese,1/3/2022,KG,170,180,175
Tomato Big(Nepali),1/4/2022,KG,50,60,55
Tomato Big(Indian),1/4/2022,KG,60,70,65
Onion Dry (Indian),1/4/2022,KG,35,38,36.5
Cabbage(Local),1/4/2022,KG,30,35,32.5
Garlic Dry Chinese,1/4/2022,KG,170,180,175
Tomato Big(Nepali),1/5/2022,KG,50,60,55
Tomato Big(Indian),1/5/2022,KG,60,70,65
Onion Dry (Indian),1/5/2022,KG,35,38,36.5
Cabbage(Local),1/5/2022,KG,30,35,32.5
Garlic Dry Chinese,1/5/2022,KG,170,180,175
Tomato Big(Nepali),1/6/2022,KG,50,60,55
Tomato Big(Indian),1/6/2022,KG,60,70,65
Onion Dry (Indian),1/6/2022,KG,35,38,36.5
Cabbage(Local),1/6/2022,KG,30,35,32.5
Garlic Dry Chinese,1/6/2022,KG,170,180,175
Tomato Big(Nepali),1/7/2022,KG,50,60,55
Tomato Big(Indian),1/7/2022,KG,60,70,65
Onion Dry (Indian),1/7/2022,KG,35,38,36.5
Cabbage(Local),1/7/2022,KG,30,35,32.5
Garlic Dry Chinese,1/7/2022,KG,170,180,175
Tomato Big(Nepali),1/8/2022,KG,50,60,55
Tomato Big(Indian),1/8/2022,KG,60,70,65
Onion Dry (Indian),1/8/2022,KG,35,38,36.5
Cabbage(Local),1/8/2022,KG,30,35,32.5
Garlic Dry Chinese,1/8/2022,KG,170,180,175
Tomato Big(Nepali),1/9/2022,KG,50,60,55
Tomato Big(Indian),1/9/2022,KG,60,70,65
Onion Dry (Indian),1/9/2022,KG,35,38,36.5
Cabbage(Local),1/9/2022,KG,30,35,32.5
Garlic Dry Chinese,1/9/2022,KG,170,180,175
Tomato Big(Nepali),1/10/2022,KG,50,60,55
Tomato Big(Indian),1/10/2022,KG,60,70,65
Onion Dry (Indian),1/10/2022,KG,35,38,36.5
Cabbage(Local),1/10/2022,KG,30,35,32.5
Garlic Dry Chinese,1/10/2022,KG,170,180,175
Tomato Big(Nepali),1/11/2022,KG,50,60,55
Tomato Big(Indian),1/11/2022,KG,60,70,65
Onion Dry (Indian),1/11/2022,KG,35,38,36.5
Cabbage(Local),1/11/2022,KG,30,35,32.5
Garlic Dry Chinese,1/11/2022,KG,170,180,175
Tomato Big(Nepali),1/12/2022,KG,50,60,55
Tomato Big(Indian),1/12/2022,KG,60,70,65
Onion Dry (Indian),1/12/2022,KG,35,38,36.5
Cabbage(Local),1/12/2022,KG,30,35,32.5
Garlic Dry Chinese,1/12/2022,KG,170,180,175
Tomato Big(Nepali),1/13/2022,KG,50,60,55
Tomato Big(Indian),1/13/2022,KG,60,70,65
Onion Dry (Indian),1/13/2022,KG,35,38,36.5
Cabbage(Local),1/13/2022,KG,30,35,32.5
Garlic Dry Chinese,1/13/2022,KG,170,180,175
Tomato Big(Nepali),1/14/2022,KG,50,60,55
Tomato Big(Indian),1/14/2022,KG,60,70,65
Onion Dry (Indian),1/14/2022,KG,35,38,36.5
Cabbage(Local),1/14/2022,KG,30,35,32.5
Garlic Dry Chinese,1/14/2022,KG,170,180,175
Tomato Big(Nepali),1/15/2022,KG,50,60,55
Tomato Big(Indian),1/15/2022,KG,60,70,65
Onion Dry (Indian),1/15/2022,KG,35,38,36.5
Cabbage(Local),1/15/2022,KG,30,35,32.5
Garlic Dry Chinese,1/15/2022,KG,170,180,175
Tomato Big(Nepali),1/16/2022,KG,50,60,55
Tomato Big(Indian),1/16/2022,KG,60,70,65
Onion Dry (Indian),1/16/2022,KG,35,38,36.5
Cabbage(Local),1/16/2022,KG,30,35,32.5
Garlic Dry Chinese,1/16/2022,KG,170,180,175
Tomato Big(Nepali),1/17/2022,KG,50,60,55
Tomato Big(Indian),1/17/2022,KG,60,70,65
Onion Dry (Indian),1/17/2022,KG,35,38,36.5
Cabbage(Local),1/17/2022,KG,30,35,32.5
Garlic Dry Chinese,1/17/2022,KG,170,180,175
Tomato Big(Nepali),1/18/2022,KG,50,60,55
Tomato Big(Indian),1/18/2022,KG,60,70,65
Onion Dry (Indian),1/18/2022,KG,35,38,36.5
Cabbage(Local),1/18/2022,KG,30,35,32.5
Garlic Dry Chinese,1/18/2022,KG,170,180,175
Tomato Big(Nepali),1/19/2022,KG,50,60,55
Tomato Big(Indian),1/19/2022,KG,60,70,65
Onion Dry (Indian),1/19/2022,KG,35,38,36.5
Cabbage(Local),1/19/2022,KG,30,35,32.5
Garlic Dry Chinese,1/19/2022,KG,170,180,175
Tomato Big(Nepali),1/20/2022,KG,50,60,55
Tomato Big(Indian),1/20/2022,KG,60,70,65
Onion Dry (Indian),1/20/2022,KG,35,38,36.5
Cabbage(Local),1/20/2022,KG,30,35,32.5
Garlic Dry Chinese,1/20/2022,KG,170,180,175
Tomato Big(Nepali),1/21/2022,KG,50,60,55
Tomato Big(Indian),1/21/2022,KG,60,70,65
Onion Dry (Indian),1/21/2022,KG,35,38,36.5
Cabbage(Local),1/21/2022,KG,30,35,32.5
Garlic Dry Chinese,1/21/2022,KG,170,180,175
Tomato Big(Nepali),1/22/2022,KG,50,60,55
Tomato Big(Indian),1/22/2022,KG,60,70,65
Onion Dry (Indian),1/22/2022,KG,35,38,36.5
Cabbage(Local),1/22/2022,KG,30,35,32.5
Garlic Dry Chinese,1/22/2022,KG,170,180,175
Tomato Big(Nepali),1/23/2022,KG,50,60,55
Tomato Big(Indian),1/23/2022,KG,60,70,65
Onion Dry (Indian),1/23/2022,KG,35,38,36.5
Cabbage(Local),1/23/2022,KG,30,35,32.5
Garlic Dry Chinese,1/23/2022,KG,170,180,175
Tomato Big(Nepali),1/24/2022,KG,50,60,55
Tomato Big(Indian),1/24/2022,KG,60,70,65
Onion Dry (Indian),1/24/2022,KG,35,38,36.5
Cabbage(Local),1/24/2022,KG,30,35,32.5
Garlic Dry Chinese,1/24/2022,KG,170,180,175
Tomato Big(Nepali),1/25/2022,KG,50,60,55
Tomato Big(Indian),1/25/2022,KG,60,70,65
Onion Dry (Indian),1/25/2022,KG,35,38,36.5
Cabbage(Local),1/25/2022,KG,30,35,32.5
Garlic Dry Chinese,1/25/2022,KG,170,180,175
Tomato Big(Nepali),1/26/2022,KG,50,60,55
Tomato Big(Indian),1/26/2022,KG,60,70,65
Onion Dry (Indian),1/26/2022,KG,35,38,36.5
Cabbage(Local),1/26/2022,KG,30,35,32.5
Garlic Dry Chinese,1/26/2022,KG,170,180,175
Tomato Big(Nepali),1/27/2022,KG,50,60,55
Tomato Big(Indian),1/27/2022,KG,60,70,65
Onion Dry (Indian),1/27/2022,KG,35,38,36.5
Cabbage(Local),1/27/2022,KG,30,35,32.5
Garlic Dry Chinese,1/27/2022,KG,170,180,175
Tomato Big(Nepali),1/28/2022,KG,50,60,55
Tomato Big(Indian),1/28/2022,KG,60,70,65
Onion Dry (Indian),1/28/2022,KG,35,38,36.5
Cabbage(Local),1/28/2022,KG,30,35,32.5
Garlic Dry Chinese,1/28/2022,KG,170,180,175
Tomato Big(Nepali),1/29/2022,KG,50,60,55
Tomato Big(Indian),1/29/2022,KG,60,70,65
Onion Dry (Indian),1/29/2022,KG,35,38,36.5
Cabbage(Local),1/29/2022,KG,30,35,32.5
Garlic Dry Chinese,1/29/2022,KG,170,180,175
Tomato Big(Nepali),1/30/2022,KG,50,60,55
Tomato Big(Indian),1/30/2022,KG,60,70,65
Onion Dry (Indian),1/30/2022,KG,35,38,36.5
Cabbage(Local),1/30/2022,KG,30,35,32.5
Garlic Dry Chinese,1/30/2022,KG,170,180,175
Tomato Big(Nepali),1/31/2022,KG,50,60,55
Tomato Big(Indian),1/31/2022,KG,60,70,65
Onion Dry (Indian),1/31/2022,KG,35,38,36.5
Cabbage(Local),1/31/2022,KG,30,35,32.5
Garlic Dry Chinese,1/31/2022,KG,170,180,175
Tomato Big(Nepali),2/1/2022,KG,50,60,55
Tomato Big(Indian),2/1/2022,KG,60,70,65
Onion Dry (Indian),2/1/2022,KG,35,38,36.5
Cabbage(Local),2/1/2022,KG,30,35,32.5
Garlic Dry Chinese,2/1/2022,KG,170,180,175
Tomato Big(Nepali),2/2/2022,KG,50,60,55
Tomato Big(Indian),2/2/2022,KG,60,70,65
Onion Dry (Indian),2/2/2022,KG,35,38,36.5
Cabbage(Local),2/2/2022,KG,30,35,32.5
Garlic Dry Chinese,2/2/2022,KG,170,180,175
Tomato Big(Nepali),2/3/2022,KG,50,60,55
Tomato Big(Indian),2/3/2022,KG,60,70,65
Onion Dry (Indian),2/3/2022,KG,35,38,36.5
Cabbage(Local),2/3/2022,KG,30,35,32.5
Garlic Dry Chinese,2/3/2022,KG,170,180,175
Tomato Big(Nepali),2/4/2022,KG,50,60,55
Tomato Big(Indian),2/4/2022,KG,60,70,65
Onion Dry (Indian),2/4/2022,KG,35,38,36.5
Cabbage(Local),2/4/2022,KG,30,35,32.5
Garlic Dry Chinese,2/4/2022,KG,170,180,175
Tomato Big(Nepali),2/5/2022,KG,50,60,55
Tomato Big(Indian),2/5/2022,KG,60,70,65
Onion Dry (Indian),2/5/2022,KG,35,38,36.5
Cabbage(Local),2/5/2022,KG,30,35,32.5
Garlic Dry Chinese,2/5/2022,KG,170,180,175
Tomato Big(Nepali),2/6/2022,KG,50,60,55
Tomato Big(Indian),2/6/2022,KG,60,70,65
Onion Dry (Indian),2/6/2022,KG,35,38,36.5
Cabbage(Local),2/6/2022,KG,30,35,32.5
Garlic Dry Chinese,2/6/2022,KG,170,180,175
Tomato Big(Nepali),2/7/2022,KG,50,60,55
Tomato Big(Indian),2/7/2022,KG,60,70,65
Onion Dry (Indian),2/7/2022,KG,35,38,36.5
Cabbage(Local),2/7/2022,KG,30,35,32.5
Garlic Dry Chinese,2/7/2022,KG,170,180,175
Tomato Big(Nepali),2/8/2022,KG,50,60,55
Tomato Big(Indian),2/8/2022,KG,60,70,65
Onion Dry (Indian),2/8/2022,KG,35,38,36.5
Cabbage(Local),2/8/2022,KG,30,35,32.5
Garlic Dry Chinese,2/8/2022,KG,170,180,175
Tomato Big(Nepali),2/9/2022,KG,50,60,55
Tomato Big(Indian),2/9/2022,KG,60,70,65
Onion Dry (Indian),2/9/2022,KG,35,38,36.5
Cabbage(Local),2/9/2022,KG,30,35,32.5
Garlic Dry Chinese,2/9/2022,KG,170,180,175
Tomato Big(Nepali),2/10/2022,KG,50,60,55
Tomato Big(Indian),2/10/2022,KG,60,70,65
Onion Dry (Indian),2/10/2022,KG,35,38,36.5
Cabbage(Local),2/10/2022,KG,30,35,32.5
Garlic Dry Chinese,2/10/2022,KG,170,180,175
Tomato Big(Nepali),2/11/2022,KG,50,60,55
Tomato Big(Indian),2/11/2022,KG,60,70,65
Onion Dry (Indian),2/11/2022,KG,35,38,36.5
Cabbage(Local),2/11/2022,KG,30,35,32.5
Garlic Dry Chinese,2/11/2022,KG,170,180,175
Tomato Big(Nepali),2/12/2022,KG,50,60,55
Tomato Big(Indian),2/12/2022,KG,60,70,65
Onion Dry (Indian),2/12/2022,KG,35,38,36.5
Cabbage(Local),2/12/2022,KG,30,35,32.5
Garlic Dry Chinese,2/12/2022,KG,170,180,175
Tomato Big(Nepali),2/13/2022,KG,50,60,55
Tomato Big(Indian),2/13/2022,KG,60,70,65
Onion Dry (Indian),2/13/2022,KG,35,38,36.5
Cabbage(Local),2/13/2022,KG,30,35,32.5
Garlic Dry Chinese,2/13/2022,KG,170,180,175
Tomato Big(Nepali),2/14/2022,KG,50,60,55
Tomato Big(Indian),2/14/2022,KG,60,70,65
Onion Dry (Indian),2/14/2022,KG,35,38,36.5
Cabbage(Local),2/14/2022,KG,30,35,32.5
Garlic Dry Chinese,2/14/2022,KG,170,180,175
Tomato Big(Nepali),2/15/2022,KG,50,60,55
Tomato Big(Indian),2/15/2022,KG,60,70,65
Onion Dry (Indian),2/15/2022,KG,35,38,36.5
Cabbage(Local),2/15/2022,KG,30,35,32.5
Garlic Dry Chinese,2/15/2022,KG,170,180,175
Tomato Big(Nepali),2/16/2022,KG,50,60,55
Tomato Big(Indian),2/16/2022,KG,60,70,65
Onion Dry (Indian),2/16/2022,KG,35,38,36.5
Cabbage(Local),2/16/2022,KG,30,35,32.5
Garlic Dry Chinese,2/16/2022,KG,170,180,175
Tomato Big(Nepali),2/17/2022,KG,50,60,55
Tomato Big(Indian),2/17/2022,KG,60,70,65
Onion Dry (Indian),2/17/2022,KG,35,38,36.5
Cabbage(Local),2/17/2022,KG,30,35,32.5
Garlic Dry Chinese,2/17/2022,KG,170,180,175
Tomato Big(Nepali),2/18/2022,KG,50,60,55
Tomato Big(Indian),2/18/2022,KG,60,70,65
Onion Dry (Indian),2/18/2022,KG,35,38,36.5
Cabbage(Local),2/18/2022,KG,30,35,32.5
Garlic Dry Chinese,2/18/2022,KG,170,180,175
Tomato Big(Nepali),2/19/2022,KG,50,60,55
Tomato Big(Indian),2/19/2022,KG,60,70,65
Onion Dry (Indian),2/19/2022,KG,35,38,36.5
Cabbage(Local),2/19/2022,KG,30,35,32.5
Garlic Dry Chinese,2/19/2022,KG,170,180,175
Tomato Big(Nepali),2/20/2022,KG,50,60,55
Tomato Big(Indian),2/20/2022,KG,60,70,65
Onion Dry (Indian),2/20/2022,KG,35,38,36.5
Cabbage(Local),2/20/2022,KG,30,35,32.5
Garlic Dry Chinese,2/20/2022,KG,170,180,175
Tomato Big(Nepali),2/21/2022,KG,50,60,55
Tomato Big(Indian),2/21/2022,KG,60,70,65
Onion Dry (Indian),2/21/2022,KG,35,38,36.5
Cabbage(Local),2/21/2022,KG,30,35,32.5
Garlic Dry Chinese,2/21/2022,KG,170,180,175
Tomato Big(Nepali),2/22/2022,KG,50,60,55
Tomato Big(Indian),2/22/2022,KG,60,70,65
Onion Dry (Indian),2/22/2022,KG,35,38,36.5
Cabbage(Local),2/22/2022,KG,30,35,32.5
Garlic Dry Chinese,2/22/2022,KG,170,180,175
Tomato Big(Nepali),2/23/2022,KG,50,60,55
Tomato Big(Indian),2/23/2022,KG,60,70,65
Onion Dry (Indian),2/23/2022,KG,35,38,36.5
Cabbage(Local),2/23/2022,KG,30,35,32.5
Garlic Dry Chinese,2/23/2022,KG,170,180,175
Tomato Big(Nepali),2/24/2022,KG,50,60,55
Tomato Big(Indian),2/24/2022,KG,60,70,65
Onion Dry (Indian),2/24/2022,KG,35,38,36.5
Cabbage(Local),2/24/2022,KG,30,35,32.5
Garlic Dry Chinese,2/24/2022,KG,170,180,175
Tomato Big(Nepali),2/25/2022,KG,50,60,55
Tomato Big(Indian),2/25/2022,KG,60,70,65
Onion Dry (Indian),2/25/2022,KG,35,38,36.5
Cabbage(Local),2/25/2022,KG,30,35,32.5
Garlic Dry Chinese,2/25/2022,KG,170,180,175
Tomato Big(Nepali),2/26/2022,KG,50,60,55
Tomato Big(Indian),2/26/2022,KG,60,70,65
Onion Dry (Indian),2/26/2022,KG,35,38,36.5
Cabbage(Local),2/26/2022,KG,30,35,32.5
Garlic Dry Chinese,2/26/2022,KG,170,180,175
Tomato Big(Nepali),2/27/2022,KG,50,60,55
Tomato Big(Indian),2/27/2022,KG,60,70,65
Onion Dry (Indian),2/27/2022,KG,35,38,36.5
Cabbage(Local),2/27/2022,KG,30,35,32.5
Garlic Dry Chinese,2/27/2022,KG,170,180,175
Tomato Big(Nepali),2/28/2022,KG,50,60,55
Tomato Big(Indian),2/28/2022,KG,60,70,65
Onion Dry (Indian),2/28/2022,KG,35,38,36.5
Cabbage(Local),2/28/2022,KG,30,35,32.5
Garlic Dry Chinese,2/28/2022,KG,170,180,175
Tomato Big(Nepali),3/1/2022,KG,50,60,55
Tomato Big(Indian),3/1/2022,KG,60,70,65
Onion Dry (Indian),3/1/2022,KG,35,38,36.5
Cabbage(Local),3/1/2022,KG,30,35,32.5
Garlic Dry Chinese,3/1/2022,KG,170,180,175
Tomato Big(Nepali),3/2/2022,KG,50,60,55
Tomato Big(Indian),3/2/2022,KG,60,70,65
Onion Dry (Indian),3/2/2022,KG,35,38,36.5
Cabbage(Local),3/2/2022,KG,30,35,32.5
Garlic Dry Chinese,3/2/2022,KG,170,180,175
Tomato Big(Nepali),3/3/2022,KG,50,60,55
Tomato Big(Indian),3/3/2022,KG,60,70,65
Onion Dry (Indian),3/3/2022,KG,35,38,36.5
Cabbage(Local),3/3/2022,KG,30,35,32.5
Garlic Dry Chinese,3/3/2022,KG,170,180,175
Tomato Big(Nepali),3/4/2022,KG,50,60,55
Tomato Big(Indian),3/4/2022,KG,60,70,65
Onion Dry (Indian),3/4/2022,KG,35,38,36.5
Cabbage(Local),3/4/2022,KG,30,35,32.5
Garlic Dry Chinese,3/4/2022,KG,170,180,175
Tomato Big(Nepali),3/5/2022,KG,50,60,55
Tomato Big(Indian),3/5/2022,KG,60,70,65
Onion Dry (Indian),3/5/2022,KG,35,38,36.5
Cabbage(Local),3/5/2022,KG,30,35,32.5
Garlic Dry Chinese,3/5/2022,KG,170,180,175
Tomato Big(Nepali),3/6/2022,KG,50,60,55
Tomato Big(Indian),3/6/2022,KG,60,70,65
Onion Dry (Indian),3/6/2022,KG,35,38,36.5
Cabbage(Local),3/6/2022,KG,30,35,32.5
Garlic Dry Chinese,3/6/2022,KG,170,180,175
Tomato Big(Nepali),3/7/2022,KG,50,60,55
Tomato Big(Indian),3/7/2022,KG,60,70,65
Onion Dry (Indian),3/7/2022,KG,35,38,36.5
Cabbage(Local),3/7/2022,KG,30,35,32.5
Garlic Dry Chinese,3/7/2022,KG,170,180,175
Tomato Big(Nepali),3/8/2022,KG,50,60,55
Tomato Big(Indian),3/8/2022,KG,60,70,65
Onion Dry (Indian),3/8/2022,KG,35,38,36.5
Cabbage(Local),3/8/2022,KG,30,35,32.5
Garlic Dry Chinese,3/8/2022,KG,170,180,175
Tomato Big(Nepali),3/9/2022,KG,50,60,55
Tomato Big(Indian),3/9/2022,KG,60,70,65
Onion Dry (Indian),3/9/2022,KG,35,38,36.5
Cabbage(Local),3/9/2022,KG,30,35,32.5
Garlic Dry Chinese,3/9/2022,KG,170,180,175
Tomato Big(Nepali),3/10/2022,KG,50,60,55
Tomato Big(Indian),3/10/2022,KG,60,70,65
Onion Dry (Indian),3/10/2022,KG,35,38,36.5
Cabbage(Local),3/10/2022,KG,30,35,32.5
Garlic Dry Chinese,3/10/2022,KG,170,180,175
Tomato Big(Nepali),3/11/2022,KG,50,60,55
Tomato Big(Indian),3/11/2022,KG,60,70,65
Onion Dry (Indian),3/11/2022,KG,35,38,36.5
Cabbage(Local),3/11/2022,KG,30,35,32.5
Garlic Dry Chinese,3/11/2022,KG,170,180,175
Tomato Big(Nepali),3/12/2022,KG,50,60,55
Tomato Big(Indian),3/12/2022,KG,60,70,65
Onion Dry (Indian),3/12/2022,KG,35,38,36.5
Cabbage(Local),3/12/2022,KG,30,35,32.5
Garlic Dry Chinese,3/12/2022,KG,170,180,175
Tomato Big(Nepali),3/13/2022,KG,50,60,55
Tomato Big(Indian),3/13/2022,KG,60,70,65
Onion Dry (Indian),3/13/2022,KG,35,38,36.5
Cabbage(Local),3/13/2022,KG,30,35,32.5
Garlic Dry Chinese,3/13/2022,KG,170,180,175
Tomato Big(Nepali),3/14/2022,KG,50,60,55
Tomato Big(Indian),3/14/2022,KG,60,70,65
Onion Dry (Indian),3/14/2022,KG,35,38,36.5
Cabbage(Local),3/14/2022,KG,30,35,32.5
Garlic Dry Chinese,3/14/2022,KG,170,180,175
Tomato Big(Nepali),3/15/2022,KG,50,60,55
Tomato Big(Indian),3/15/2022,KG,60,70,65
Onion Dry (Indian),3/15/2022,KG,35,38,36.5
Cabbage(Local),3/15/2022,KG,30,35,32.5
Garlic Dry Chinese,3/15/2022,KG,170,180,175
Tomato Big(Nepali),3/16/2022,KG,50,60,55
Tomato Big(Indian),3/16/2022,KG,60,70,65
Onion Dry (Indian),3/16/2022,KG,35,38,36.5
Cabbage(Local),3/16/2022,KG,30,35,32.5
Garlic Dry Chinese,3/16/2022,KG,170,180,175
Tomato Big(Nepali),3/17/2022,KG,50,60,55
Tomato Big(Indian),3/17/2022,KG,60,70,65
Onion Dry (Indian),3/17/2022,KG,35,38,36.5
Cabbage(Local),3/17/2022,KG,30,35,32.5
Garlic Dry Chinese,3/17/2022,KG,170,180,175
Tomato Big(Nepali),3/18/2022,KG,50,60,55
Tomato Big(Indian),3/18/2022,KG,60,70,65
Onion Dry (Indian),3/18/2022,KG,35,38,36.5
Cabbage(Local),3/18/2022,KG,30,35,32.5
Garlic Dry Chinese,3/18/2022,KG,170,180,175
Tomato Big(Nepali),3/19/2022,KG,50,60,55
Tomato Big(Indian),3/19/2022,KG,60,70,65
Onion Dry (Indian),3/19/2022,KG,35,38,36.5
Cabbage(Local),3/19/2022,KG,30,35,32.5
Garlic Dry Chinese,3/19/2022,KG,170,180,175
Tomato Big(Nepali),3/20/2022,KG,50,60,55
Tomato Big(Indian),3/20/2022,KG,60,70,65
Onion Dry (Indian),3/20/2022,KG,35,38,36.5
Cabbage(Local),3/20/2022,KG,30,35,32.5
Garlic Dry Chinese,3/20/2022,KG,170,180,175
Tomato Big(Nepali),3/21/2022,KG,50,60,55
Tomato Big(Indian),3/21/2022,KG,60,70,65
Onion Dry (Indian),3/21/2022,KG,35,38,36.5
Cabbage(Local),3/21/2022,KG,30,35,32.5
Garlic Dry Chinese,3/21/2022,KG,170,180,175
Tomato Big(Nepali),3/22/2022,KG,50,60,55
Tomato Big(Indian),3/22/2022,KG,60,70,65
Onion Dry (Indian),3/22/2022,KG,35,38,36.5
Cabbage(Local),3/22/2022,KG,30,35,32.5
Garlic Dry Chinese,3/22/2022,KG,170,180,175
Tomato Big(Nepali),3/23/2022,KG,50,60,55
Tomato Big(Indian),3/23/2022,KG,60,70,65
Onion Dry (Indian),3/23/2022,KG,35,38,36.5
Cabbage(Local),3/23/2022,KG,30,35,32.5
Garlic Dry Chinese,3/23/2022,KG,170,180,175
Tomato Big(Nepali),3/24/2022,KG,50,60,55
Tomato Big(Indian),3/24/2022,KG,60,70,65
Onion Dry (Indian),3/24/2022,KG,35,38,36.5
Cabbage(Local),3/24/2022,KG,30,35,32.5
Garlic Dry Chinese,3/24/2022,KG,170,180,175
Tomato Big(Nepali),3/25/2022,KG,50,60,55
Tomato Big(Indian),3/25/2022,KG,60,70,65
Onion Dry (Indian),3/25/2022,KG,35,38,36.5
Cabbage(Local),3/25/2022,KG,30,35,32.5
Garlic Dry Chinese,3/25/2022,KG,170,180,175
Tomato Big(Nepali),3/26/2022,KG,50,60,55
Tomato Big(Indian),3/26/2022,KG,60,70,65
Onion Dry (Indian),3/26/2022,KG,35,38,36.5
Cabbage(Local),3/26/2022,KG,30,35,32.5
Garlic Dry Chinese,3/26/2022,KG,170,180,175
Tomato Big(Nepali),3/27/2022,KG,50,60,55
Tomato Big(Indian),3/27/2022,KG,60,70,65
Onion Dry (Indian),3/27/2022,KG,35,38,36.5
Cabbage(Local),3/27/2022,KG,30,35,32.5
Garlic Dry Chinese,3/27/2022,KG,170,180,175
Tomato Big(Nepali),3/28/2022,KG,50,60,55
Tomato Big(Indian),3/28/2022,KG,60,70,65
Onion Dry (Indian),3/28/2022,KG,35,38,36.5
Cabbage(Local),3/28/2022,KG,30,35,32.5
Garlic Dry Chinese,3/28/2022,KG,170,180,175
Tomato Big(Nepali),3/29/2022,KG,50,60,55
Tomato Big(Indian),3/29/2022,KG,60,70,65
Onion Dry (Indian),3/29/2022,KG,35,38,36.5
Cabbage(Local),3/29/2022,KG,30,35,32.5
Garlic Dry Chinese,3/29/2022,KG,170,180,175
Tomato Big(Nepali),3/30/2022,KG,50,60,55
Tomato Big(Indian),3/30/2022,KG,60,70,65
Onion Dry (Indian),3/30/2022,KG,35,38,36.5
Cabbage(Local),3/30/2022,KG,30,35,32.5
Garlic Dry Chinese,3/30/2022,KG,170,180,175
Tomato Big(Nepali),3/31/2022,KG,50,60,55
Tomato Big(Indian),3/31/2022,KG,60,70,65
Onion Dry (Indian),3/31/2022,KG,35,38,36.5
Cabbage(Local),3/31/2022,KG,30,35,32.5
Garlic Dry Chinese,3/31/2022,KG,170,180,175
Tomato Big(Nepali),4/1/2022,KG,50,60,55
Tomato Big(Indian),4/1/2022,KG,60,70,65
Onion Dry (Indian),4/1/2022,KG,35,38,36.5
Cabbage(Local),4/1/2022,KG,30,35,32.5
Garlic Dry Chinese,4/1/2022,KG,170,180,175
Tomato Big(Nepali),4/2/2022,KG,50,60,55
Tomato Big(Indian),4/2/2022,KG,60,70,65
Onion Dry (Indian),4/2/2022,KG,35,38,36.5
Cabbage(Local),4/2/2022,KG,30,35,32.5
Garlic Dry Chinese,4/2/2022,KG,170,180,175
Tomato Big(Nepali),4/3/2022,KG,50,60,55
Tomato Big(Indian),4/3/2022,KG,60,70,65
Onion Dry (Indian),4/3/2022,KG,35,38,36.5
Cabbage(Local),4/3/2022,KG,30,35,32.5
Garlic Dry Chinese,4/3/2022,KG,170,180,175
Tomato Big(Nepali),4/4/2022,KG,50,60,55
Tomato Big(Indian),4/4/2022,KG,60,70,65
Onion Dry (Indian),4/4/2022,KG,35,38,36.5
Cabbage(Local),4/4/2022,KG,30,35,32.5
Garlic Dry Chinese,4/4/2022,KG,170,180,175
Tomato Big(Nepali),4/5/2022,KG,50,60,55
Tomato Big(Indian),4/5/2022,KG,60,70,65
Onion Dry (Indian),4/5/2022,KG,35,38,36.5
Cabbage(Local),4/5/2022,KG,30,35,32.5
Garlic Dry Chinese,4/5/2022,KG,170,180,175
Tomato Big(Nepali),4/6/2022,KG,50,60,55
Tomato Big(Indian),4/6/2022,KG,60,70,65
Onion Dry (Indian),4/6/2022,KG,35,38,36.5
Cabbage(Local),4/6/2022,KG,30,35,32.5
Garlic Dry Chinese,4/6/2022,KG,170,180,175
Tomato Big(Nepali),4/7/2022,KG,50,60,55
Tomato Big(Indian),4/7/2022,KG,60,70,65
Onion Dry (Indian),4/7/2022,KG,35,38,36.5
Cabbage(Local),4/7/2022,KG,30,35,32.5
Garlic Dry Chinese,4/7/2022,KG,170,180,175
Tomato Big(Nepali),4/8/2022,KG,50,60,55
Tomato Big(Indian),4/8/2022,KG,60,70,65
Onion Dry (Indian),4/8/2022,KG,35,38,36.5
Cabbage(Local),4/8/2022,KG,30,35,32.5
Garlic Dry Chinese,4/8/2022,KG,170,180,175
Tomato Big(Nepali),4/9/2022,KG,50,60,55
Tomato Big(Indian),4/9/2022,KG,60,70,65
Onion Dry (Indian),4/9/2022,KG,35,38,36.5
Cabbage(Local),4/9/2022,KG,30,35,32.5
Garlic Dry Chinese,4/9/2022,KG,170,180,175
Tomato Big(Nepali),4/10/2022,KG,50,60,55
Tomato Big(Indian),4/10/2022,KG,60,70,65
Onion Dry (Indian),4/10/2022,KG,35,38,36.5
Cabbage(Local),4/10/2022,KG,30,35,32.5
Garlic Dry Chinese,4/10/2022,KG,170,180,175
Tomato Big(Nepali),4/11/2022,KG,50,60,55
Tomato Big(Indian),4/11/2022,KG,60,70,65
Onion Dry (Indian),4/11/2022,KG,35,38,36.5
Cabbage(Local),4/11/2022,KG,30,35,32.5
Garlic Dry Chinese,4/11/2022,KG,170,180,175
Tomato Big(Nepali),4/12/2022,KG,50,60,55
Tomato Big(Indian),4/12/2022,KG,60,70,65
Onion Dry (Indian),4/12/2022,KG,35,38,36.5
Cabbage(Local),4/12/2022,KG,30,35,32.5
Garlic Dry Chinese,4/12/2022,KG,170,180,175
Tomato Big(Nepali),4/13/2022,KG,50,60,55
Tomato Big(Indian),4/13/2022,KG,60,70,65
Onion Dry (Indian),4/13/2022,KG,35,38,36.5
Cabbage(Local),4/13/2022,KG,30,35,32.5
Garlic Dry Chinese,4/13/2022,KG,170,180,175
Tomato Big(Nepali),4/14/2022,KG,50,60,55
Tomato Big(Indian),4/14/2022,KG,60,70,65
Onion Dry (Indian),4/14/2022,KG,35,38,36.5
Cabbage(Local),4/14/2022,KG,30,35,32.5
Garlic Dry Chinese,4/14/2022,KG,170,180,175
Tomato Big(Nepali),4/15/2022,KG,50,60,55
Tomato Big(Indian),4/15/2022,KG,60,70,65
Onion Dry (Indian),4/15/2022,KG,35,38,36.5
Cabbage(Local),4/15/2022,KG,30,35,32.5
Garlic Dry Chinese,4/15/2022,KG,170,180,175
Tomato Big(Nepali),4/16/2022,KG,50,60,55
Tomato Big(Indian),4/16/2022,KG,60,70,65
Onion Dry (Indian),4/16/2022,KG,35,38,36.5
Cabbage(Local),4/16/2022,KG,30,35,32.5
Garlic Dry Chinese,4/16/2022,KG,170,180,175
Tomato Big(Nepali),4/17/2022,KG,50,60,55
Tomato Big(Indian),4/17/2022,KG,60,70,65
Onion Dry (Indian),4/17/2022,KG,35,38,36.5
Cabbage(Local),4/17/2022,KG,30,35,32.5
Garlic Dry Chinese,4/17/2022,KG,170,180,175
Tomato Big(Nepali),4/18/2022,KG,50,60,55
Tomato Big(Indian),4/18/2022,KG,60,70,65
Onion Dry (Indian),4/18/2022,KG,35,38,36.5
Cabbage(Local),4/18/2022,KG,30,35,32.5
Garlic Dry Chinese,4/18/2022,KG,170,180,175
Tomato Big(Nepali),4/19/2022,KG,50,60,55
Tomato Big(Indian),4/19/2022,KG,60,70,65
Onion Dry (Indian),4/19/2022,KG,35,38,36.5
Cabbage(Local),4/19/2022,KG,30,35,32.5
Garlic Dry Chinese,4/19/2022,KG,170,180,175
Tomato Big(Nepali),4/20/2022,KG,50,60,55
Tomato Big(Indian),4/20/2022,KG,60,70,65
Onion Dry (Indian),4/20/2022,KG,35,38,36.5
Cabbage(Local),4/20/2022,KG,30,35,32.5
Garlic Dry Chinese,4/20/2022,KG,170,180,175
Tomato Big(Nepali),4/21/2022,KG,50,60,55
Tomato Big(Indian),4/21/2022,KG,60,70,65
Onion Dry (Indian),4/21/2022,KG,35,38,36.5
Cabbage(Local),4/21/2022,KG,30,35,32.5
Garlic Dry Chinese,4/21/2022,KG,170,180,175
Tomato Big(Nepali),4/22/2022,KG,50,60,55
Tomato Big(Indian),4/22/2022,KG,60,70,65
Onion Dry (Indian),4/22/2022,KG,35,38,36.5
Cabbage(Local),4/22/2022,KG,30,35,32.5
Garlic Dry Chinese,4/22/2022,KG,170,180,175
Tomato Big(Nepali),4/23/2022,KG,50,60,55
Tomato Big(Indian),4/23/2022,KG,60,70,65
Onion Dry (Indian),4/23/2022,KG,35,38,36.5
Cabbage(Local),4/23/2022,KG,30,35,32.5
Garlic Dry Chinese,4/23/2022,KG,170,180,175
Tomato Big(Nepali),4/24/2022,KG,50,60,55
Tomato Big(Indian),4/24/2022,KG,60,70,65
Onion Dry (Indian),4/24/2022,KG,35,38,36.5
Cabbage(Local),4/24/2022,KG,30,35,32.5
Garlic Dry Chinese,4/24/2022,KG,170,180,175
Tomato Big(Nepali),4/25/2022,KG,50,60,55
Tomato Big(Indian),4/25/2022,KG,60,70,65
Onion Dry (Indian),4/25/2022,KG,35,38,36.5
Cabbage(Local),4/25/2022,KG,30,35,32.5
Garlic Dry Chinese,4/25/2022,KG,170,180,175
Tomato Big(Nepali),4/26/2022,KG,50,60,55
Tomato Big(Indian),4/26/2022,KG,60,70,65
Onion Dry (Indian),4/26/2022,KG,35,38,36.5
Cabbage(Local),4/26/2022,KG,30,35,32.5
Garlic Dry Chinese,4/26/2022,KG,170,180,175
Tomato Big(Nepali),4/27/2022,KG,50,60,55
Tomato Big(Indian),4/27/2022,KG,60,70,65
Onion Dry (Indian),4/27/2022,KG,35,38,36.5
Cabbage(Local),4/27/2022,KG,30,35,32.5
Garlic Dry Chinese,4/27/2022,KG,170,180,175
Tomato Big(Nepali),4/28/2022,KG,50,60,55
Tomato Big(Indian),4/28/2022,KG,60,70,65
Onion Dry (Indian),4/28/2022,KG,35,38,36.5
Cabbage(Local),4/28/2022,KG,30,35,32.5
Garlic Dry Chinese,4/28/2022,KG,170,180,175
Tomato Big(Nepali),4/29/2022,KG,50,60,55
Tomato Big(Indian),4/29/2022,KG,60,70,65
Onion Dry (Indian),4/29/2022,KG,35,38,36.5
Cabbage(Local),4/29/2022,KG,30,35,32.5
Garlic Dry Chinese,4/29/2022,KG,170,180,175
Tomato Big(Nepali),4/30/2022,KG,50,60,55
Tomato Big(Indian),4/30/2022,KG,60,70,65
Onion Dry (Indian),4/30/2022,KG,35,38,36.5
Cabbage(Local),4/30/2022,KG,30,35,32.5
Garlic Dry Chinese,4/30/2022,KG,170,180,175
Tomato Big(Nepali),5/1/2022,KG,50,60,55
Tomato Big(Indian),5/1/2022,KG,60,70,65
Onion Dry (Indian),5/1/2022,KG,35,38,36.5
Cabbage(Local),5/1/2022,KG,30,35,32.5
Garlic Dry Chinese,5/1/2022,KG,170,180,175
Tomato Big(Nepali),5/2/2022,KG,50,60,55
Tomato Big(Indian),5/2/2022,KG,60,70,65
Onion Dry (Indian),5/2/2022,KG,35,38,36.5
Cabbage(Local),5/2/2022,KG,30,35,32.5
Garlic Dry Chinese,5/2/2022,KG,170,180,175
Tomato Big(Nepali),5/3/2022,KG,50,60,55
Tomato Big(Indian),5/3/2022,KG,60,70,65
Onion Dry (Indian),5/3/2022,KG,35,38,36.5
Cabbage(Local),5/3/2022,KG,30,35,32.5
Garlic Dry Chinese,5/3/2022,KG,170,180,175
Tomato Big(Nepali),5/4/2022,KG,50,60,55
Tomato Big(Indian),5/4/2022,KG,60,70,65
Onion Dry (Indian),5/4/2022,KG,35,38,36.5
Cabbage(Local),5/4/2022,KG,30,35,32.5
Garlic Dry Chinese,5/4/2022,KG,170,180,175
Tomato Big(Nepali),5/5/2022,KG,50,60,55
Tomato Big(Indian),5/5/2022,KG,60,70,65
Onion Dry (Indian),5/5/2022,KG,35,38,36.5
Cabbage(Local),5/5/2022,KG,30,35,32.5
Garlic Dry Chinese,5/5/2022,KG,170,180,175
Tomato Big(Nepali),5/6/2022,KG,50,60,55
Tomato Big(Indian),5/6/2022,KG,60,70,65
Onion Dry (Indian),5/6/2022,KG,35,38,36.5
Cabbage(Local),5/6/2022,KG,30,35,32.5
Garlic Dry Chinese,5/6/2022,KG,170,180,175
Tomato Big(Nepali),5/7/2022,KG,50,60,55
Tomato Big(Indian),5/7/2022,KG,60,70,65
Onion Dry (Indian),5/7/2022,KG,35,38,36.5
Cabbage(Local),5/7/2022,KG,30,35,32.5
Garlic Dry Chinese,5/7/2022,KG,170,180,175
Tomato Big(Nepali),5/8/2022,KG,50,60,55
Tomato Big(Indian),5/8/2022,KG,60,70,65
Onion Dry (Indian),5/8/2022,KG,35,38,36.5
Cabbage(Local),5/8/2022,KG,30,35,32.5
Garlic Dry Chinese,5/8/2022,KG,170,180,175
Tomato Big(Nepali),5/9/2022,KG,50,60,55
Tomato Big(Indian),5/9/2022,KG,60,70,65
Onion Dry (Indian),5/9/2022,KG,35,38,36.5
Cabbage(Local),5/9/2022,KG,30,35,32.5
Garlic Dry Chinese,5/9/2022,KG,170,180,175
Tomato Big(Nepali),5/10/2022,KG,50,60,55
Tomato Big(Indian),5/10/2022,KG,60,70,65
Onion Dry (Indian),5/10/2022,KG,35,38,36.5
Cabbage(Local),5/10/2022,KG,30,35,32.5
Garlic Dry Chinese,5/10/2022,KG,170,180,175
Tomato Big(Nepali),5/11/2022,KG,50,60,55
Tomato Big(Indian),5/11/2022,KG,60,70,65
Onion Dry (Indian),5/11/2022,KG,35,38,36.5
Cabbage(Local),5/11/2022,KG,30,35,32.5
Garlic Dry Chinese,5/11/2022,KG,170,180,175
Tomato Big(Nepali),5/12/2022,KG,50,60,55
Tomato Big(Indian),5/12/2022,KG,60,70,65
Onion Dry (Indian),5/12/2022,KG,35,38,36.5
Cabbage(Local),5/12/2022,KG,30,35,32.5
Garlic Dry Chinese,5/12/2022,KG,170,180,175
Tomato Big(Nepali),5/13/2022,KG,50,60,55
Tomato Big(Indian),5/13/2022,KG,60,70,65
Onion Dry (Indian),5/13/2022,KG,35,38,36.5
Cabbage(Local),5/13/2022,KG,30,35,32.5
Garlic Dry Chinese,5/13/2022,KG,170,180,175
Tomato Big(Nepali),5/14/2022,KG,50,60,55
Tomato Big(Indian),5/14/2022,KG,60,70,65
Onion Dry (Indian),5/14/2022,KG,35,38,36.5
Cabbage(Local),5/14/2022,KG,30,35,32.5
Garlic Dry Chinese,5/14/2022,KG,170,180,175
Tomato Big(Nepali),5/15/2022,KG,50,60,55
Tomato Big(Indian),5/15/2022,KG,60,70,65
Onion Dry (Indian),5/15/2022,KG,35,38,36.5
Cabbage(Local),5/15/2022,KG,30,35,32.5
Garlic Dry Chinese,5/15/2022,KG,170,180,175
Tomato Big(Nepali),5/16/2022,KG,50,60,55
Tomato Big(Indian),5/16/2022,KG,60,70,65
Onion Dry (Indian),5/16/2022,KG,35,38,36.5
Cabbage(Local),5/16/2022,KG,30,35,32.5
Garlic Dry Chinese,5/16/2022,KG,170,180,175
Tomato Big(Nepali),5/17/2022,KG,50,60,55
Tomato Big(Indian),5/17/2022,KG,60,70,65
Onion Dry (Indian),5/17/2022,KG,35,38,36.5
Cabbage(Local),5/17/2022,KG,30,35,32.5
Garlic Dry Chinese,5/17/2022,KG,170,180,175
Tomato Big(Nepali),5/18/2022,KG,50,60,55
Tomato Big(Indian),5/18/2022,KG,60,70,65
Onion Dry (Indian),5/18/2022,KG,35,38,36.5
Cabbage(Local),5/18/2022,KG,30,35,32.5
Garlic Dry Chinese,5/18/2022,KG,170,180,175
Tomato Big(Nepali),5/19/2022,KG,50,60,55
Tomato Big(Indian),5/19/2022,KG,60,70,65
Onion Dry (Indian),5/19/2022,KG,35,38,36.5
Cabbage(Local),5/19/2022,KG,30,35,32.5
Garlic Dry Chinese,5/19/2022,KG,170,180,175
Tomato Big(Nepali),5/20/2022,KG,50,60,55
Tomato Big(Indian),5/20/2022,KG,60,70,65
Onion Dry (Indian),5/20/2022,KG,35,38,36.5
Cabbage(Local),5/20/2022,KG,30,35,32.5
Garlic Dry Chinese,5/20/2022,KG,170,180,175
Tomato Big(Nepali),5/21/2022,KG,50,60,55
Tomato Big(Indian),5/21/2022,KG,60,70,65
Onion Dry (Indian),5/21/2022,KG,35,38,36.5
Cabbage(Local),5/21/2022,KG,30,35,32.5
Garlic Dry Chinese,5/21/2022,KG,170,180,175
Tomato Big(Nepali),5/22/2022,KG,50,60,55
Tomato Big(Indian),5/22/2022,KG,60,70,65
Onion Dry (Indian),5/22/2022,KG,35,38,36.5
Cabbage(Local),5/22/2022,KG,30,35,32.5
Garlic Dry Chinese,5/22/2022,KG,170,180,175
Tomato Big(Nepali),5/23/2022,KG,50,60,55
Tomato Big(Indian),5/23/2022,KG,60,70,65
Onion Dry (Indian),5/23/2022,KG,35,38,36.5
Cabbage(Local),5/23/2022,KG,30,35,32.5
Garlic Dry Chinese,5/23/2022,KG,170,180,175
Tomato Big(Nepali),5/24/2022,KG,50,60,55
Tomato Big(Indian),5/24/2022,KG,60,70,65
Onion Dry (Indian),5/24/2022,KG,35,38,36.5
Cabbage(Local),5/24/2022,KG,30,35,32.5
Garlic Dry Chinese,5/24/2022,KG,170,180,175
Tomato Big(Nepali),5/25/2022,KG,50,60,55
Tomato Big(Indian),5/25/2022,KG,60,70,65
Onion Dry (Indian),5/25/2022,KG,35,38,36.5
Cabbage(Local),5/25/2022,KG,30,35,32.5
Garlic Dry Chinese,5/25/2022,KG,170,180,175
Tomato Big(Nepali),5/26/2022,KG,50,60,55
Tomato Big(Indian),5/26/2022,KG,60,70,65
Onion Dry (Indian),5/26/2022,KG,35,38,36.5
Cabbage(Local),5/26/2022,KG,30,35,32.5
Garlic Dry Chinese,5/26/2022,KG,170,180,175
Tomato Big(Nepali),5/27/2022,KG,50,60,55
Tomato Big(Indian),5/27/2022,KG,60,70,65
Onion Dry (Indian),5/27/2022,KG,35,38,36.5
Cabbage(Local),5/27/2022,KG,30,35,32.5
Garlic Dry Chinese,5/27/2022,KG,170,180,175
Tomato Big(Nepali),5/28/2022,KG,50,60,55
Tomato Big(Indian),5/28/2022,KG,60,70,65
Onion Dry (Indian),5/28/2022,KG,35,38,36.5
Cabbage(Local),5/28/2022,KG,30,35,32.5
Garlic Dry Chinese,5/28/2022,KG,170,180,175
Tomato Big(Nepali),5/29/2022,KG,50,60,55
Tomato Big(Indian),5/29/2022,KG,60,70,65
Onion Dry (Indian),5/29/2022,KG,35,38,36.5
Cabbage(Local),5/29/2022,KG,30,35,32.5
Garlic Dry Chinese,5/29/2022,KG,170,180,175
Tomato Big(Nepali),5/30/2022,KG,50,60,55
Tomato Big(Indian),5/30/2022,KG,60,70,65
Onion Dry (Indian),5/30/2022,KG,35,38,36.5
Cabbage(Local),5/30/2022,KG,30,35,32.5
Garlic Dry Chinese,5/30/2022,KG,170,180,175
Tomato Big(Nepali),5/31/2022,KG,50,60,55
Tomato Big(Indian),5/31/2022,KG,60,70,65
Onion Dry (Indian),5/31/2022,KG,35,38,36.5
Cabbage(Local),5/31/2022,KG,30,35,32.5
Garlic Dry Chinese,5/31/2022,KG,170,180,175
Tomato Big(Nepali),6/1/2022,KG,50,60,55
Tomato Big(Indian),6/1/2022,KG,60,70,65
Onion Dry (Indian),6/1/2022,KG,35,38,36.5
Cabbage(Local),6/1/2022,KG,30,35,32.5
Garlic Dry Chinese,6/1/2022,KG,170,180,175
Tomato Big(Nepali),6/2/2022,KG,50,60,55
Tomato Big(Indian),6/2/2022,KG,60,70,65
Onion Dry (Indian),6/2/2022,KG,35,38,36.5
Cabbage(Local),6/2/2022,KG,30,35,32.5
Garlic Dry Chinese,6/2/2022,KG,170,180,175
Tomato Big(Nepali),6/3/2022,KG,50,60,55
Tomato Big(Indian),6/3/2022,KG,60,70,65
Onion Dry (Indian),6/3/2022,KG,35,38,36.5
Cabbage(Local),6/3/2022,KG,30,35,32.5
Garlic Dry Chinese,6/3/2022,KG,170,180,175
Tomato Big(Nepali),6/4/2022,KG,50,60,55
Tomato Big(Indian),6/4/2022,KG,60,70,65
Onion Dry (Indian),6/4/2022,KG,35,38,36.5
Cabbage(Local),6/4/2022,KG,30,35,32.5
Garlic Dry Chinese,6/4/2022,KG,170,180,175
Tomato Big(Nepali),6/5/2022,KG,50,60,55
Tomato Big(Indian),6/5/2022,KG,60,70,65
Onion Dry (Indian),6/5/2022,KG,35,38,36.5
Cabbage(Local),6/5/2022,KG,30,35,32.5
Garlic Dry Chinese,6/5/2022,KG,170,180,175
Tomato Big(Nepali),6/6/2022,KG,50,60,55
Tomato Big(Indian),6/6/2022,KG,60,70,65
Onion Dry (Indian),6/6/2022,KG,35,38,36.5
Cabbage(Local),6/6/2022,KG,30,35,32.5
Garlic Dry Chinese,6/6/2022,KG,170,180,175
Tomato Big(Nepali),6/7/2022,KG,50,60,55
Tomato Big(Indian),6/7/2022,KG,60,70,65
Onion Dry (Indian),6/7/2022,KG,35,38,36.5
Cabbage(Local),6/7/2022,KG,30,35,32.5
Garlic Dry Chinese,6/7/2022,KG,170,180,175
Tomato Big(Nepali),6/8/2022,KG,50,60,55
Tomato Big(Indian),6/8/2022,KG,60,70,65
Onion Dry (Indian),6/8/2022,KG,35,38,36.5
Cabbage(Local),6/8/2022,KG,30,35,32.5
Garlic Dry Chinese,6/8/2022,KG,170,180,175
Tomato Big(Nepali),6/9/2022,KG,50,60,55
Tomato Big(Indian),6/9/2022,KG,60,70,65
Onion Dry (Indian),6/9/2022,KG,35,38,36.5
Cabbage(Local),6/9/2022,KG,30,35,32.5
Garlic Dry Chinese,6/9/2022,KG,170,180,175
Tomato Big(Nepali),6/10/2022,KG,50,60,55
Tomato Big(Indian),6/10/2022,KG,60,70,65
Onion Dry (Indian),6/10/2022,KG,35,38,36.5
Cabbage(Local),6/10/2022,KG,30,35,32.5
Garlic Dry Chinese,6/10/2022,KG,170,180,175
Tomato Big(Nepali),6/11/2022,KG,50,60,55
Tomato Big(Indian),6/11/2022,KG,60,70,65
Onion Dry (Indian),6/11/2022,KG,35,38,36.5
Cabbage(Local),6/11/2022,KG,30,35,32.5
Garlic Dry Chinese,6/11/2022,KG,170,180,175
Tomato Big(Nepali),6/12/2022,KG,50,60,55
Tomato Big(Indian),6/12/2022,KG,60,70,65
Onion Dry (Indian),6/12/2022,KG,35,38,36.5
Cabbage(Local),6/12/2022,KG,30,35,32.5
Garlic Dry Chinese,6/12/2022,KG,170,180,175
Tomato Big(Nepali),6/13/2022,KG,50,60,55
Tomato Big(Indian),6/13/2022,KG,60,70,65
Onion Dry (Indian),6/13/2022,KG,35,38,36.5
Cabbage(Local),6/13/2022,KG,30,35,32.5
Garlic Dry Chinese,6/13/2022,KG,170,180,175
Tomato Big(Nepali),6/14/2022,KG,50,60,55
Tomato Big(Indian),6/14/2022,KG,60,70,65
Onion Dry (Indian),6/14/2022,KG,35,38,36.5
Cabbage(Local),6/14/2022,KG,30,35,32.5
Garlic Dry Chinese,6/14/2022,KG,170,180,175
Tomato Big(Nepali),6/15/2022,KG,50,60,55
Tomato Big(Indian),6/15/2022,KG,60,70,65
Onion Dry (Indian),6/15/2022,KG,35,38,36.5
Cabbage(Local),6/15/2022,KG,30,35,32.5
Garlic Dry Chinese,6/15/2022,KG,170,180,175
Tomato Big(Nepali),6/16/2022,KG,50,60,55
Tomato Big(Indian),6/16/2022,KG,60,70,65
Onion Dry (Indian),6/16/2022,KG,35,38,36.5
Cabbage(Local),6/16/2022,KG,30,35,32.5
Garlic Dry Chinese,6/16/2022,KG,170,180,175
Tomato Big(Nepali),6/17/2022,KG,50,60,55
Tomato Big(Indian),6/17/2022,KG,60,70,65
Onion Dry (Indian),6/17/2022,KG,35,38,36.5
Cabbage(Local),6/17/2022,KG,30,35,32.5
Garlic Dry Chinese,6/17/2022,KG,170,180,175
Tomato Big(Nepali),6/18/2022,KG,50,60,55
Tomato Big(Indian),6/18/2022,KG,60,70,65
Onion Dry (Indian),6/18/2022,KG,35,38,36.5
Cabbage(Local),6/18/2022,KG,30,35,32.5
Garlic Dry Chinese,6/18/2022,KG,170,180,175
Tomato Big(Nepali),6/19/2022,KG,50,60,55
Tomato Big(Indian),6/19/2022,KG,60,70,65
Onion Dry (Indian),6/19/2022,KG,35,38,36.5
Cabbage(Local),6/19/2022,KG,30,35,32.5
Garlic Dry Chinese,6/19/2022,KG,170,180,175
Tomato Big(Nepali),6/20/2022,KG,50,60,55
Tomato Big(Indian),6/20/2022,KG,60,70,65
Onion Dry (Indian),6/20/2022,KG,35,38,36.5
Cabbage(Local),6/20/2022,KG,30,35,32.5
Garlic Dry Chinese,6/20/2022,KG,170,180,175
Tomato Big(Nepali),6/21/2022,KG,50,60,55
Tomato Big(Indian),6/21/2022,KG,60,70,65
Onion Dry (Indian),6/21/2022,KG,35,38,36.5
Cabbage(Local),6/21/2022,KG,30,35,32.5
Garlic Dry Chinese,6/21/2022,KG,170,180,175
Tomato Big(Nepali),6/22/2022,KG,50,60,55
Tomato Big(Indian),6/22/2022,KG,60,70,65
Onion Dry (Indian),6/22/2022,KG,35,38,36.5
Cabbage(Local),6/22/2022,KG,30,35,32.5
Garlic Dry Chinese,6/22/2022,KG,170,180,175
Tomato Big(Nepali),6/23/2022,KG,50,60,55
Tomato Big(Indian),6/23/2022,KG,60,70,65
Onion Dry (Indian),6/23/2022,KG,35,38,36.5
Cabbage(Local),6/23/2022,KG,30,35,32.5
Garlic Dry Chinese,6/23/2022,KG,170,180,175
Tomato Big(Nepali),6/24/2022,KG,50,60,55
Tomato Big(Indian),6/24/2022,KG,60,70,65
Onion Dry (Indian),6/24/2022,KG,35,38,36.5
Cabbage(Local),6/24/2022,KG,30,35,32.5
Garlic Dry Chinese,6/24/2022,KG,170,180,175
Tomato Big(Nepali),6/25/2022,KG,50,60,55
Tomato Big(Indian),6/25/2022,KG,60,70,65
Onion Dry (Indian),6/25/2022,KG,35,38,36.5
Cabbage(Local),6/25/2022,KG,30,35,32.5
Garlic Dry Chinese,6/25/2022,KG,170,180,175
Tomato Big(Nepali),6/26/2022,KG,50,60,55
Tomato Big(Indian),6/26/2022,KG,60,70,65
Onion Dry (Indian),6/26/2022,KG,35,38,36.5
Cabbage(Local),6/26/2022,KG,30,35,32.5
Garlic Dry Chinese,6/26/2022,KG,170,180,175
Tomato Big(Nepali),6/27/2022,KG,50,60,55
Tomato Big(Indian),6/27/2022,KG,60,70,65
Onion Dry (Indian),6/27/2022,KG,35,38,36.5
Cabbage(Local),6/27/2022,KG,30,35,32.5
Garlic Dry Chinese,6/27/2022,KG,170,180,175
Tomato Big(Nepali),6/28/2022,KG,50,60,55
Tomato Big(Indian),6/28/2022,KG,60,70,65
Onion Dry (Indian),6/28/2022,KG,35,38,36.5
Cabbage(Local),6/28/2022,KG,30,35,32.5
Garlic Dry Chinese,6/28/2022,KG,170,180,175
Tomato Big(Nepali),6/29/2022,KG,50,60,55
Tomato Big(Indian),6/29/2022,KG,60,70,65
Onion Dry (Indian),6/29/2022,KG,35,38,36.5
Cabbage(Local),6/29/2022,KG,30,35,32.5
Garlic Dry Chinese,6/29/2022,KG,170,180,175
Tomato Big(Nepali),6/30/2022,KG,50,60,55
Tomato Big(Indian),6/30/2022,KG,60,70,65
Onion Dry (Indian),6/30/2022,KG,35,38,36.5
Cabbage(Local),6/30/2022,KG,30,35,32.5
Garlic Dry Chinese,6/30/2022,KG,170,180,175
Tomato Big(Nepali),7/1/2022,KG,50,60,55
Tomato Big(Indian),7/1/2022,KG,60,70,65
Onion Dry (Indian),7/1/2022,KG,35,38,36.5
Cabbage(Local),7/1/2022,KG,30,35,32.5
Garlic Dry Chinese,7/1/2022,KG,170,180,175
Tomato Big(Nepali),7/2/2022,KG,50,60,55
Tomato Big(Indian),7/2/2022,KG,60,70,65
Onion Dry (Indian),7/2/2022,KG,35,38,36.5
Cabbage(Local),7/2/2022,KG,30,35,32.5
Garlic Dry Chinese,7/2/2022,KG,170,180,175
Tomato Big(Nepali),7/3/2022,KG,50,60,55
Tomato Big(Indian),7/3/2022,KG,60,70,65
Onion Dry (Indian),7/3/2022,KG,35,38,36.5
Cabbage(Local),7/3/2022,KG,30,35,32.5
Garlic Dry Chinese,7/3/2022,KG,170,180,175
Tomato Big(Nepali),7/4/2022,KG,50,60,55
Tomato Big(Indian),7/4/2022,KG,60,70,65
Onion Dry (Indian),7/4/2022,KG,35,38,36.5
Cabbage(Local),7/4/2022,KG,30,35,32.5
Garlic Dry Chinese,7/4/2022,KG,170,180,175
Tomato Big(Nepali),7/5/2022,KG,50,60,55
Tomato Big(Indian),7/5/2022,KG,60,70,65
Onion Dry (Indian),7/5/2022,KG,35,38,36.5
Cabbage(Local),7/5/2022,KG,30,35,32.5
Garlic Dry Chinese,7/5/2022,KG,170,180,175
Tomato Big(Nepali),7/6/2022,KG,50,60,55
Tomato Big(Indian),7/6/2022,KG,60,70,65
Onion Dry (Indian),7/6/2022,KG,35,38,36.5
Cabbage(Local),7/6/2022,KG,30,35,32.5
Garlic Dry Chinese,7/6/2022,KG,170,180,175
Tomato Big(Nepali),7/7/2022,KG,50,60,55
Tomato Big(Indian),7/7/2022,KG,60,70,65
Onion Dry (Indian),7/7/2022,KG,35,38,36.5
Cabbage(Local),7/7/2022,KG,30,35,32.5
Garlic Dry Chinese,7/7/2022,KG,170,180,175
Tomato Big(Nepali),7/8/2022,KG,50,60,55
Tomato Big(Indian),7/8/2022,KG,60,70,65
Onion Dry (Indian),7/8/2022,KG,35,38,36.5
Cabbage(Local),7/8/2022,KG,30,35,32.5
Garlic Dry Chinese,7/8/2022,KG,170,180,175
Tomato Big(Nepali),7/9/2022,KG,50,60,55
Tomato Big(Indian),7/9/2022,KG,60,70,65
Onion Dry (Indian),7/9/2022,KG,35,38,36.5
Cabbage(Local),7/9/2022,KG,30,35,32.5
Garlic Dry Chinese,7/9/2022,KG,170,180,175
Tomato Big(Nepali),7/10/2022,KG,50,60,55
Tomato Big(Indian),7/10/2022,KG,60,70,65
Onion Dry (Indian),7/10/2022,KG,35,38,36.5
Cabbage(Local),7/10/2022,KG,30,35,32.5
Garlic Dry Chinese,7/10/2022,KG,170,180,175
Tomato Big(Nepali),7/11/2022,KG,50,60,55
Tomato Big(Indian),7/11/2022,KG,60,70,65
Onion Dry (Indian),7/11/2022,KG,35,38,36.5
Cabbage(Local),7/11/2022,KG,30,35,32.5
Garlic Dry Chinese,7/11/2022,KG,170,180,175
Tomato Big(Nepali),7/12/2022,KG,50,60,55
Tomato Big(Indian),7/12/2022,KG,60,70,65
Onion Dry (Indian),7/12/2022,KG,35,38,36.5
Cabbage(Local),7/12/2022,KG,30,35,32.5
Garlic Dry Chinese,7/12/2022,KG,170,180,175
Tomato Big(Nepali),7/13/2022,KG,50,60,55
Tomato Big(Indian),7/13/2022,KG,60,70,65
Onion Dry (Indian),7/13/2022,KG,35,38,36.5
Cabbage(Local),7/13/2022,KG,30,35,32.5
Garlic Dry Chinese,7/13/2022,KG,170,180,175
Tomato Big(Nepali),7/14/2022,KG,50,60,55
Tomato Big(Indian),7/14/2022,KG,60,70,65
Onion Dry (Indian),7/14/2022,KG,35,38,36.5
Cabbage(Local),7/14/2022,KG,30,35,32.5
Garlic Dry Chinese,7/14/2022,KG,170,180,175
Tomato Big(Nepali),7/15/2022,KG,50,60,55
Tomato Big(Indian),7/15/2022,KG,60,70,65
Onion Dry (Indian),7/15/2022,KG,35,38,36.5
Cabbage(Local),7/15/2022,KG,30,35,32.5
Garlic Dry Chinese,7/15/2022,KG,170,180,175
Tomato Big(Nepali),7/16/2022,KG,50,60,55
Tomato Big(Indian),7/16/2022,KG,60,70,65
Onion Dry (Indian),7/16/2022,KG,35,38,36.5
Cabbage(Local),7/16/2022,KG,30,35,32.5
Garlic Dry Chinese,7/16/2022,KG,170,180,175
Tomato Big(Nepali),7/17/2022,KG,50,60,55
Tomato Big(Indian),7/17/2022,KG,60,70,65
Onion Dry (Indian),7/17/2022,KG,35,38,36.5
Cabbage(Local),7/17/2022,KG,30,35,32.5
Garlic Dry Chinese,7/17/2022,KG,170,180,175
Tomato Big(Nepali),7/18/2022,KG,50,60,55
Tomato Big(Indian),7/18/2022,KG,60,70,65
Onion Dry (Indian),7/18/2022,KG,35,38,36.5
Cabbage(Local),7/18/2022,KG,30,35,32.5
Garlic Dry Chinese,7/18/2022,KG,170,180,175
Tomato Big(Nepali),7/19/2022,KG,50,60,55
Tomato Big(Indian),7/19/2022,KG,60,70,65
Onion Dry (Indian),7/19/2022,KG,35,38,36.5
Cabbage(Local),7/19/2022,KG,30,35,32.5
Garlic Dry Chinese,7/19/2022,KG,170,180,175
Tomato Big(Nepali),7/20/2022,KG,50,60,55
Tomato Big(Indian),7/20/2022,KG,60,70,65
Onion Dry (Indian),7/20/2022,KG,35,38,36.5
Cabbage(Local),7/20/2022,KG,30,35,32.5
Garlic Dry Chinese,7/20/2022,KG,170,180,175
Tomato Big(Nepali),7/21/2022,KG,50,60,55
Tomato Big(Indian),7/21/2022,KG,60,70,65
Onion Dry (Indian),7/21/2022,KG,35,38,36.5
Cabbage(Local),7/21/2022,KG,30,35,32.5
Garlic Dry Chinese,7/21/2022,KG,170,180,175
Tomato Big(Nepali),7/22/2022,KG,50,60,55
Tomato Big(Indian),7/22/2022,KG,60,70,65
Onion Dry (Indian),7/22/2022,KG,35,38,36.5
Cabbage(Local),7/22/2022,KG,30,35,32.5
Garlic Dry Chinese,7/22/2022,KG,170,180,175
Tomato Big(Nepali),7/23/2022,KG,50,60,55
Tomato Big(Indian),7/23/2022,KG,60,70,65
Onion Dry (Indian),7/23/2022,KG,35,38,36.5
Cabbage(Local),7/23/2022,KG,30,35,32.5
Garlic Dry Chinese,7/23/2022,KG,170,180,175
Tomato Big(Nepali),7/24/2022,KG,50,60,55
Tomato Big(Indian),7/24/2022,KG,60,70,65
Onion Dry (Indian),7/24/2022,KG,35,38,36.5
Cabbage(Local),7/24/2022,KG,30,35,32.5
Garlic Dry Chinese,7/24/2022,KG,170,180,175
Tomato Big(Nepali),7/25/2022,KG,50,60,55
Tomato Big(Indian),7/25/2022,KG,60,70,65
Onion Dry (Indian),7/25/2022,KG,35,38,36.5
Cabbage(Local),7/25/2022,KG,30,35,32.5
Garlic Dry Chinese,7/25/2022,KG,170,180,175
Tomato Big(Nepali),7/26/2022,KG,50,60,55
Tomato Big(Indian),7/26/2022,KG,60,70,65
Onion Dry (Indian),7/26/2022,KG,35,38,36.5
Cabbage(Local),7/26/2022,KG,30,35,32.5
Garlic Dry Chinese,7/26/2022,KG,170,180,175
Tomato Big(Nepali),7/27/2022,KG,50,60,55
Tomato Big(Indian),7/27/2022,KG,60,70,65
Onion Dry (Indian),7/27/2022,KG,35,38,36.5
Cabbage(Local),7/27/2022,KG,30,35,32.5
Garlic Dry Chinese,7/27/2022,KG,170,180,175
Tomato Big(Nepali),7/28/2022,KG,50,60,55
Tomato Big(Indian),7/28/2022,KG,60,70,65
Onion Dry (Indian),7/28/2022,KG,35,38,36.5
Cabbage(Local),7/28/2022,KG,30,35,32.5
Garlic Dry Chinese,7/28/2022,KG,170,180,175
Tomato Big(Nepali),7/29/2022,KG,50,60,55
Tomato Big(Indian),7/29/2022,KG,60,70,65
Onion Dry (Indian),7/29/2022,KG,35,38,36.5
Cabbage(Local),7/29/2022,KG,30,35,32.5
Garlic Dry Chinese,7/29/2022,KG,170,180,175
Tomato Big(Nepali),7/30/2022,KG,50,60,55
Tomato Big(Indian),7/30/2022,KG,60,70,65
Onion Dry (Indian),7/30/2022,KG,35,38,36.5
Cabbage(Local),7/30/2022,KG,30,35,32.5
Garlic Dry Chinese,7/30/2022,KG,170,180,175
Tomato Big(Nepali),7/31/2022,KG,50,60,55
Tomato Big(Indian),7/31/2022,KG,60,70,65
Onion Dry (Indian),7/31/2022,KG,35,38,36.5
Cabbage(Local),7/31/2022,KG,30,35,32.5
Garlic Dry Chinese,7/31/2022,KG,170,180,175
Tomato Big(Nepali),8/1/2022,KG,50,60,55
Tomato Big(Indian),8/1/2022,KG,60,70,65
Onion Dry (Indian),8/1/2022,KG,35,38,36.5
Cabbage(Local),8/1/2022,KG,30,35,32.5
Garlic Dry Chinese,8/1/2022,KG,170,180,175
Tomato Big(Nepali),8/2/2022,KG,50,60,55
Tomato Big(Indian),8/2/2022,KG,60,70,65
Onion Dry (Indian),8/2/2022,KG,35,38,36.5
Cabbage(Local),8/2/2022,KG,30,35,32.5
Garlic Dry Chinese,8/2/2022,KG,170,180,175
Tomato Big(Nepali),8/3/2022,KG,50,60,55
Tomato Big(Indian),8/3/2022,KG,60,70,65
Onion Dry (Indian),8/3/2022,KG,35,38,36.5
Cabbage(Local),8/3/2022,KG,30,35,32.5
Garlic Dry Chinese,8/3/2022,KG,170,180,175
Tomato Big(Nepali),8/4/2022,KG,50,60,55
Tomato Big(Indian),8/4/2022,KG,60,70,65
Onion Dry (Indian),8/4/2022,KG,35,38,36.5
Cabbage(Local),8/4/2022,KG,30,35,32.5
Garlic Dry Chinese,8/4/2022,KG,170,180,175
Tomato Big(Nepali),8/5/2022,KG,50,60,55
Tomato Big(Indian),8/5/2022,KG,60,70,65
Onion Dry (Indian),8/5/2022,KG,35,38,36.5
Cabbage(Local),8/5/2022,KG,30,35,32.5
Garlic Dry Chinese,8/5/2022,KG,170,180,175
Tomato Big(Nepali),8/6/2022,KG,50,60,55
Tomato Big(Indian),8/6/2022,KG,60,70,65
Onion Dry (Indian),8/6/2022,KG,35,38,36.5
Cabbage(Local),8/6/2022,KG,30,35,32.5
Garlic Dry Chinese,8/6/2022,KG,170,180,175
Tomato Big(Nepali),8/7/2022,KG,50,60,55
Tomato Big(Indian),8/7/2022,KG,60,70,65
Onion Dry (Indian),8/7/2022,KG,35,38,36.5
Cabbage(Local),8/7/2022,KG,30,35,32.5
Garlic Dry Chinese,8/7/2022,KG,170,180,175
Tomato Big(Nepali),8/8/2022,KG,50,60,55
Tomato Big(Indian),8/8/2022,KG,60,70,65
Onion Dry (Indian),8/8/2022,KG,35,38,36.5
Cabbage(Local),8/8/2022,KG,30,35,32.5
Garlic Dry Chinese,8/8/2022,KG,170,180,175
Tomato Big(Nepali),8/9/2022,KG,50,60,55
Tomato Big(Indian),8/9/2022,KG,60,70,65
Onion Dry (Indian),8/9/2022,KG,35,38,36.5
Cabbage(Local),8/9/2022,KG,30,35,32.5
Garlic Dry Chinese,8/9/2022,KG,170,180,175
Tomato Big(Nepali),8/10/2022,KG,50,60,55
Tomato Big(Indian),8/10/2022,KG,60,70,65
Onion Dry (Indian),8/10/2022,KG,35,38,36.5
Cabbage(Local),8/10/2022,KG,30,35,32.5
Garlic Dry Chinese,8/10/2022,KG,170,180,175
Tomato Big(Nepali),8/11/2022,KG,50,60,55
Tomato Big(Indian),8/11/2022,KG,60,70,65
Onion Dry (Indian),8/11/2022,KG,35,38,36.5
Cabbage(Local),8/11/2022,KG,30,35,32.5
Garlic Dry Chinese,8/11/2022,KG,170,180,175
Tomato Big(Nepali),8/12/2022,KG,50,60,55
Tomato Big(Indian),8/12/2022,KG,60,70,65
Onion Dry (Indian),8/12/2022,KG,35,38,36.5
Cabbage(Local),8/12/2022,KG,30,35,32.5
Garlic Dry Chinese,8/12/2022,KG,170,180,175
Tomato Big(Nepali),8/13/2022,KG,50,60,55
Tomato Big(Indian),8/13/2022,KG,60,70,65
Onion Dry (Indian),8/13/2022,KG,35,38,36.5
Cabbage(Local),8/13/2022,KG,30,35,32.5
Garlic Dry Chinese,8/13/2022,KG,170,180,175
Tomato Big(Nepali),8/14/2022,KG,50,60,55
Tomato Big(Indian),8/14/2022,KG,60,70,65
Onion Dry (Indian),8/14/2022,KG,35,38,36.5
Cabbage(Local),8/14/2022,KG,30,35,32.5
Garlic Dry Chinese,8/14/2022,KG,170,180,175
Tomato Big(Nepali),8/15/2022,KG,50,60,55
Tomato Big(Indian),8/15/2022,KG,60,70,65
Onion Dry (Indian),8/15/2022,KG,35,38,36.5
Cabbage(Local),8/15/2022,KG,30,35,32.5
Garlic Dry Chinese,8/15/2022,KG,170,180,175
Tomato Big(Nepali),8/16/2022,KG,50,60,55
Tomato Big(Indian),8/16/2022,KG,60,70,65
Onion Dry (Indian),8/16/2022,KG,35,38,36.5
Cabbage(Local),8/16/2022,KG,30,35,32.5
Garlic Dry Chinese,8/16/2022,KG,170,180,175
Tomato Big(Nepali),8/17/2022,KG,50,60,55
Tomato Big(Indian),8/17/2022,KG,60,70,65
Onion Dry (Indian),8/17/2022,KG,35,38,36.5
Cabbage(Local),8/17/2022,KG,30,35,32.5
Garlic Dry Chinese,8/17/2022,KG,170,180,175
Tomato Big(Nepali),8/18/2022,KG,50,60,55
Tomato Big(Indian),8/18/2022,KG,60,70,65
Onion Dry (Indian),8/18/2022,KG,35,38,36.5
Cabbage(Local),8/18/2022,KG,30,35,32.5
Garlic Dry Chinese,8/18/2022,KG,170,180,175
Tomato Big(Nepali),8/19/2022,KG,50,60,55
Tomato Big(Indian),8/19/2022,KG,60,70,65
Onion Dry (Indian),8/19/2022,KG,35,38,36.5
Cabbage(Local),8/19/2022,KG,30,35,32.5
Garlic Dry Chinese,8/19/2022,KG,170,180,175
Tomato Big(Nepali),8/20/2022,KG,50,60,55
Tomato Big(Indian),8/20/2022,KG,60,70,65
Onion Dry (Indian),8/20/2022,KG,35,38,36.5
Cabbage(Local),8/20/2022,KG,30,35,32.5
Garlic Dry Chinese,8/20/2022,KG,170,180,175
Tomato Big(Nepali),8/21/2022,KG,50,60,55
Tomato Big(Indian),8/21/2022,KG,60,70,65
Onion Dry (Indian),8/21/2022,KG,35,38,36.5
Cabbage(Local),8/21/2022,KG,30,35,32.5
Garlic Dry Chinese,8/21/2022,KG,170,180,175
Tomato Big(Nepali),8/22/2022,KG,50,60,55
Tomato Big(Indian),8/22/2022,KG,60,70,65
Onion Dry (Indian),8/22/2022,KG,35,38,36.5
Cabbage(Local),8/22/2022,KG,30,35,32.5
Garlic Dry Chinese,8/22/2022,KG,170,180,175
Tomato Big(Nepali),8/23/2022,KG,50,60,55
Tomato Big(Indian),8/23/2022,KG,60,70,65
Onion Dry (Indian),8/23/2022,KG,35,38,36.5
Cabbage(Local),8/23/2022,KG,30,35,32.5
Garlic Dry Chinese,8/23/2022,KG,170,180,175
Tomato Big(Nepali),8/24/2022,KG,50,60,55
Tomato Big(Indian),8/24/2022,KG,60,70,65
Onion Dry (Indian),8/24/2022,KG,35,38,36.5
Cabbage(Local),8/24/2022,KG,30,35,32.5
Garlic Dry Chinese,8/24/2022,KG,170,180,175
Tomato Big(Nepali),8/25/2022,KG,50,60,55
Tomato Big(Indian),8/25/2022,KG,60,70,65
Onion Dry (Indian),8/25/2022,KG,35,38,36.5
Cabbage(Local),8/25/2022,KG,30,35,32.5
Garlic Dry Chinese,8/25/2022,KG,170,180,175
Tomato Big(Nepali),8/26/2022,KG,50,60,55
Tomato Big(Indian),8/26/2022,KG,60,70,65
Onion Dry (Indian),8/26/2022,KG,35,38,36.5
Cabbage(Local),8/26/2022,KG,30,35,32.5
Garlic Dry Chinese,8/26/2022,KG,170,180,175
Tomato Big(Nepali),8/27/2022,KG,50,60,55
Tomato Big(Indian),8/27/2022,KG,60,70,65
Onion Dry (Indian),8/27/2022,KG,35,38,36.5
Cabbage(Local),8/27/2022,KG,30,35,32.5
Garlic Dry Chinese,8/27/2022,KG,170,180,175
Tomato Big(Nepali),8/28/2022,KG,50,60,55
Tomato Big(Indian),8/28/2022,KG,60,70,65
Onion Dry (Indian),8/28/2022,KG,35,38,36.5
Cabbage(Local),8/28/2022,KG,30,35,32.5
Garlic Dry Chinese,8/28/2022,KG,170,180,175
Tomato Big(Nepali),8/29/2022,KG,50,60,55
Tomato Big(Indian),8/29/2022,KG,60,70,65
Onion Dry (Indian),8/29/2022,KG,35,38,36.5
Cabbage(Local),8/29/2022,KG,30,35,32.5
Garlic Dry Chinese,8/29/2022,KG,170,180,175
Tomato Big(Nepali),8/30/2022,KG,50,60,55
Tomato Big(Indian),8/30/2022,KG,60,70,65
Onion Dry (Indian),8/30/2022,KG,35,38,36.5
Cabbage(Local),8/30/2022,KG,30,35,32.5
Garlic Dry Chinese,8/30/2022,KG,170,180,175
Tomato Big(Nepali),8/31/2022,KG,50,60,55
Tomato Big(Indian),8/31/2022,KG,60,70,65
Onion Dry (Indian),8/31/2022,KG,35,38,36.5
Cabbage(Local),8/31/2022,KG,30,35,32.5
Garlic Dry Chinese,8/31/2022,KG,170,180,175
Tomato Big(Nepali),9/1/2022,KG,50,60,55
Tomato Big(Indian),9/1/2022,KG,60,70,65
Onion Dry (Indian),9/1/2022,KG,35,38,36.5
Cabbage(Local),9/1/2022,KG,30,35,32.5
Garlic Dry Chinese,9/1/2022,KG,170,180,175
Tomato Big(Nepali),9/2/2022,KG,50,60,55
Tomato Big(Indian),9/2/2022,KG,60,70,65
Onion Dry (Indian),9/2/2022,KG,35,38,36.5
Cabbage(Local),9/2/2022,KG,30,35,32.5
Garlic Dry Chinese,9/2/2022,KG,170,180,175
Tomato Big(Nepali),9/3/2022,KG,50,60,55
Tomato Big(Indian),9/3/2022,KG,60,70,65
Onion Dry (Indian),9/3/2022,KG,35,38,36.5
Cabbage(Local),9/3/2022,KG,30,35,32.5
Garlic Dry Chinese,9/3/2022,KG,170,180,175
Tomato Big(Nepali),9/4/2022,KG,50,60,55
Tomato Big(Indian),9/4/2022,KG,60,70,65
Onion Dry (Indian),9/4/2022,KG,35,38,36.5
Cabbage(Local),9/4/2022,KG,30,35,32.5
Garlic Dry Chinese,9/4/2022,KG,170,180,175
Tomato Big(Nepali),9/5/2022,KG,50,60,55
Tomato Big(Indian),9/5/2022,KG,60,70,65
Onion Dry (Indian),9/5/2022,KG,35,38,36.5
Cabbage(Local),9/5/2022,KG,30,35,32.5
Garlic Dry Chinese,9/5/2022,KG,170,180,175
Tomato Big(Nepali),9/6/2022,KG,50,60,55
Tomato Big(Indian),9/6/2022,KG,60,70,65
Onion Dry (Indian),9/6/2022,KG,35,38,36.5
Cabbage(Local),9/6/2022,KG,30,35,32.5
Garlic Dry Chinese,9/6/2022,KG,170,180,175
Tomato Big(Nepali),9/7/2022,KG,50,60,55
Tomato Big(Indian),9/7/2022,KG,60,70,65
Onion Dry (Indian),9/7/2022,KG,35,38,36.5
Cabbage(Local),9/7/2022,KG,30,35,32.5
Garlic Dry Chinese,9/7/2022,KG,170,180,175
Tomato Big(Nepali),9/8/2022,KG,50,60,55
Tomato Big(Indian),9/8/2022,KG,60,70,65
Onion Dry (Indian),9/8/2022,KG,35,38,36.5
Cabbage(Local),9/8/2022,KG,30,35,32.5
Garlic Dry Chinese,9/8/2022,KG,170,180,175
Tomato Big(Nepali),9/9/2022,KG,50,60,55
Tomato Big(Indian),9/9/2022,KG,60,70,65
Onion Dry (Indian),9/9/2022,KG,35,38,36.5
Cabbage(Local),9/9/2022,KG,30,35,32.5
Garlic Dry Chinese,9/9/2022,KG,170,180,175
Tomato Big(Nepali),9/10/2022,KG,50,60,55
Tomato Big(Indian),9/10/2022,KG,60,70,65
Onion Dry (Indian),9/10/2022,KG,35,38,36.5
Cabbage(Local),9/10/2022,KG,30,35,32.5
Garlic Dry Chinese,9/10/2022,KG,170,180,175
Tomato Big(Nepali),9/11/2022,KG,50,60,55
Tomato Big(Indian),9/11/2022,KG,60,70,65
Onion Dry (Indian),9/11/2022,KG,35,38,36.5
Cabbage(Local),9/11/2022,KG,30,35,32.5
Garlic Dry Chinese,9/11/2022,KG,170,180,175
Tomato Big(Nepali),9/12/2022,KG,50,60,55
Tomato Big(Indian),9/12/2022,KG,60,70,65
Onion Dry (Indian),9/12/2022,KG,35,38,36.5
Cabbage(Local),9/12/2022,KG,30,35,32.5
Garlic Dry Chinese,9/12/2022,KG,170,180,175
Tomato Big(Nepali),9/13/2022,KG,50,60,55
Tomato Big(Indian),9/13/2022,KG,60,70,65
Onion Dry (Indian),9/13/2022,KG,35,38,36.5
Cabbage(Local),9/13/2022,KG,30,35,32.5
Garlic Dry Chinese,9/13/2022,KG,170,180,175
Tomato Big(Nepali),9/14/2022,KG,50,60,55
Tomato Big(Indian),9/14/2022,KG,60,70,65
Onion Dry (Indian),9/14/2022,KG,35,38,36.5
Cabbage(Local),9/14/2022,KG,30,35,32.5
Garlic Dry Chinese,9/14/2022,KG,170,180,175
Tomato Big(Nepali),9/15/2022,KG,50,60,55
Tomato Big(Indian),9/15/2022,KG,60,70,65
Onion Dry (Indian),9/15/2022,KG,35,38,36.5
Cabbage(Local),9/15/2022,KG,30,35,32.5
Garlic Dry Chinese,9/15/2022,KG,170,180,175
Tomato Big(Nepali),9/16/2022,KG,50,60,55
Tomato Big(Indian),9/16/2022,KG,60,70,65
Onion Dry (Indian),9/16/2022,KG,35,38,36.5
Cabbage(Local),9/16/2022,KG,30,35,32.5
Garlic Dry Chinese,9/16/2022,KG,170,180,175
Tomato Big(Nepali),9/17/2022,KG,50,60,55
Tomato Big(Indian),9/17/2022,KG,60,70,65
Onion Dry (Indian),9/17/2022,KG,35,38,36.5
Cabbage(Local),9/17/2022,KG,30,35,32.5
Garlic Dry Chinese,9/17/2022,KG,170,180,175
Tomato Big(Nepali),9/18/2022,KG,50,60,55
Tomato Big(Indian),9/18/2022,KG,60,70,65
Onion Dry (Indian),9/18/2022,KG,35,38,36.5
Cabbage(Local),9/18/2022,KG,30,35,32.5
Garlic Dry Chinese,9/18/2022,KG,170,180,175
Tomato Big(Nepali),9/19/2022,KG,50,60,55
Tomato Big(Indian),9/19/2022,KG,60,70,65
Onion Dry (Indian),9/19/2022,KG,35,38,36.5
Cabbage(Local),9/19/2022,KG,30,35,32.5
Garlic Dry Chinese,9/19/2022,KG,170,180,175
Tomato Big(Nepali),9/20/2022,KG,50,60,55
Tomato Big(Indian),9/20/2022,KG,60,70,65
Onion Dry (Indian),9/20/2022,KG,35,38,36.5
Cabbage(Local),9/20/2022,KG,30,35,32.5
Garlic Dry Chinese,9/20/2022,KG,170,180,175
Tomato Big(Nepali),9/21/2022,KG,50,60,55
Tomato Big(Indian),9/21/2022,KG,60,70,65
Onion Dry (Indian),9/21/2022,KG,35,38,36.5
Cabbage(Local),9/21/2022,KG,30,35,32.5
Garlic Dry Chinese,9/21/2022,KG,170,180,175
Tomato Big(Nepali),9/22/2022,KG,50,60,55
Tomato Big(Indian),9/22/2022,KG,60,70,65
Onion Dry (Indian),9/22/2022,KG,35,38,36.5
Cabbage(Local),9/22/2022,KG,30,35,32.5
Garlic Dry Chinese,9/22/2022,KG,170,180,175
Tomato Big(Nepali),9/23/2022,KG,50,60,55
Tomato Big(Indian),9/23/2022,KG,60,70,65
Onion Dry (Indian),9/23/2022,KG,35,38,36.5
Cabbage(Local),9/23/2022,KG,30,35,32.5
Garlic Dry Chinese,9/23/2022,KG,170,180,175
Tomato Big(Nepali),9/24/2022,KG,50,60,55
Tomato Big(Indian),9/24/2022,KG,60,70,65
Onion Dry (Indian),9/24/2022,KG,35,38,36.5
Cabbage(Local),9/24/2022,KG,30,35,32.5
Garlic Dry Chinese,9/24/2022,KG,170,180,175
Tomato Big(Nepali),9/25/2022,KG,50,60,55
Tomato Big(Indian),9/25/2022,KG,60,70,65
Onion Dry (Indian),9/25/2022,KG,35,38,36.5
Cabbage(Local),9/25/2022,KG,30,35,32.5
Garlic Dry Chinese,9/25/2022,KG,170,180,175
Tomato Big(Nepali),9/26/2022,KG,50,60,55
Tomato Big(Indian),9/26/2022,KG,60,70,65
Onion Dry (Indian),9/26/2022,KG,35,38,36.5
Cabbage(Local),9/26/2022,KG,30,35,32.5
Garlic Dry Chinese,9/26/2022,KG,170,180,175
Tomato Big(Nepali),9/27/2022,KG,50,60,55
Tomato Big(Indian),9/27/2022,KG,60,70,65
Onion Dry (Indian),9/27/2022,KG,35,38,36.5
Cabbage(Local),9/27/2022,KG,30,35,32.5
Garlic Dry Chinese,9/27/2022,KG,170,180,175
Tomato Big(Nepali),9/28/2022,KG,50,60,55
Tomato Big(Indian),9/28/2022,KG,60,70,65
Onion Dry (Indian),9/28/2022,KG,35,38,36.5
Cabbage(Local),9/28/2022,KG,30,35,32.5
Garlic Dry Chinese,9/28/2022,KG,170,180,175
Tomato Big(Nepali),9/29/2022,KG,50,60,55
Tomato Big(Indian),9/29/2022,KG,60,70,65
Onion Dry (Indian),9/29/2022,KG,35,38,36.5
Cabbage(Local),9/29/2022,KG,30,35,32.5
Garlic Dry Chinese,9/29/2022,KG,170,180,175
Tomato Big(Nepali),9/30/2022,KG,50,60,55
Tomato Big(Indian),9/30/2022,KG,60,70,65
Onion Dry (Indian),9/30/2022,KG,35,38,36.5
Cabbage(Local),9/30/2022,KG,30,35,32.5
Garlic Dry Chinese,9/30/2022,KG,170,180,175
Tomato Big(Nepali),10/1/2022,KG,50,60,55
Tomato Big(Indian),10/1/2022,KG,60,70,65
Onion Dry (Indian),10/1/2022,KG,35,38,36.5
Cabbage(Local),10/1/2022,KG,30,35,32.5
Garlic Dry Chinese,10/1/2022,KG,170,180,175
Tomato Big(Nepali),10/2/2022,KG,50,60,55
Tomato Big(Indian),10/2/2022,KG,60,70,65
Onion Dry (Indian),10/2/2022,KG,35,38,36.5
Cabbage(Local),10/2/2022,KG,30,35,32.5
Garlic Dry Chinese,10/2/2022,KG,170,180,175
Tomato Big(Nepali),10/3/2022,KG,50,60,55
Tomato Big(Indian),10/3/2022,KG,60,70,65
Onion Dry (Indian),10/3/2022,KG,35,38,36.5
Cabbage(Local),10/3/2022,KG,30,35,32.5
Garlic Dry Chinese,10/3/2022,KG,170,180,175
Tomato Big(Nepali),10/4/2022,KG,50,60,55
Tomato Big(Indian),10/4/2022,KG,60,70,65
Onion Dry (Indian),10/4/2022,KG,35,38,36.5
Cabbage(Local),10/4/2022,KG,30,35,32.5
Garlic Dry Chinese,10/4/2022,KG,170,180,175
Tomato Big(Nepali),10/5/2022,KG,50,60,55
Tomato Big(Indian),10/5/2022,KG,60,70,65
Onion Dry (Indian),10/5/2022,KG,35,38,36.5
Cabbage(Local),10/5/2022,KG,30,35,32.5
Garlic Dry Chinese,10/5/2022,KG,170,180,175
Tomato Big(Nepali),10/6/2022,KG,50,60,55
Tomato Big(Indian),10/6/2022,KG,60,70,65
Onion Dry (Indian),10/6/2022,KG,35,38,36.5
Cabbage(Local),10/6/2022,KG,30,35,32.5
Garlic Dry Chinese,10/6/2022,KG,170,180,175
Tomato Big(Nepali),10/7/2022,KG,50,60,55
Tomato Big(Indian),10/7/2022,KG,60,70,65
Onion Dry (Indian),10/7/2022,KG,35,38,36.5
Cabbage(Local),10/7/2022,KG,30,35,32.5
Garlic Dry Chinese,10/7/2022,KG,170,180,175
Tomato Big(Nepali),10/8/2022,KG,50,60,55
Tomato Big(Indian),10/8/2022,KG,60,70,65
Onion Dry (Indian),10/8/2022,KG,35,38,36.5
Cabbage(Local),10/8/2022,KG,30,35,32.5
Garlic Dry Chinese,10/8/2022,KG,170,180,175
Tomato Big(Nepali),10/9/2022,KG,50,60,55
Tomato Big(Indian),10/9/2022,KG,60,70,65
Onion Dry (Indian),10/9/2022,KG,35,38,36.5
Cabbage(Local),10/9/2022,KG,30,35,32.5
Garlic Dry Chinese,10/9/2022,KG,170,180,175
Tomato Big(Nepali),10/10/2022,KG,50,60,55
Tomato Big(Indian),10/10/2022,KG,60,70,65
Onion Dry (Indian),10/10/2022,KG,35,38,36.5
Cabbage(Local),10/10/2022,KG,30,35,32.5
Garlic Dry Chinese,10/10/2022,KG,170,180,175
Tomato Big(Nepali),10/11/2022,KG,50,60,55
Tomato Big(Indian),10/11/2022,KG,60,70,65
Onion Dry (Indian),10/11/2022,KG,35,38,36.5
Cabbage(Local),10/11/2022,KG,30,35,32.5
Garlic Dry Chinese,10/11/2022,KG,170,180,175
Tomato Big(Nepali),10/12/2022,KG,50,60,55
Tomato Big(Indian),10/12/2022,KG,60,70,65
Onion Dry (Indian),10/12/2022,KG,35,38,36.5
Cabbage(Local),10/12/2022,KG,30,35,32.5
Garlic Dry Chinese,10/12/2022,KG,170,180,175
Tomato Big(Nepali),10/13/2022,KG,50,60,55
Tomato Big(Indian),10/13/2022,KG,60,70,65
Onion Dry (Indian),10/13/2022,KG,35,38,36.5
Cabbage(Local),10/13/2022,KG,30,35,32.5
Garlic Dry Chinese,10/13/2022,KG,170,180,175
Tomato Big(Nepali),10/14/2022,KG,50,60,55
Tomato Big(Indian),10/14/2022,KG,60,70,65
Onion Dry (Indian),10/14/2022,KG,35,38,36.5
Cabbage(Local),10/14/2022,KG,30,35,32.5
Garlic Dry Chinese,10/14/2022,KG,170,180,175
Tomato Big(Nepali),10/15/2022,KG,50,60,55
Tomato Big(Indian),10/15/2022,KG,60,70,65
Onion Dry (Indian),10/15/2022,KG,35,38,36.5
Cabbage(Local),10/15/2022,KG,30,35,32.5
Garlic Dry Chinese,10/15/2022,KG,170,180,175
Tomato Big(Nepali),10/16/2022,KG,50,60,55
Tomato Big(Indian),10/16/2022,KG,60,70,65
Onion Dry (Indian),10/16/2022,KG,35,38,36.5
Cabbage(Local),10/16/2022,KG,30,35,32.5
Garlic Dry Chinese,10/16/2022,KG,170,180,175
Tomato Big(Nepali),10/17/2022,KG,50,60,55
Tomato Big(Indian),10/17/2022,KG,60,70,65
Onion Dry (Indian),10/17/2022,KG,35,38,36.5
Cabbage(Local),10/17/2022,KG,30,35,32.5
Garlic Dry Chinese,10/17/2022,KG,170,180,175
Tomato Big(Nepali),10/18/2022,KG,50,60,55
Tomato Big(Indian),10/18/2022,KG,60,70,65
Onion Dry (Indian),10/18/2022,KG,35,38,36.5
Cabbage(Local),10/18/2022,KG,30,35,32.5
Garlic Dry Chinese,10/18/2022,KG,170,180,175
Tomato Big(Nepali),10/19/2022,KG,50,60,55
Tomato Big(Indian),10/19/2022,KG,60,70,65
Onion Dry (Indian),10/19/2022,KG,35,38,36.5
Cabbage(Local),10/19/2022,KG,30,35,32.5
Garlic Dry Chinese,10/19/2022,KG,170,180,175
Tomato Big(Nepali),10/20/2022,KG,50,60,55
Tomato Big(Indian),10/20/2022,KG,60,70,65
Onion Dry (Indian),10/20/2022,KG,35,38,36.5
Cabbage(Local),10/20/2022,KG,30,35,32.5
Garlic Dry Chinese,10/20/2022,KG,170,180,175
Tomato Big(Nepali),10/21/2022,KG,50,60,55
Tomato Big(Indian),10/21/2022,KG,60,70,65
Onion Dry (Indian),10/21/2022,KG,35,38,36.5
Cabbage(Local),10/21/2022,KG,30,35,32.5
Garlic Dry Chinese,10/21/2022,KG,170,180,175
Tomato Big(Nepali),10/22/2022,KG,50,60,55
Tomato Big(Indian),10/22/2022,KG,60,70,65
Onion Dry (Indian),10/22/2022,KG,35,38,36.5
Cabbage(Local),10/22/2022,KG,30,35,32.5
Garlic Dry Chinese,10/22/2022,KG,170,180,175
Tomato Big(Nepali),10/23/2022,KG,50,60,55
Tomato Big(Indian),10/23/2022,KG,60,70,65
Onion Dry (Indian),10/23/2022,KG,35,38,36.5
Cabbage(Local),10/23/2022,KG,30,35,32.5
Garlic Dry Chinese,10/23/2022,KG,170,180,175
Tomato Big(Nepali),10/24/2022,KG,50,60,55
Tomato Big(Indian),10/24/2022,KG,60,70,65
Onion Dry (Indian),10/24/2022,KG,35,38,36.5
Cabbage(Local),10/24/2022,KG,30,35,32.5
Garlic Dry Chinese,10/24/2022,KG,170,180,175
Tomato Big(Nepali),10/25/2022,KG,50,60,55
Tomato Big(Indian),10/25/2022,KG,60,70,65
Onion Dry (Indian),10/25/2022,KG,35,38,36.5
Cabbage(Local),10/25/2022,KG,30,35,32.5
Garlic Dry Chinese,10/25/2022,KG,170,180,175
Tomato Big(Nepali),10/26/2022,KG,50,60,55
Tomato Big(Indian),10/26/2022,KG,60,70,65
Onion Dry (Indian),10/26/2022,KG,35,38,36.5
Cabbage(Local),10/26/2022,KG,30,35,32.5
Garlic Dry Chinese,10/26/2022,KG,170,180,175
Tomato Big(Nepali),10/27/2022,KG,50,60,55
Tomato Big(Indian),10/27/2022,KG,60,70,65
Onion Dry (Indian),10/27/2022,KG,35,38,36.5
Cabbage(Local),10/27/2022,KG,30,35,32.5
Garlic Dry Chinese,10/27/2022,KG,170,180,175
Tomato Big(Nepali),10/28/2022,KG,50,60,55
Tomato Big(Indian),10/28/2022,KG,60,70,65
Onion Dry (Indian),10/28/2022,KG,35,38,36.5
Cabbage(Local),10/28/2022,KG,30,35,32.5
Garlic Dry Chinese,10/28/2022,KG,170,180,175
Tomato Big(Nepali),10/29/2022,KG,50,60,55
Tomato Big(Indian),10/29/2022,KG,60,70,65
Onion Dry (Indian),10/29/2022,KG,35,38,36.5
Cabbage(Local),10/29/2022,KG,30,35,32.5
Garlic Dry Chinese,10/29/2022,KG,170,180,175
Tomato Big(Nepali),10/30/2022,KG,50,60,55
Tomato Big(Indian),10/30/2022,KG,60,70,65
Onion Dry (Indian),10/30/2022,KG,35,38,36.5
Cabbage(Local),10/30/2022,KG,30,35,32.5
Garlic Dry Chinese,10/30/2022,KG,170,180,175
Tomato Big(Nepali),10/31/2022,KG,50,60,55
Tomato Big(Indian),10/31/2022,KG,60,70,65
Onion Dry (Indian),10/31/2022,KG,35,38,36.5
Cabbage(Local),10/31/2022,KG,30,35,32.5
Garlic Dry Chinese,10/31/2022,KG,170,180,175
Tomato Big(Nepali),11/1/2022,KG,50,60,55
Tomato Big(Indian),11/1/2022,KG,60,70,65
Onion Dry (Indian),11/1/2022,KG,35,38,36.5
Cabbage(Local),11/1/2022,KG,30,35,32.5
Garlic Dry Chinese,11/1/2022,KG,170,180,175
Tomato Big(Nepali),11/2/2022,KG,50,60,55
Tomato Big(Indian),11/2/2022,KG,60,70,65
Onion Dry (Indian),11/2/2022,KG,35,38,36.5
Cabbage(Local),11/2/2022,KG,30,35,32.5
Garlic Dry Chinese,11/2/2022,KG,170,180,175
Tomato Big(Nepali),11/3/2022,KG,50,60,55
Tomato Big(Indian),11/3/2022,KG,60,70,65
Onion Dry (Indian),11/3/2022,KG,35,38,36.5
Cabbage(Local),11/3/2022,KG,30,35,32.5
Garlic Dry Chinese,11/3/2022,KG,170,180,175
Tomato Big(Nepali),11/4/2022,KG,50,60,55
Tomato Big(Indian),11/4/2022,KG,60,70,65
Onion Dry (Indian),11/4/2022,KG,35,38,36.5
Cabbage(Local),11/4/2022,KG,30,35,32.5
Garlic Dry Chinese,11/4/2022,KG,170,180,175
Tomato Big(Nepali),11/5/2022,KG,50,60,55
Tomato Big(Indian),11/5/2022,KG,60,70,65
Onion Dry (Indian),11/5/2022,KG,35,38,36.5
Cabbage(Local),11/5/2022,KG,30,35,32.5
Garlic Dry Chinese,11/5/2022,KG,170,180,175
Tomato Big(Nepali),11/6/2022,KG,50,60,55
Tomato Big(Indian),11/6/2022,KG,60,70,65
Onion Dry (Indian),11/6/2022,KG,35,38,36.5
Cabbage(Local),11/6/2022,KG,30,35,32.5
Garlic Dry Chinese,11/6/2022,KG,170,180,175
Tomato Big(Nepali),11/7/2022,KG,50,60,55
Tomato Big(Indian),11/7/2022,KG,60,70,65
Onion Dry (Indian),11/7/2022,KG,35,38,36.5
Cabbage(Local),11/7/2022,KG,30,35,32.5
Garlic Dry Chinese,11/7/2022,KG,170,180,175
Tomato Big(Nepali),11/8/2022,KG,50,60,55
Tomato Big(Indian),11/8/2022,KG,60,70,65
Onion Dry (Indian),11/8/2022,KG,35,38,36.5
Cabbage(Local),11/8/2022,KG,30,35,32.5
Garlic Dry Chinese,11/8/2022,KG,170,180,175
Tomato Big(Nepali),11/9/2022,KG,50,60,55
Tomato Big(Indian),11/9/2022,KG,60,70,65
Onion Dry (Indian),11/9/2022,KG,35,38,36.5
Cabbage(Local),11/9/2022,KG,30,35,32.5
Garlic Dry Chinese,11/9/2022,KG,170,180,175
Tomato Big(Nepali),11/10/2022,KG,50,60,55
Tomato Big(Indian),11/10/2022,KG,60,70,65
Onion Dry (Indian),11/10/2022,KG,35,38,36.5
Cabbage(Local),11/10/2022,KG,30,35,32.5
Garlic Dry Chinese,11/10/2022,KG,170,180,175
Tomato Big(Nepali),11/11/2022,KG,50,60,55
Tomato Big(Indian),11/11/2022,KG,60,70,65
Onion Dry (Indian),11/11/2022,KG,35,38,36.5
Cabbage(Local),11/11/2022,KG,30,35,32.5
Garlic Dry Chinese,11/11/2022,KG,170,180,175
Tomato Big(Nepali),11/12/2022,KG,50,60,55
Tomato Big(Indian),11/12/2022,KG,60,70,65
Onion Dry (Indian),11/12/2022,KG,35,38,36.5
Cabbage(Local),11/12/2022,KG,30,35,32.5
Garlic Dry Chinese,11/12/2022,KG,170,180,175
Tomato Big(Nepali),11/13/2022,KG,50,60,55
Tomato Big(Indian),11/13/2022,KG,60,70,65
Onion Dry (Indian),11/13/2022,KG,35,38,36.5
Cabbage(Local),11/13/2022,KG,30,35,32.5
Garlic Dry Chinese,11/13/2022,KG,170,180,175
Tomato Big(Nepali),11/14/2022,KG,50,60,55
Tomato Big(Indian),11/14/2022,KG,60,70,65
Onion Dry (Indian),11/14/2022,KG,35,38,36.5
Cabbage(Local),11/14/2022,KG,30,35,32.5
Garlic Dry Chinese,11/14/2022,KG,170,180,175
Tomato Big(Nepali),11/15/2022,KG,50,60,55
Tomato Big(Indian),11/15/2022,KG,60,70,65
Onion Dry (Indian),11/15/2022,KG,35,38,36.5
Cabbage(Local),11/15/2022,KG,30,35,32.5
Garlic Dry Chinese,11/15/2022,KG,170,180,175
Tomato Big(Nepali),11/16/2022,KG,50,60,55
Tomato Big(Indian),11/16/2022,KG,60,70,65
Onion Dry (Indian),11/16/2022,KG,35,38,36.5
Cabbage(Local),11/16/2022,KG,30,35,32.5
Garlic Dry Chinese,11/16/2022,KG,170,180,175
Tomato Big(Nepali),11/17/2022,KG,50,60,55
Tomato Big(Indian),11/17/2022,KG,60,70,65
Onion Dry (Indian),11/17/2022,KG,35,38,36.5
Cabbage(Local),11/17/2022,KG,30,35,32.5
Garlic Dry Chinese,11/17/2022,KG,170,180,175
Tomato Big(Nepali),11/18/2022,KG,50,60,55
Tomato Big(Indian),11/18/2022,KG,60,70,65
Onion Dry (Indian),11/18/2022,KG,35,38,36.5
Cabbage(Local),11/18/2022,KG,30,35,32.5
Garlic Dry Chinese,11/18/2022,KG,170,180,175
Tomato Big(Nepali),11/19/2022,KG,50,60,55
Tomato Big(Indian),11/19/2022,KG,60,70,65
Onion Dry (Indian),11/19/2022,KG,35,38,36.5
Cabbage(Local),11/19/2022,KG,30,35,32.5
Garlic Dry Chinese,11/19/2022,KG,170,180,175
Tomato Big(Nepali),11/20/2022,KG,50,60,55
Tomato Big(Indian),11/20/2022,KG,60,70,65
Onion Dry (Indian),11/20/2022,KG,35,38,36.5
Cabbage(Local),11/20/2022,KG,30,35,32.5
Garlic Dry Chinese,11/20/2022,KG,170,180,175
Tomato Big(Nepali),11/21/2022,KG,50,60,55
Tomato Big(Indian),11/21/2022,KG,60,70,65
Onion Dry (Indian),11/21/2022,KG,35,38,36.5
Cabbage(Local),11/21/2022,KG,30,35,32.5
Garlic Dry Chinese,11/21/2022,KG,170,180,175
Tomato Big(Nepali),11/22/2022,KG,50,60,55
Tomato Big(Indian),11/22/2022,KG,60,70,65
Onion Dry (Indian),11/22/2022,KG,35,38,36.5
Cabbage(Local),11/22/2022,KG,30,35,32.5
Garlic Dry Chinese,11/22/2022,KG,170,180,175
Tomato Big(Nepali),11/23/2022,KG,50,60,55
Tomato Big(Indian),11/23/2022,KG,60,70,65
Onion Dry (Indian),11/23/2022,KG,35,38,36.5
Cabbage(Local),11/23/2022,KG,30,35,32.5
Garlic Dry Chinese,11/23/2022,KG,170,180,175
Tomato Big(Nepali),11/24/2022,KG,50,60,55
Tomato Big(Indian),11/24/2022,KG,60,70,65
Onion Dry (Indian),11/24/2022,KG,35,38,36.5
Cabbage(Local),11/24/2022,KG,30,35,32.5
Garlic Dry Chinese,11/24/2022,KG,170,180,175
Tomato Big(Nepali),11/25/2022,KG,50,60,55
Tomato Big(Indian),11/25/2022,KG,60,70,65
Onion Dry (Indian),11/25/2022,KG,35,38,36.5
Cabbage(Local),11/25/2022,KG,30,35,32.5
Garlic Dry Chinese,11/25/2022,KG,170,180,175
Tomato Big(Nepali),11/26/2022,KG,50,60,55
Tomato Big(Indian),11/26/2022,KG,60,70,65
Onion Dry (Indian),11/26/2022,KG,35,38,36.5
Cabbage(Local),11/26/2022,KG,30,35,32.5
Garlic Dry Chinese,11/26/2022,KG,170,180,175
Tomato Big(Nepali),11/27/2022,KG,50,60,55
Tomato Big(Indian),11/27/2022,KG,60,70,65
Onion Dry (Indian),11/27/2022,KG,35,38,36.5
Cabbage(Local),11/27/2022,KG,30,35,32.5
Garlic Dry Chinese,11/27/2022,KG,170,180,175
Tomato Big(Nepali),11/28/2022,KG,50,60,55
Tomato Big(Indian),11/28/2022,KG,60,70,65
Onion Dry (Indian),11/28/2022,KG,35,38,36.5
Cabbage(Local),11/28/2022,KG,30,35,32.5
Garlic Dry Chinese,11/28/2022,KG,170,180,175
Tomato Big(Nepali),11/29/2022,KG,50,60,55
Tomato Big(Indian),11/29/2022,KG,60,70,65
Onion Dry (Indian),11/29/2022,KG,35,38,36.5
Cabbage(Local),11/29/2022,KG,30,35,32.5
Garlic Dry Chinese,11/29/2022,KG,170,180,175
Tomato Big(Nepali),11/30/2022,KG,50,60,55
Tomato Big(Indian),11/30/2022,KG,60,70,65
Onion Dry (Indian),11/30/2022,KG,35,38,36.5
Cabbage(Local),11/30/2022,KG,30,35,32.5
Garlic Dry Chinese,11/30/2022,KG,170,180,175
Tomato Big(Nepali),12/1/2022,KG,50,60,55
Tomato Big(Indian),12/1/2022,KG,60,70,65
Onion Dry (Indian),12/1/2022,KG,35,38,36.5
Cabbage(Local),12/1/2022,KG,30,35,32.5
Garlic Dry Chinese,12/1/2022,KG,170,180,175
Tomato Big(Nepali),12/2/2022,KG,50,60,55
Tomato Big(Indian),12/2/2022,KG,60,70,65
Onion Dry (Indian),12/2/2022,KG,35,38,36.5
Cabbage(Local),12/2/2022,KG,30,35,32.5
Garlic Dry Chinese,12/2/2022,KG,170,180,175
Tomato Big(Nepali),12/3/2022,KG,50,60,55
Tomato Big(Indian),12/3/2022,KG,60,70,65
Onion Dry (Indian),12/3/2022,KG,35,38,36.5
Cabbage(Local),12/3/2022,KG,30,35,32.5
Garlic Dry Chinese,12/3/2022,KG,170,180,175
Tomato Big(Nepali),12/4/2022,KG,50,60,55
Tomato Big(Indian),12/4/2022,KG,60,70,65
Onion Dry (Indian),12/4/2022,KG,35,38,36.5
Cabbage(Local),12/4/2022,KG,30,35,32.5
Garlic Dry Chinese,12/4/2022,KG,170,180,175
Tomato Big(Nepali),12/5/2022,KG,50,60,55
Tomato Big(Indian),12/5/2022,KG,60,70,65
Onion Dry (Indian),12/5/2022,KG,35,38,36.5
Cabbage(Local),12/5/2022,KG,30,35,32.5
Garlic Dry Chinese,12/5/2022,KG,170,180,175
Tomato Big(Nepali),12/6/2022,KG,50,60,55
Tomato Big(Indian),12/6/2022,KG,60,70,65
Onion Dry (Indian),12/6/2022,KG,35,38,36.5
Cabbage(Local),12/6/2022,KG,30,35,32.5
Garlic Dry Chinese,12/6/2022,KG,170,180,175
Tomato Big(Nepali),12/7/2022,KG,50,60,55
Tomato Big(Indian),12/7/2022,KG,60,70,65
Onion Dry (Indian),12/7/2022,KG,35,38,36.5
Cabbage(Local),12/7/2022,KG,30,35,32.5
Garlic Dry Chinese,12/7/2022,KG,170,180,175
Tomato Big(Nepali),12/8/2022,KG,50,60,55
Tomato Big(Indian),12/8/2022,KG,60,70,65
Onion Dry (Indian),12/8/2022,KG,35,38,36.5
Cabbage(Local),12/8/2022,KG,30,35,32.5
Garlic Dry Chinese,12/8/2022,KG,170,180,175
Tomato Big(Nepali),12/9/2022,KG,50,60,55
Tomato Big(Indian),12/9/2022,KG,60,70,65
Onion Dry (Indian),12/9/2022,KG,35,38,36.5
Cabbage(Local),12/9/2022,KG,30,35,32.5
Garlic Dry Chinese,12/9/2022,KG,170,180,175
Tomato Big(Nepali),12/10/2022,KG,50,60,55
Tomato Big(Indian),12/10/2022,KG,60,70,65
Onion Dry (Indian),12/10/2022,KG,35,38,36.5
Cabbage(Local),12/10/2022,KG,30,35,32.5
Garlic Dry Chinese,12/10/2022,KG,170,180,175
Tomato Big(Nepali),12/11/2022,KG,50,60,55
Tomato Big(Indian),12/11/2022,KG,60,70,65
Onion Dry (Indian),12/11/2022,KG,35,38,36.5
Cabbage(Local),12/11/2022,KG,30,35,32.5
Garlic Dry Chinese,12/11/2022,KG,170,180,175
Tomato Big(Nepali),12/12/2022,KG,50,60,55
Tomato Big(Indian),12/12/2022,KG,60,70,65
Onion Dry (Indian),12/12/2022,KG,35,38,36.5
Cabbage(Local),12/12/2022,KG,30,35,32.5
Garlic Dry Chinese,12/12/2022,KG,170,180,175
Tomato Big(Nepali),12/13/2022,KG,50,60,55
Tomato Big(Indian),12/13/2022,KG,60,70,65
Onion Dry (Indian),12/13/2022,KG,35,38,36.5
Cabbage(Local),12/13/2022,KG,30,35,32.5
Garlic Dry Chinese,12/13/2022,KG,170,180,175
Tomato Big(Nepali),12/14/2022,KG,50,60,55
Tomato Big(Indian),12/14/2022,KG,60,70,65
Onion Dry (Indian),12/14/2022,KG,35,38,36.5
Cabbage(Local),12/14/2022,KG,30,35,32.5
Garlic Dry Chinese,12/14/2022,KG,170,180,175
Tomato Big(Nepali),12/15/2022,KG,50,60,55
Tomato Big(Indian),12/15/2022,KG,60,70,65
Onion Dry (Indian),12/15/2022,KG,35,38,36.5
Cabbage(Local),12/15/2022,KG,30,35,32.5
Garlic Dry Chinese,12/15/2022,KG,170,180,175
Tomato Big(Nepali),12/16/2022,KG,50,60,55
Tomato Big(Indian),12/16/2022,KG,60,70,65
Onion Dry (Indian),12/16/2022,KG,35,38,36.5
Cabbage(Local),12/16/2022,KG,30,35,32.5
Garlic Dry Chinese,12/16/2022,KG,170,180,175
Tomato Big(Nepali),12/17/2022,KG,50,60,55
Tomato Big(Indian),12/17/2022,KG,60,70,65
Onion Dry (Indian),12/17/2022,KG,35,38,36.5
Cabbage(Local),12/17/2022,KG,30,35,32.5
Garlic Dry Chinese,12/17/2022,KG,170,180,175
Tomato Big(Nepali),12/18/2022,KG,50,60,55
Tomato Big(Indian),12/18/2022,KG,60,70,65
Onion Dry (Indian),12/18/2022,KG,35,38,36.5
Cabbage(Local),12/18/2022,KG,30,35,32.5
Garlic Dry Chinese,12/18/2022,KG,170,180,175
Tomato Big(Nepali),12/19/2022,KG,50,60,55
Tomato Big(Indian),12/19/2022,KG,60,70,65
Onion Dry (Indian),12/19/2022,KG,35,38,36.5
Cabbage(Local),12/19/2022,KG,30,35,32.5
Garlic Dry Chinese,12/19/2022,KG,170,180,175
Tomato Big(Nepali),12/20/2022,KG,50,60,55
Tomato Big(Indian),12/20/2022,KG,60,70,65
Onion Dry (Indian),12/20/2022,KG,35,38,36.5
Cabbage(Local),12/20/2022,KG,30,35,32.5
Garlic Dry Chinese,12/20/2022,KG,170,180,175
Tomato Big(Nepali),12/21/2022,KG,50,60,55
Tomato Big(Indian),12/21/2022,KG,60,70,65
Onion Dry (Indian),12/21/2022,KG,35,38,36.5
Cabbage(Local),12/21/2022,KG,30,35,32.5
Garlic Dry Chinese,12/21/2022,KG,170,180,175
Tomato Big(Nepali),12/22/2022,KG,50,60,55
Tomato Big(Indian),12/22/2022,KG,60,70,65
Onion Dry (Indian),12/22/2022,KG,35,38,36.5
Cabbage(Local),12/22/2022,KG,30,35,32.5
Garlic Dry Chinese,12/22/2022,KG,170,180,175
Tomato Big(Nepali),12/23/2022,KG,50,60,55
Tomato Big(Indian),12/23/2022,KG,60,70,65
Onion Dry (Indian),12/23/2022,KG,35,38,36.5
Cabbage(Local),12/23/2022,KG,30,35,32.5
Garlic Dry Chinese,12/23/2022,KG,170,180,175
Tomato Big(Nepali),12/24/2022,KG,50,60,55
Tomato Big(Indian),12/24/2022,KG,60,70,65
Onion Dry (Indian),12/24/2022,KG,35,38,36.5
Cabbage(Local),12/24/2022,KG,30,35,32.5
Garlic Dry Chinese,12/24/2022,KG,170,180,175
Tomato Big(Nepali),12/25/2022,KG,50,60,55
Tomato Big(Indian),12/25/2022,KG,60,70,65
Onion Dry (Indian),12/25/2022,KG,35,38,36.5
Cabbage(Local),12/25/2022,KG,30,35,32.5
Garlic Dry Chinese,12/25/2022,KG,170,180,175
Tomato Big(Nepali),12/26/2022,KG,50,60,55
Tomato Big(Indian),12/26/2022,KG,60,70,65
Onion Dry (Indian),12/26/2022,KG,35,38,36.5
Cabbage(Local),12/26/2022,KG,30,35,32.5
Garlic Dry Chinese,12/26/2022,KG,170,180,175
Tomato Big(Nepali),12/27/2022,KG,50,60,55
Tomato Big(Indian),12/27/2022,KG,60,70,65
Onion Dry (Indian),12/27/2022,KG,35,38,36.5
Cabbage(Local),12/27/2022,KG,30,35,32.5
Garlic Dry Chinese,12/27/2022,KG,170,180,175
Tomato Big(Nepali),12/28/2022,KG,50,60,55
Tomato Big(Indian),12/28/2022,KG,60,70,65
Onion Dry (Indian),12/28/2022,KG,35,38,36.5
Cabbage(Local),12/28/2022,KG,30,35,32.5
Garlic Dry Chinese,12/28/2022,KG,170,180,175
Tomato Big(Nepali),12/29/2022,KG,50,60,55
Tomato Big(Indian),12/29/2022,KG,60,70,65
Onion Dry (Indian),12/29/2022,KG,35,38,36.5
Cabbage(Local),12/29/2022,KG,30,35,32.5
Garlic Dry Chinese,12/29/2022,KG,170,180,175
Tomato Big(Nepali),12/30/2022,KG,50,60,55
Tomato Big(Indian),12/30/2022,KG,60,70,65
Onion Dry (Indian),12/30/2022,KG,35,38,36.5
Cabbage(Local),12/30/2022,KG,30,35,32.5
Garlic Dry Chinese,12/30/2022,KG,170,180,175
Tomato Big(Nepali),12/31/2022,KG,50,60,55
Tomato Big(Indian),12/31/2022,KG,60,70,65
Onion Dry (Indian),12/31/2022,KG,35,38,36.5
Cabbage(Local),12/31/2022,KG,30,35,32.5
Garlic Dry Chinese,12/31/2022,KG,170,180,175
Tomato Big(Nepali),1/1/2023,KG,50,60,55
Tomato Big(Indian),1/1/2023,KG,60,70,65
Onion Dry (Indian),1/1/2023,KG,35,38,36.5
Cabbage(Local),1/1/2023,KG,30,35,32.5
Garlic Dry Chinese,1/1/2023,KG,170,180,175
Tomato Big(Nepali),1/2/2023,KG,50,60,55
Tomato Big(Indian),1/2/2023,KG,60,70,65
Onion Dry (Indian),1/2/2023,KG,35,38,36.5
Cabbage(Local),1/2/2023,KG,30,35,32.5
Garlic Dry Chinese,1/2/2023,KG,170,180,175
Tomato Big(Nepali),1/3/2023,KG,50,60,55
Tomato Big(Indian),1/3/2023,KG,60,70,65
Onion Dry (Indian),1/3/2023,KG,35,38,36.5
Cabbage(Local),1/3/2023,KG,30,35,32.5
Garlic Dry Chinese,1/3/2023,KG,170,180,175
Tomato Big(Nepali),1/4/2023,KG,50,60,55
Tomato Big(Indian),1/4/2023,KG,60,70,65
Onion Dry (Indian),1/4/2023,KG,35,38,36.5
Cabbage(Local),1/4/2023,KG,30,35,32.5
Garlic Dry Chinese,1/4/2023,KG,170,180,175
Tomato Big(Nepali),1/5/2023,KG,50,60,55
Tomato Big(Indian),1/5/2023,KG,60,70,65
Onion Dry (Indian),1/5/2023,KG,35,38,36.5
Cabbage(Local),1/5/2023,KG,30,35,32.5
Garlic Dry Chinese,1/5/2023,KG,170,180,175
Tomato Big(Nepali),1/6/2023,KG,50,60,55
Tomato Big(Indian),1/6/2023,KG,60,70,65
Onion Dry (Indian),1/6/2023,KG,35,38,36.5
Cabbage(Local),1/6/2023,KG,30,35,32.5
Garlic Dry Chinese,1/6/2023,KG,170,180,175
Tomato Big(Nepali),1/7/2023,KG,50,60,55
Tomato Big(Indian),1/7/2023,KG,60,70,65
Onion Dry (Indian),1/7/2023,KG,35,38,36.5
Cabbage(Local),1/7/2023,KG,30,35,32.5
Garlic Dry Chinese,1/7/2023,KG,170,180,175
Tomato Big(Nepali),1/8/2023,KG,50,60,55
Tomato Big(Indian),1/8/2023,KG,60,70,65
Onion Dry (Indian),1/8/2023,KG,35,38,36.5
Cabbage(Local),1/8/2023,KG,30,35,32.5
Garlic Dry Chinese,1/8/2023,KG,170,180,175
Tomato Big(Nepali),1/9/2023,KG,50,60,55
Tomato Big(Indian),1/9/2023,KG,60,70,65
Onion Dry (Indian),1/9/2023,KG,35,38,36.5
Cabbage(Local),1/9/2023,KG,30,35,32.5
Garlic Dry Chinese,1/9/2023,KG,170,180,175
Tomato Big(Nepali),1/10/2023,KG,50,60,55
Tomato Big(Indian),1/10/2023,KG,60,70,65
Onion Dry (Indian),1/10/2023,KG,35,38,36.5
Cabbage(Local),1/10/2023,KG,30,35,32.5
Garlic Dry Chinese,1/10/2023,KG,170,180,175
Tomato Big(Nepali),1/11/2023,KG,50,60,55
Tomato Big(Indian),1/11/2023,KG,60,70,65
Onion Dry (Indian),1/11/2023,KG,35,38,36.5
Cabbage(Local),1/11/2023,KG,30,35,32.5
Garlic Dry Chinese,1/11/2023,KG,170,180,175
Tomato Big(Nepali),1/12/2023,KG,50,60,55
Tomato Big(Indian),1/12/2023,KG,60,70,65
Onion Dry (Indian),1/12/2023,KG,35,38,36.5
Cabbage(Local),1/12/2023,KG,30,35,32.5
Garlic Dry Chinese,1/12/2023,KG,170,180,175
Tomato Big(Nepali),1/13/2023,KG,50,60,55
Tomato Big(Indian),1/13/2023,KG,60,70,65
Onion Dry (Indian),1/13/2023,KG,35,38,36.5
Cabbage(Local),1/13/2023,KG,30,35,32.5
Garlic Dry Chinese,1/13/2023,KG,170,180,175
Tomato Big(Nepali),1/14/2023,KG,50,60,55
Tomato Big(Indian),1/14/2023,KG,60,70,65
Onion Dry (Indian),1/14/2023,KG,35,38,36.5
Cabbage(Local),1/14/2023,KG,30,35,32.5
Garlic Dry Chinese,1/14/2023,KG,170,180,175
Tomato Big(Nepali),1/15/2023,KG,50,60,55
Tomato Big(Indian),1/15/2023,KG,60,70,65
Onion Dry (Indian),1/15/2023,KG,35,38,36.5
Cabbage(Local),1/15/2023,KG,30,35,32.5
Garlic Dry Chinese,1/15/2023,KG,170,180,175
Tomato Big(Nepali),1/16/2023,KG,50,60,55
Tomato Big(Indian),1/16/2023,KG,60,70,65
Onion Dry (Indian),1/16/2023,KG,35,38,36.5
Cabbage(Local),1/16/2023,KG,30,35,32.5
Garlic Dry Chinese,1/16/2023,KG,170,180,175
Tomato Big(Nepali),1/17/2023,KG,50,60,55
Tomato Big(Indian),1/17/2023,KG,60,70,65
Onion Dry (Indian),1/17/2023,KG,35,38,36.5
Cabbage(Local),1/17/2023,KG,30,35,32.5
Garlic Dry Chinese,1/17/2023,KG,170,180,175
Tomato Big(Nepali),1/18/2023,KG,50,60,55
Tomato Big(Indian),1/18/2023,KG,60,70,65
Onion Dry (Indian),1/18/2023,KG,35,38,36.5
Cabbage(Local),1/18/2023,KG,30,35,32.5
Garlic Dry Chinese,1/18/2023,KG,170,180,175
Tomato Big(Nepali),1/19/2023,KG,50,60,55
Tomato Big(Indian),1/19/2023,KG,60,70,65
Onion Dry (Indian),1/19/2023,KG,35,38,36.5
Cabbage(Local),1/19/2023,KG,30,35,32.5
Garlic Dry Chinese,1/19/2023,KG,170,180,175
Tomato Big(Nepali),1/20/2023,KG,50,60,55
Tomato Big(Indian),1/20/2023,KG,60,70,65
Onion Dry (Indian),1/20/2023,KG,35,38,36.5
Cabbage(Local),1/20/2023,KG,30,35,32.5
Garlic Dry Chinese,1/20/2023,KG,170,180,175
Tomato Big(Nepali),1/21/2023,KG,50,60,55
Tomato Big(Indian),1/21/2023,KG,60,70,65
Onion Dry (Indian),1/21/2023,KG,35,38,36.5
Cabbage(Local),1/21/2023,KG,30,35,32.5
Garlic Dry Chinese,1/21/2023,KG,170,180,175
Tomato Big(Nepali),1/22/2023,KG,50,60,55
Tomato Big(Indian),1/22/2023,KG,60,70,65
Onion Dry (Indian),1/22/2023,KG,35,38,36.5
Cabbage(Local),1/22/2023,KG,30,35,32.5
Garlic Dry Chinese,1/22/2023,KG,170,180,175
Tomato Big(Nepali),1/23/2023,KG,50,60,55
Tomato Big(Indian),1/23/2023,KG,60,70,65
Onion Dry (Indian),1/23/2023,KG,35,38,36.5
Cabbage(Local),1/23/2023,KG,30,35,32.5
Garlic Dry Chinese,1/23/2023,KG,170,180,175
Tomato Big(Nepali),1/24/2023,KG,50,60,55
Tomato Big(Indian),1/24/2023,KG,60,70,65
Onion Dry (Indian),1/24/2023,KG,35,38,36.5
Cabbage(Local),1/24/2023,KG,30,35,32.5
Garlic Dry Chinese,1/24/2023,KG,170,180,175
Tomato Big(Nepali),1/25/2023,KG,50,60,55
Tomato Big(Indian),1/25/2023,KG,60,70,65
Onion Dry (Indian),1/25/2023,KG,35,38,36.5
Cabbage(Local),1/25/2023,KG,30,35,32.5
Garlic Dry Chinese,1/25/2023,KG,170,180,175
Tomato Big(Nepali),1/26/2023,KG,50,60,55
Tomato Big(Indian),1/26/2023,KG,60,70,65
Onion Dry (Indian),1/26/2023,KG,35,38,36.5
Cabbage(Local),1/26/2023,KG,30,35,32.5
Garlic Dry Chinese,1/26/2023,KG,170,180,175
Tomato Big(Nepali),1/27/2023,KG,50,60,55
Tomato Big(Indian),1/27/2023,KG,60,70,65
Onion Dry (Indian),1/27/2023,KG,35,38,36.5
Cabbage(Local),1/27/2023,KG,30,35,32.5
Garlic Dry Chinese,1/27/2023,KG,170,180,175
Tomato Big(Nepali),1/28/2023,KG,50,60,55
Tomato Big(Indian),1/28/2023,KG,60,70,65
Onion Dry (Indian),1/28/2023,KG,35,38,36.5
Cabbage(Local),1/28/2023,KG,30,35,32.5
Garlic Dry Chinese,1/28/2023,KG,170,180,175
Tomato Big(Nepali),1/29/2023,KG,50,60,55
Tomato Big(Indian),1/29/2023,KG,60,70,65
Onion Dry (Indian),1/29/2023,KG,35,38,36.5
Cabbage(Local),1/29/2023,KG,30,35,32.5
Garlic Dry Chinese,1/29/2023,KG,170,180,175
Tomato Big(Nepali),1/30/2023,KG,50,60,55
Tomato Big(Indian),1/30/2023,KG,60,70,65
Onion Dry (Indian),1/30/2023,KG,35,38,36.5
Cabbage(Local),1/30/2023,KG,30,35,32.5
Garlic Dry Chinese,1/30/2023,KG,170,180,175
Tomato Big(Nepali),1/31/2023,KG,50,60,55
Tomato Big(Indian),1/31/2023,KG,60,70,65
Onion Dry (Indian),1/31/2023,KG,35,38,36.5
Cabbage(Local),1/31/2023,KG,30,35,32.5
Garlic Dry Chinese,1/31/2023,KG,170,180,175
Tomato Big(Nepali),2/1/2023,KG,50,60,55
Tomato Big(Indian),2/1/2023,KG,60,70,65
Onion Dry (Indian),2/1/2023,KG,35,38,36.5
Cabbage(Local),2/1/2023,KG,30,35,32.5
Garlic Dry Chinese,2/1/2023,KG,170,180,175
Tomato Big(Nepali),2/2/2023,KG,50,60,55
Tomato Big(Indian),2/2/2023,KG,60,70,65
Onion Dry (Indian),2/2/2023,KG,35,38,36.5
Cabbage(Local),2/2/2023,KG,30,35,32.5
Garlic Dry Chinese,2/2/2023,KG,170,180,175
Tomato Big(Nepali),2/3/2023,KG,50,60,55
Tomato Big(Indian),2/3/2023,KG,60,70,65
Onion Dry (Indian),2/3/2023,KG,35,38,36.5
Cabbage(Local),2/3/2023,KG,30,35,32.5
Garlic Dry Chinese,2/3/2023,KG,170,180,175
Tomato Big(Nepali),2/4/2023,KG,50,60,55
Tomato Big(Indian),2/4/2023,KG,60,70,65
Onion Dry (Indian),2/4/2023,KG,35,38,36.5
Cabbage(Local),2/4/2023,KG,30,35,32.5
Garlic Dry Chinese,2/4/2023,KG,170,180,175
Tomato Big(Nepali),2/5/2023,KG,50,60,55
Tomato Big(Indian),2/5/2023,KG,60,70,65
Onion Dry (Indian),2/5/2023,KG,35,38,36.5
Cabbage(Local),2/5/2023,KG,30,35,32.5
Garlic Dry Chinese,2/5/2023,KG,170,180,175
Tomato Big(Nepali),2/6/2023,KG,50,60,55
Tomato Big(Indian),2/6/2023,KG,60,70,65
Onion Dry (Indian),2/6/2023,KG,35,38,36.5
Cabbage(Local),2/6/2023,KG,30,35,32.5
Garlic Dry Chinese,2/6/2023,KG,170,180,175
Tomato Big(Nepali),2/7/2023,KG,50,60,55
Tomato Big(Indian),2/7/2023,KG,60,70,65
Onion Dry (Indian),2/7/2023,KG,35,38,36.5
Cabbage(Local),2/7/2023,KG,30,35,32.5
Garlic Dry Chinese,2/7/2023,KG,170,180,175
Tomato Big(Nepali),2/8/2023,KG,50,60,55
Tomato Big(Indian),2/8/2023,KG,60,70,65
Onion Dry (Indian),2/8/2023,KG,35,38,36.5
Cabbage(Local),2/8/2023,KG,30,35,32.5
Garlic Dry Chinese,2/8/2023,KG,170,180,175
Tomato Big(Nepali),2/9/2023,KG,50,60,55
Tomato Big(Indian),2/9/2023,KG,60,70,65
Onion Dry (Indian),2/9/2023,KG,35,38,36.5
Cabbage(Local),2/9/2023,KG,30,35,32.5
Garlic Dry Chinese,2/9/2023,KG,170,180,175
Tomato Big(Nepali),2/10/2023,KG,50,60,55
Tomato Big(Indian),2/10/2023,KG,60,70,65
Onion Dry (Indian),2/10/2023,KG,35,38,36.5
Cabbage(Local),2/10/2023,KG,30,35,32.5
Garlic Dry Chinese,2/10/2023,KG,170,180,175
Tomato Big(Nepali),2/11/2023,KG,50,60,55
Tomato Big(Indian),2/11/2023,KG,60,70,65
Onion Dry (Indian),2/11/2023,KG,35,38,36.5
Cabbage(Local),2/11/2023,KG,30,35,32.5
Garlic Dry Chinese,2/11/2023,KG,170,180,175
Tomato Big(Nepali),2/12/2023,KG,50,60,55
Tomato Big(Indian),2/12/2023,KG,60,70,65
Onion Dry (Indian),2/12/2023,KG,35,38,36.5
Cabbage(Local),2/12/2023,KG,30,35,32.5
Garlic Dry Chinese,2/12/2023,KG,170,180,175
Tomato Big(Nepali),2/13/2023,KG,50,60,55
Tomato Big(Indian),2/13/2023,KG,60,70,65
Onion Dry (Indian),2/13/2023,KG,35,38,36.5
Cabbage(Local),2/13/2023,KG,30,35,32.5
Garlic Dry Chinese,2/13/2023,KG,170,180,175
Tomato Big(Nepali),2/14/2023,KG,50,60,55
Tomato Big(Indian),2/14/2023,KG,60,70,65
Onion Dry (Indian),2/14/2023,KG,35,38,36.5
Cabbage(Local),2/14/2023,KG,30,35,32.5
Garlic Dry Chinese,2/14/2023,KG,170,180,175
Tomato Big(Nepali),2/15/2023,KG,50,60,55
Tomato Big(Indian),2/15/2023,KG,60,70,65
Onion Dry (Indian),2/15/2023,KG,35,38,36.5
Cabbage(Local),2/15/2023,KG,30,35,32.5
Garlic Dry Chinese,2/15/2023,KG,170,180,175
Tomato Big(Nepali),2/16/2023,KG,50,60,55
Tomato Big(Indian),2/16/2023,KG,60,70,65
Onion Dry (Indian),2/16/2023,KG,35,38,36.5
Cabbage(Local),2/16/2023,KG,30,35,32.5
Garlic Dry Chinese,2/16/2023,KG,170,180,175
Tomato Big(Nepali),2/17/2023,KG,50,60,55
Tomato Big(Indian),2/17/2023,KG,60,70,65
Onion Dry (Indian),2/17/2023,KG,35,38,36.5
Cabbage(Local),2/17/2023,KG,30,35,32.5
Garlic Dry Chinese,2/17/2023,KG,170,180,175
Tomato Big(Nepali),2/18/2023,KG,50,60,55
Tomato Big(Indian),2/18/2023,KG,60,70,65
Onion Dry (Indian),2/18/2023,KG,35,38,36.5
Cabbage(Local),2/18/2023,KG,30,35,32.5
Garlic Dry Chinese,2/18/2023,KG,170,180,175
Tomato Big(Nepali),2/19/2023,KG,50,60,55
Tomato Big(Indian),2/19/2023,KG,60,70,65
Onion Dry (Indian),2/19/2023,KG,35,38,36.5
Cabbage(Local),2/19/2023,KG,30,35,32.5
Garlic Dry Chinese,2/19/2023,KG,170,180,175
Tomato Big(Nepali),2/20/2023,KG,50,60,55
Tomato Big(Indian),2/20/2023,KG,60,70,65
Onion Dry (Indian),2/20/2023,KG,35,38,36.5
Cabbage(Local),2/20/2023,KG,30,35,32.5
Garlic Dry Chinese,2/20/2023,KG,170,180,175
Tomato Big(Nepali),2/21/2023,KG,50,60,55
Tomato Big(Indian),2/21/2023,KG,60,70,65
Onion Dry (Indian),2/21/2023,KG,35,38,36.5
Cabbage(Local),2/21/2023,KG,30,35,32.5
Garlic Dry Chinese,2/21/2023,KG,170,180,175
Tomato Big(Nepali),2/22/2023,KG,50,60,55
Tomato Big(Indian),2/22/2023,KG,60,70,65
Onion Dry (Indian),2/22/2023,KG,35,38,36.5
Cabbage(Local),2/22/2023,KG,30,35,32.5
Garlic Dry Chinese,2/22/2023,KG,170,180,175
Tomato Big(Nepali),2/23/2023,KG,50,60,55
Tomato Big(Indian),2/23/2023,KG,60,70,65
Onion Dry (Indian),2/23/2023,KG,35,38,36.5
Cabbage(Local),2/23/2023,KG,30,35,32.5
Garlic Dry Chinese,2/23/2023,KG,170,180,175
Tomato Big(Nepali),2/24/2023,KG,50,60,55
Tomato Big(Indian),2/24/2023,KG,60,70,65
Onion Dry (Indian),2/24/2023,KG,35,38,36.5
Cabbage(Local),2/24/2023,KG,30,35,32.5
Garlic Dry Chinese,2/24/2023,KG,170,180,175
Tomato Big(Nepali),2/25/2023,KG,50,60,55
Tomato Big(Indian),2/25/2023,KG,60,70,65
Onion Dry (Indian),2/25/2023,KG,35,38,36.5
Cabbage(Local),2/25/2023,KG,30,35,32.5
Garlic Dry Chinese,2/25/2023,KG,170,180,175
Tomato Big(Nepali),2/26/2023,KG,50,60,55
Tomato Big(Indian),2/26/2023,KG,60,70,65
Onion Dry (Indian),2/26/2023,KG,35,38,36.5
Cabbage(Local),2/26/2023,KG,30,35,32.5
Garlic Dry Chinese,2/26/2023,KG,170,180,175
Tomato Big(Nepali),2/27/2023,KG,50,60,55
Tomato Big(Indian),2/27/2023,KG,60,70,65
Onion Dry (Indian),2/27/2023,KG,35,38,36.5
Cabbage(Local),2/27/2023,KG,30,35,32.5
Garlic Dry Chinese,2/27/2023,KG,170,180,175
Tomato Big(Nepali),2/28/2023,KG,50,60,55
Tomato Big(Indian),2/28/2023,KG,60,70,65
Onion Dry (Indian),2/28/2023,KG,35,38,36.5
Cabbage(Local),2/28/2023,KG,30,35,32.5
Garlic Dry Chinese,2/28/2023,KG,170,180,175
Tomato Big(Nepali),3/1/2023,KG,50,60,55
Tomato Big(Indian),3/1/2023,KG,60,70,65
Onion Dry (Indian),3/1/2023,KG,35,38,36.5
Cabbage(Local),3/1/2023,KG,30,35,32.5
Garlic Dry Chinese,3/1/2023,KG,170,180,175
Tomato Big(Nepali),3/2/2023,KG,50,60,55
Tomato Big(Indian),3/2/2023,KG,60,70,65
Onion Dry (Indian),3/2/2023,KG,35,38,36.5
Cabbage(Local),3/2/2023,KG,30,35,32.5
Garlic Dry Chinese,3/2/2023,KG,170,180,175
Tomato Big(Nepali),3/3/2023,KG,50,60,55
Tomato Big(Indian),3/3/2023,KG,60,70,65
Onion Dry (Indian),3/3/2023,KG,35,38,36.5
Cabbage(Local),3/3/2023,KG,30,35,32.5
Garlic Dry Chinese,3/3/2023,KG,170,180,175
Tomato Big(Nepali),3/4/2023,KG,50,60,55
Tomato Big(Indian),3/4/2023,KG,60,70,65
Onion Dry (Indian),3/4/2023,KG,35,38,36.5
Cabbage(Local),3/4/2023,KG,30,35,32.5
Garlic Dry Chinese,3/4/2023,KG,170,180,175
Tomato Big(Nepali),3/5/2023,KG,50,60,55
Tomato Big(Indian),3/5/2023,KG,60,70,65
Onion Dry (Indian),3/5/2023,KG,35,38,36.5
Cabbage(Local),3/5/2023,KG,30,35,32.5
Garlic Dry Chinese,3/5/2023,KG,170,180,175
Tomato Big(Nepali),3/6/2023,KG,50,60,55
Tomato Big(Indian),3/6/2023,KG,60,70,65
Onion Dry (Indian),3/6/2023,KG,35,38,36.5
Cabbage(Local),3/6/2023,KG,30,35,32.5
Garlic Dry Chinese,3/6/2023,KG,170,180,175
Tomato Big(Nepali),3/7/2023,KG,50,60,55
Tomato Big(Indian),3/7/2023,KG,60,70,65
Onion Dry (Indian),3/7/2023,KG,35,38,36.5
Cabbage(Local),3/7/2023,KG,30,35,32.5
Garlic Dry Chinese,3/7/2023,KG,170,180,175
Tomato Big(Nepali),3/8/2023,KG,50,60,55
Tomato Big(Indian),3/8/2023,KG,60,70,65
Onion Dry (Indian),3/8/2023,KG,35,38,36.5
Cabbage(Local),3/8/2023,KG,30,35,32.5
Garlic Dry Chinese,3/8/2023,KG,170,180,175
Tomato Big(Nepali),3/9/2023,KG,50,60,55
Tomato Big(Indian),3/9/2023,KG,60,70,65
Onion Dry (Indian),3/9/2023,KG,35,38,36.5
Cabbage(Local),3/9/2023,KG,30,35,32.5
Garlic Dry Chinese,3/9/2023,KG,170,180,175
Tomato Big(Nepali),3/10/2023,KG,50,60,55
Tomato Big(Indian),3/10/2023,KG,60,70,65
Onion Dry (Indian),3/10/2023,KG,35,38,36.5
Cabbage(Local),3/10/2023,KG,30,35,32.5
Garlic Dry Chinese,3/10/2023,KG,170,180,175
Tomato Big(Nepali),3/11/2023,KG,50,60,55
Tomato Big(Indian),3/11/2023,KG,60,70,65
Onion Dry (Indian),3/11/2023,KG,35,38,36.5
Cabbage(Local),3/11/2023,KG,30,35,32.5
Garlic Dry Chinese,3/11/2023,KG,170,180,175
Tomato Big(Nepali),3/12/2023,KG,50,60,55
Tomato Big(Indian),3/12/2023,KG,60,70,65
Onion Dry (Indian),3/12/2023,KG,35,38,36.5
Cabbage(Local),3/12/2023,KG,30,35,32.5
Garlic Dry Chinese,3/12/2023,KG,170,180,175
Tomato Big(Nepali),3/13/2023,KG,50,60,55
Tomato Big(Indian),3/13/2023,KG,60,70,65
Onion Dry (Indian),3/13/2023,KG,35,38,36.5
Cabbage(Local),3/13/2023,KG,30,35,32.5
Garlic Dry Chinese,3/13/2023,KG,170,180,175
Tomato Big(Nepali),3/14/2023,KG,50,60,55
Tomato Big(Indian),3/14/2023,KG,60,70,65
Onion Dry (Indian),3/14/2023,KG,35,38,36.5
Cabbage(Local),3/14/2023,KG,30,35,32.5
Garlic Dry Chinese,3/14/2023,KG,170,180,175
Tomato Big(Nepali),3/15/2023,KG,50,60,55
Tomato Big(Indian),3/15/2023,KG,60,70,65
Onion Dry (Indian),3/15/2023,KG,35,38,36.5
Cabbage(Local),3/15/2023,KG,30,35,32.5
Garlic Dry Chinese,3/15/2023,KG,170,180,175
Tomato Big(Nepali),3/16/2023,KG,50,60,55
Tomato Big(Indian),3/16/2023,KG,60,70,65
Onion Dry (Indian),3/16/2023,KG,35,38,36.5
Cabbage(Local),3/16/2023,KG,30,35,32.5
Garlic Dry Chinese,3/16/2023,KG,170,180,175
Tomato Big(Nepali),3/17/2023,KG,50,60,55
Tomato Big(Indian),3/17/2023,KG,60,70,65
Onion Dry (Indian),3/17/2023,KG,35,38,36.5
Cabbage(Local),3/17/2023,KG,30,35,32.5
Garlic Dry Chinese,3/17/2023,KG,170,180,175
Tomato Big(Nepali),3/18/2023,KG,50,60,55
Tomato Big(Indian),3/18/2023,KG,60,70,65
Onion Dry (Indian),3/18/2023,KG,35,38,36.5
Cabbage(Local),3/18/2023,KG,30,35,32.5
Garlic Dry Chinese,3/18/2023,KG,170,180,175
Tomato Big(Nepali),3/19/2023,KG,50,60,55
Tomato Big(Indian),3/19/2023,KG,60,70,65
Onion Dry (Indian),3/19/2023,KG,35,38,36.5
Cabbage(Local),3/19/2023,KG,30,35,32.5
Garlic Dry Chinese,3/19/2023,KG,170,180,175
Tomato Big(Nepali),3/20/2023,KG,50,60,55
Tomato Big(Indian),3/20/2023,KG,60,70,65
Onion Dry (Indian),3/20/2023,KG,35,38,36.5
Cabbage(Local),3/20/2023,KG,30,35,32.5
Garlic Dry Chinese,3/20/2023,KG,170,180,175
Tomato Big(Nepali),3/21/2023,KG,50,60,55
Tomato Big(Indian),3/21/2023,KG,60,70,65
Onion Dry (Indian),3/21/2023,KG,35,38,36.5
Cabbage(Local),3/21/2023,KG,30,35,32.5
Garlic Dry Chinese,3/21/2023,KG,170,180,175
Tomato Big(Nepali),3/22/2023,KG,50,60,55
Tomato Big(Indian),3/22/2023,KG,60,70,65
Onion Dry (Indian),3/22/2023,KG,35,38,36.5
Cabbage(Local),3/22/2023,KG,30,35,32.5
Garlic Dry Chinese,3/22/2023,KG,170,180,175
Tomato Big(Nepali),3/23/2023,KG,50,60,55
Tomato Big(Indian),3/23/2023,KG,60,70,65
Onion Dry (Indian),3/23/2023,KG,35,38,36.5
Cabbage(Local),3/23/2023,KG,30,35,32.5
Garlic Dry Chinese,3/23/2023,KG,170,180,175
Tomato Big(Nepali),3/24/2023,KG,50,60,55
Tomato Big(Indian),3/24/2023,KG,60,70,65
Onion Dry (Indian),3/24/2023,KG,35,38,36.5
Cabbage(Local),3/24/2023,KG,30,35,32.5
Garlic Dry Chinese,3/24/2023,KG,170,180,175
Tomato Big(Nepali),3/25/2023,KG,50,60,55
Tomato Big(Indian),3/25/2023,KG,60,70,65
Onion Dry (Indian),3/25/2023,KG,35,38,36.5
Cabbage(Local),3/25/2023,KG,30,35,32.5
Garlic Dry Chinese,3/25/2023,KG,170,180,175
Tomato Big(Nepali),3/26/2023,KG,50,60,55
Tomato Big(Indian),3/26/2023,KG,60,70,65
Onion Dry (Indian),3/26/2023,KG,35,38,36.5
Cabbage(Local),3/26/2023,KG,30,35,32.5
Garlic Dry Chinese,3/26/2023,KG,170,180,175
Tomato Big(Nepali),3/27/2023,KG,50,60,55
Tomato Big(Indian),3/27/2023,KG,60,70,65
Onion Dry (Indian),3/27/2023,KG,35,38,36.5
Cabbage(Local),3/27/2023,KG,30,35,32.5
Garlic Dry Chinese,3/27/2023,KG,170,180,175
Tomato Big(Nepali),3/28/2023,KG,50,60,55
Tomato Big(Indian),3/28/2023,KG,60,70,65
Onion Dry (Indian),3/28/2023,KG,35,38,36.5
Cabbage(Local),3/28/2023,KG,30,35,32.5
Garlic Dry Chinese,3/28/2023,KG,170,180,175
Tomato Big(Nepali),3/29/2023,KG,50,60,55
Tomato Big(Indian),3/29/2023,KG,60,70,65
Onion Dry (Indian),3/29/2023,KG,35,38,36.5
Cabbage(Local),3/29/2023,KG,30,35,32.5
Garlic Dry Chinese,3/29/2023,KG,170,180,175
Tomato Big(Nepali),3/30/2023,KG,50,60,55
Tomato Big(Indian),3/30/2023,KG,60,70,65
Onion Dry (Indian),3/30/2023,KG,35,38,36.5
Cabbage(Local),3/30/2023,KG,30,35,32.5
Garlic Dry Chinese,3/30/2023,KG,170,180,175
Tomato Big(Nepali),3/31/2023,KG,50,60,55
Tomato Big(Indian),3/31/2023,KG,60,70,65
Onion Dry (Indian),3/31/2023,KG,35,38,36.5
Cabbage(Local),3/31/2023,KG,30,35,32.5
Garlic Dry Chinese,3/31/2023,KG,170,180,175
Tomato Big(Nepali),4/1/2023,KG,50,60,55
Tomato Big(Indian),4/1/2023,KG,60,70,65
Onion Dry (Indian),4/1/2023,KG,35,38,36.5
Cabbage(Local),4/1/2023,KG,30,35,32.5
Garlic Dry Chinese,4/1/2023,KG,170,180,175
Tomato Big(Nepali),4/2/2023,KG,50,60,55
Tomato Big(Indian),4/2/2023,KG,60,70,65
Onion Dry (Indian),4/2/2023,KG,35,38,36.5
Cabbage(Local),4/2/2023,KG,30,35,32.5
Garlic Dry Chinese,4/2/2023,KG,170,180,175
Tomato Big(Nepali),4/3/2023,KG,50,60,55
Tomato Big(Indian),4/3/2023,KG,60,70,65
Onion Dry (Indian),4/3/2023,KG,35,38,36.5
Cabbage(Local),4/3/2023,KG,30,35,32.5
Garlic Dry Chinese,4/3/2023,KG,170,180,175
Tomato Big(Nepali),4/4/2023,KG,50,60,55
Tomato Big(Indian),4/4/2023,KG,60,70,65
Onion Dry (Indian),4/4/2023,KG,35,38,36.5
Cabbage(Local),4/4/2023,KG,30,35,32.5
Garlic Dry Chinese,4/4/2023,KG,170,180,175
Tomato Big(Nepali),4/5/2023,KG,50,60,55
Tomato Big(Indian),4/5/2023,KG,60,70,65
Onion Dry (Indian),4/5/2023,KG,35,38,36.5
Cabbage(Local),4/5/2023,KG,30,35,32.5
Garlic Dry Chinese,4/5/2023,KG,170,180,175
Tomato Big(Nepali),4/6/2023,KG,50,60,55
Tomato Big(Indian),4/6/2023,KG,60,70,65
Onion Dry (Indian),4/6/2023,KG,35,38,36.5
Cabbage(Local),4/6/2023,KG,30,35,32.5
Garlic Dry Chinese,4/6/2023,KG,170,180,175
Tomato Big(Nepali),4/7/2023,KG,50,60,55
Tomato Big(Indian),4/7/2023,KG,60,70,65
Onion Dry (Indian),4/7/2023,KG,35,38,36.5
Cabbage(Local),4/7/2023,KG,30,35,32.5
Garlic Dry Chinese,4/7/2023,KG,170,180,175
Tomato Big(Nepali),4/8/2023,KG,50,60,55
Tomato Big(Indian),4/8/2023,KG,60,70,65
Onion Dry (Indian),4/8/2023,KG,35,38,36.5
Cabbage(Local),4/8/2023,KG,30,35,32.5
Garlic Dry Chinese,4/8/2023,KG,170,180,175
Tomato Big(Nepali),4/9/2023,KG,50,60,55
Tomato Big(Indian),4/9/2023,KG,60,70,65
Onion Dry (Indian),4/9/2023,KG,35,38,36.5
Cabbage(Local),4/9/2023,KG,30,35,32.5
Garlic Dry Chinese,4/9/2023,KG,170,180,175
Tomato Big(Nepali),4/10/2023,KG,50,60,55
Tomato Big(Indian),4/10/2023,KG,60,70,65
Onion Dry (Indian),4/10/2023,KG,35,38,36.5
Cabbage(Local),4/10/2023,KG,30,35,32.5
Garlic Dry Chinese,4/10/2023,KG,170,180,175
Tomato Big(Nepali),4/11/2023,KG,50,60,55
Tomato Big(Indian),4/11/2023,KG,60,70,65
Onion Dry (Indian),4/11/2023,KG,35,38,36.5
Cabbage(Local),4/11/2023,KG,30,35,32.5
Garlic Dry Chinese,4/11/2023,KG,170,180,175
Tomato Big(Nepali),4/12/2023,KG,50,60,55
Tomato Big(Indian),4/12/2023,KG,60,70,65
Onion Dry (Indian),4/12/2023,KG,35,38,36.5
Cabbage(Local),4/12/2023,KG,30,35,32.5
Garlic Dry Chinese,4/12/2023,KG,170,180,175
Tomato Big(Nepali),4/13/2023,KG,50,60,55
Tomato Big(Indian),4/13/2023,KG,60,70,65
Onion Dry (Indian),4/13/2023,KG,35,38,36.5
Cabbage(Local),4/13/2023,KG,30,35,32.5
Garlic Dry Chinese,4/13/2023,KG,170,180,175
Tomato Big(Nepali),4/14/2023,KG,50,60,55
Tomato Big(Indian),4/14/2023,KG,60,70,65
Onion Dry (Indian),4/14/2023,KG,35,38,36.5
Cabbage(Local),4/14/2023,KG,30,35,32.5
Garlic Dry Chinese,4/14/2023,KG,170,180,175
Tomato Big(Nepali),4/15/2023,KG,50,60,55
Tomato Big(Indian),4/15/2023,KG,60,70,65
Onion Dry (Indian),4/15/2023,KG,35,38,36.5
Cabbage(Local),4/15/2023,KG,30,35,32.5
Garlic Dry Chinese,4/15/2023,KG,170,180,175
Tomato Big(Nepali),4/16/2023,KG,50,60,55
Tomato Big(Indian),4/16/2023,KG,60,70,65
Onion Dry (Indian),4/16/2023,KG,35,38,36.5
Cabbage(Local),4/16/2023,KG,30,35,32.5
Garlic Dry Chinese,4/16/2023,KG,170,180,175
Tomato Big(Nepali),4/17/2023,KG,50,60,55
Tomato Big(Indian),4/17/2023,KG,60,70,65
Onion Dry (Indian),4/17/2023,KG,35,38,36.5
Cabbage(Local),4/17/2023,KG,30,35,32.5
Garlic Dry Chinese,4/17/2023,KG,170,180,175
Tomato Big(Nepali),4/18/2023,KG,50,60,55
Tomato Big(Indian),4/18/2023,KG,60,70,65
Onion Dry (Indian),4/18/2023,KG,35,38,36.5
Cabbage(Local),4/18/2023,KG,30,35,32.5
Garlic Dry Chinese,4/18/2023,KG,170,180,175
Tomato Big(Nepali),4/19/2023,KG,50,60,55
Tomato Big(Indian),4/19/2023,KG,60,70,65
Onion Dry (Indian),4/19/2023,KG,35,38,36.5
Cabbage(Local),4/19/2023,KG,30,35,32.5
Garlic Dry Chinese,4/19/2023,KG,170,180,175
Tomato Big(Nepali),4/20/2023,KG,50,60,55
Tomato Big(Indian),4/20/2023,KG,60,70,65
Onion Dry (Indian),4/20/2023,KG,35,38,36.5
Cabbage(Local),4/20/2023,KG,30,35,32.5
Garlic Dry Chinese,4/20/2023,KG,170,180,175
Tomato Big(Nepali),4/21/2023,KG,50,60,55
Tomato Big(Indian),4/21/2023,KG,60,70,65
Onion Dry (Indian),4/21/2023,KG,35,38,36.5
Cabbage(Local),4/21/2023,KG,30,35,32.5
Garlic Dry Chinese,4/21/2023,KG,170,180,175
Tomato Big(Nepali),4/22/2023,KG,50,60,55
Tomato Big(Indian),4/22/2023,KG,60,70,65
Onion Dry (Indian),4/22/2023,KG,35,38,36.5
Cabbage(Local),4/22/2023,KG,30,35,32.5
Garlic Dry Chinese,4/22/2023,KG,170,180,175
Tomato Big(Nepali),4/23/2023,KG,50,60,55
Tomato Big(Indian),4/23/2023,KG,60,70,65
Onion Dry (Indian),4/23/2023,KG,35,38,36.5
Cabbage(Local),4/23/2023,KG,30,35,32.5
Garlic Dry Chinese,4/23/2023,KG,170,180,175
Tomato Big(Nepali),4/24/2023,KG,50,60,55
Tomato Big(Indian),4/24/2023,KG,60,70,65
Onion Dry (Indian),4/24/2023,KG,35,38,36.5
Cabbage(Local),4/24/2023,KG,30,35,32.5
Garlic Dry Chinese,4/24/2023,KG,170,180,175
Tomato Big(Nepali),4/25/2023,KG,50,60,55
Tomato Big(Indian),4/25/2023,KG,60,70,65
Onion Dry (Indian),4/25/2023,KG,35,38,36.5
Cabbage(Local),4/25/2023,KG,30,35,32.5
Garlic Dry Chinese,4/25/2023,KG,170,180,175
Tomato Big(Nepali),4/26/2023,KG,50,60,55
Tomato Big(Indian),4/26/2023,KG,60,70,65
Onion Dry (Indian),4/26/2023,KG,35,38,36.5
Cabbage(Local),4/26/2023,KG,30,35,32.5
Garlic Dry Chinese,4/26/2023,KG,170,180,175
Tomato Big(Nepali),4/27/2023,KG,50,60,55
Tomato Big(Indian),4/27/2023,KG,60,70,65
Onion Dry (Indian),4/27/2023,KG,35,38,36.5
Cabbage(Local),4/27/2023,KG,30,35,32.5
Garlic Dry Chinese,4/27/2023,KG,170,180,175
Tomato Big(Nepali),4/28/2023,KG,50,60,55
Tomato Big(Indian),4/28/2023,KG,60,70,65
Onion Dry (Indian),4/28/2023,KG,35,38,36.5
Cabbage(Local),4/28/2023,KG,30,35,32.5
Garlic Dry Chinese,4/28/2023,KG,170,180,175
Tomato Big(Nepali),4/29/2023,KG,50,60,55
Tomato Big(Indian),4/29/2023,KG,60,70,65
Onion Dry (Indian),4/29/2023,KG,35,38,36.5
Cabbage(Local),4/29/2023,KG,30,35,32.5
Garlic Dry Chinese,4/29/2023,KG,170,180,175
Tomato Big(Nepali),4/30/2023,KG,50,60,55
Tomato Big(Indian),4/30/2023,KG,60,70,65
Onion Dry (Indian),4/30/2023,KG,35,38,36.5
Cabbage(Local),4/30/2023,KG,30,35,32.5
Garlic Dry Chinese,4/30/2023,KG,170,180,175
Tomato Big(Nepali),5/1/2023,KG,50,60,55
Tomato Big(Indian),5/1/2023,KG,60,70,65
Onion Dry (Indian),5/1/2023,KG,35,38,36.5
Cabbage(Local),5/1/2023,KG,30,35,32.5
Garlic Dry Chinese,5/1/2023,KG,170,180,175
Tomato Big(Nepali),5/2/2023,KG,50,60,55
Tomato Big(Indian),5/2/2023,KG,60,70,65
Onion Dry (Indian),5/2/2023,KG,35,38,36.5
Cabbage(Local),5/2/2023,KG,30,35,32.5
Garlic Dry Chinese,5/2/2023,KG,170,180,175
Tomato Big(Nepali),5/3/2023,KG,50,60,55
Tomato Big(Indian),5/3/2023,KG,60,70,65
Onion Dry (Indian),5/3/2023,KG,35,38,36.5
Cabbage(Local),5/3/2023,KG,30,35,32.5
Garlic Dry Chinese,5/3/2023,KG,170,180,175
Tomato Big(Nepali),5/4/2023,KG,50,60,55
Tomato Big(Indian),5/4/2023,KG,60,70,65
Onion Dry (Indian),5/4/2023,KG,35,38,36.5
Cabbage(Local),5/4/2023,KG,30,35,32.5
Garlic Dry Chinese,5/4/2023,KG,170,180,175
Tomato Big(Nepali),5/5/2023,KG,50,60,55
Tomato Big(Indian),5/5/2023,KG,60,70,65
Onion Dry (Indian),5/5/2023,KG,35,38,36.5
Cabbage(Local),5/5/2023,KG,30,35,32.5
Garlic Dry Chinese,5/5/2023,KG,170,180,175
Tomato Big(Nepali),5/6/2023,KG,50,60,55
Tomato Big(Indian),5/6/2023,KG,60,70,65
Onion Dry (Indian),5/6/2023,KG,35,38,36.5
Cabbage(Local),5/6/2023,KG,30,35,32.5
Garlic Dry Chinese,5/6/2023,KG,170,180,175
Tomato Big(Nepali),5/7/2023,KG,50,60,55
Tomato Big(Indian),5/7/2023,KG,60,70,65
Onion Dry (Indian),5/7/2023,KG,35,38,36.5
Cabbage(Local),5/7/2023,KG,30,35,32.5
Garlic Dry Chinese,5/7/2023,KG,170,180,175
Tomato Big(Nepali),5/8/2023,KG,50,60,55
Tomato Big(Indian),5/8/2023,KG,60,70,65
Onion Dry (Indian),5/8/2023,KG,35,38,36.5
Cabbage(Local),5/8/2023,KG,30,35,32.5
Garlic Dry Chinese,5/8/2023,KG,170,180,175
Tomato Big(Nepali),5/9/2023,KG,50,60,55
Tomato Big(Indian),5/9/2023,KG,60,70,65
Onion Dry (Indian),5/9/2023,KG,35,38,36.5
Cabbage(Local),5/9/2023,KG,30,35,32.5
Garlic Dry Chinese,5/9/2023,KG,170,180,175
Tomato Big(Nepali),5/10/2023,KG,50,60,55
Tomato Big(Indian),5/10/2023,KG,60,70,65
Onion Dry (Indian),5/10/2023,KG,35,38,36.5
Cabbage(Local),5/10/2023,KG,30,35,32.5
Garlic Dry Chinese,5/10/2023,KG,170,180,175
Tomato Big(Nepali),5/11/2023,KG,50,60,55
Tomato Big(Indian),5/11/2023,KG,60,70,65
Onion Dry (Indian),5/11/2023,KG,35,38,36.5
Cabbage(Local),5/11/2023,KG,30,35,32.5
Garlic Dry Chinese,5/11/2023,KG,170,180,175
Tomato Big(Nepali),5/12/2023,KG,50,60,55
Tomato Big(Indian),5/12/2023,KG,60,70,65
Onion Dry (Indian),5/12/2023,KG,35,38,36.5
Cabbage(Local),5/12/2023,KG,30,35,32.5
Garlic Dry Chinese,5/12/2023,KG,170,180,175
Tomato Big(Nepali),5/13/2023,KG,50,60,55
Tomato Big(Indian),5/13/2023,KG,60,70,65
Onion Dry (Indian),5/13/2023,KG,35,38,36.5
Cabbage(Local),5/13/2023,KG,30,35,32.5
Garlic Dry Chinese,5/13/2023,KG,170,180,175
Tomato Big(Nepali),5/14/2023,KG,50,60,55
Tomato Big(Indian),5/14/2023,KG,60,70,65
Onion Dry (Indian),5/14/2023,KG,35,38,36.5
Cabbage(Local),5/14/2023,KG,30,35,32.5
Garlic Dry Chinese,5/14/2023,KG,170,180,175
Tomato Big(Nepali),5/15/2023,KG,50,60,55
Tomato Big(Indian),5/15/2023,KG,60,70,65
Onion Dry (Indian),5/15/2023,KG,35,38,36.5
Cabbage(Local),5/15/2023,KG,30,35,32.5
Garlic Dry Chinese,5/15/2023,KG,170,180,175
Tomato Big(Nepali),5/16/2023,KG,50,60,55
Tomato Big(Indian),5/16/2023,KG,60,70,65
Onion Dry (Indian),5/16/2023,KG,35,38,36.5
Cabbage(Local),5/16/2023,KG,30,35,32.5
Garlic Dry Chinese,5/16/2023,KG,170,180,175
Tomato Big(Nepali),5/17/2023,KG,50,60,55
Tomato Big(Indian),5/17/2023,KG,60,70,65
Onion Dry (Indian),5/17/2023,KG,35,38,36.5
Cabbage(Local),5/17/2023,KG,30,35,32.5
Garlic Dry Chinese,5/17/2023,KG,170,180,175
Tomato Big(Nepali),5/18/2023,KG,50,60,55
Tomato Big(Indian),5/18/2023,KG,60,70,65
Onion Dry (Indian),5/18/2023,KG,35,38,36.5
Cabbage(Local),5/18/2023,KG,30,35,32.5
Garlic Dry Chinese,5/18/2023,KG,170,180,175
Tomato Big(Nepali),5/19/2023,KG,50,60,55
Tomato Big(Indian),5/19/2023,KG,60,70,65
Onion Dry (Indian),5/19/2023,KG,35,38,36.5
Cabbage(Local),5/19/2023,KG,30,35,32.5
Garlic Dry Chinese,5/19/2023,KG,170,180,175
Tomato Big(Nepali),5/20/2023,KG,50,60,55
Tomato Big(Indian),5/20/2023,KG,60,70,65
Onion Dry (Indian),5/20/2023,KG,35,38,36.5
Cabbage(Local),5/20/2023,KG,30,35,32.5
Garlic Dry Chinese,5/20/2023,KG,170,180,175
Tomato Big(Nepali),5/21/2023,KG,50,60,55
Tomato Big(Indian),5/21/2023,KG,60,70,65
Onion Dry (Indian),5/21/2023,KG,35,38,36.5
Cabbage(Local),5/21/2023,KG,30,35,32.5
Garlic Dry Chinese,5/21/2023,KG,170,180,175
Tomato Big(Nepali),5/22/2023,KG,50,60,55
Tomato Big(Indian),5/22/2023,KG,60,70,65
Onion Dry (Indian),5/22/2023,KG,35,38,36.5
Cabbage(Local),5/22/2023,KG,30,35,32.5
Garlic Dry Chinese,5/22/2023,KG,170,180,175
Tomato Big(Nepali),5/23/2023,KG,50,60,55
Tomato Big(Indian),5/23/2023,KG,60,70,65
Onion Dry (Indian),5/23/2023,KG,35,38,36.5
Cabbage(Local),5/23/2023,KG,30,35,32.5
Garlic Dry Chinese,5/23/2023,KG,170,180,175
Tomato Big(Nepali),5/24/2023,KG,50,60,55
Tomato Big(Indian),5/24/2023,KG,60,70,65
Onion Dry (Indian),5/24/2023,KG,35,38,36.5
Cabbage(Local),5/24/2023,KG,30,35,32.5
Garlic Dry Chinese,5/24/2023,KG,170,180,175
Tomato Big(Nepali),5/25/2023,KG,50,60,55
Tomato Big(Indian),5/25/2023,KG,60,70,65
Onion Dry (Indian),5/25/2023,KG,35,38,36.5
Cabbage(Local),5/25/2023,KG,30,35,32.5
Garlic Dry Chinese,5/25/2023,KG,170,180,175
Tomato Big(Nepali),5/26/2023,KG,50,60,55
Tomato Big(Indian),5/26/2023,KG,60,70,65
Onion Dry (Indian),5/26/2023,KG,35,38,36.5
Cabbage(Local),5/26/2023,KG,30,35,32.5
Garlic Dry Chinese,5/26/2023,KG,170,180,175
Tomato Big(Nepali),5/27/2023,KG,50,60,55
Tomato Big(Indian),5/27/2023,KG,60,70,65
Onion Dry (Indian),5/27/2023,KG,35,38,36.5
Cabbage(Local),5/27/2023,KG,30,35,32.5
Garlic Dry Chinese,5/27/2023,KG,170,180,175
Tomato Big(Nepali),5/28/2023,KG,50,60,55
Tomato Big(Indian),5/28/2023,KG,60,70,65
Onion Dry (Indian),5/28/2023,KG,35,38,36.5
Cabbage(Local),5/28/2023,KG,30,35,32.5
Garlic Dry Chinese,5/28/2023,KG,170,180,175
Tomato Big(Nepali),5/29/2023,KG,50,60,55
Tomato Big(Indian),5/29/2023,KG,60,70,65
Onion Dry (Indian),5/29/2023,KG,35,38,36.5
Cabbage(Local),5/29/2023,KG,30,35,32.5
Garlic Dry Chinese,5/29/2023,KG,170,180,175
Tomato Big(Nepali),5/30/2023,KG,50,60,55
Tomato Big(Indian),5/30/2023,KG,60,70,65
Onion Dry (Indian),5/30/2023,KG,35,38,36.5
Cabbage(Local),5/30/2023,KG,30,35,32.5
Garlic Dry Chinese,5/30/2023,KG,170,180,175
Tomato Big(Nepali),5/31/2023,KG,50,60,55
Tomato Big(Indian),5/31/2023,KG,60,70,65
Onion Dry (Indian),5/31/2023,KG,35,38,36.5
Cabbage(Local),5/31/2023,KG,30,35,32.5
Garlic Dry Chinese,5/31/2023,KG,170,180,175
Tomato Big(Nepali),6/1/2023,KG,50,60,55
Tomato Big(Indian),6/1/2023,KG,60,70,65
Onion Dry (Indian),6/1/2023,KG,35,38,36.5
Cabbage(Local),6/1/2023,KG,30,35,32.5
Garlic Dry Chinese,6/1/2023,KG,170,180,175
Tomato Big(Nepali),6/2/2023,KG,50,60,55
Tomato Big(Indian),6/2/2023,KG,60,70,65
Onion Dry (Indian),6/2/2023,KG,35,38,36.5
Cabbage(Local),6/2/2023,KG,30,35,32.5
Garlic Dry Chinese,6/2/2023,KG,170,180,175
Tomato Big(Nepali),6/3/2023,KG,50,60,55
Tomato Big(Indian),6/3/2023,KG,60,70,65
Onion Dry (Indian),6/3/2023,KG,35,38,36.5
Cabbage(Local),6/3/2023,KG,30,35,32.5
Garlic Dry Chinese,6/3/2023,KG,170,180,175
Tomato Big(Nepali),6/4/2023,KG,50,60,55
Tomato Big(Indian),6/4/2023,KG,60,70,65
Onion Dry (Indian),6/4/2023,KG,35,38,36.5
Cabbage(Local),6/4/2023,KG,30,35,32.5
Garlic Dry Chinese,6/4/2023,KG,170,180,175
Tomato Big(Nepali),6/5/2023,KG,50,60,55
Tomato Big(Indian),6/5/2023,KG,60,70,65
Onion Dry (Indian),6/5/2023,KG,35,38,36.5
Cabbage(Local),6/5/2023,KG,30,35,32.5
Garlic Dry Chinese,6/5/2023,KG,170,180,175
Tomato Big(Nepali),6/6/2023,KG,50,60,55
Tomato Big(Indian),6/6/2023,KG,60,70,65
Onion Dry (Indian),6/6/2023,KG,35,38,36.5
Cabbage(Local),6/6/2023,KG,30,35,32.5
Garlic Dry Chinese,6/6/2023,KG,170,180,175
Tomato Big(Nepali),6/7/2023,KG,50,60,55
Tomato Big(Indian),6/7/2023,KG,60,70,65
Onion Dry (Indian),6/7/2023,KG,35,38,36.5
Cabbage(Local),6/7/2023,KG,30,35,32.5
Garlic Dry Chinese,6/7/2023,KG,170,180,175
Tomato Big(Nepali),6/8/2023,KG,50,60,55
Tomato Big(Indian),6/8/2023,KG,60,70,65
Onion Dry (Indian),6/8/2023,KG,35,38,36.5
Cabbage(Local),6/8/2023,KG,30,35,32.5
Garlic Dry Chinese,6/8/2023,KG,170,180,175
Tomato Big(Nepali),6/9/2023,KG,50,60,55
Tomato Big(Indian),6/9/2023,KG,60,70,65
Onion Dry (Indian),6/9/2023,KG,35,38,36.5
Cabbage(Local),6/9/2023,KG,30,35,32.5
Garlic Dry Chinese,6/9/2023,KG,170,180,175
Tomato Big(Nepali),6/10/2023,KG,50,60,55
Tomato Big(Indian),6/10/2023,KG,60,70,65
Onion Dry (Indian),6/10/2023,KG,35,38,36.5
Cabbage(Local),6/10/2023,KG,30,35,32.5
Garlic Dry Chinese,6/10/2023,KG,170,180,175
Tomato Big(Nepali),6/11/2023,KG,50,60,55
Tomato Big(Indian),6/11/2023,KG,60,70,65
Onion Dry (Indian),6/11/2023,KG,35,38,36.5
Cabbage(Local),6/11/2023,KG,30,35,32.5
Garlic Dry Chinese,6/11/2023,KG,170,180,175
Tomato Big(Nepali),6/12/2023,KG,50,60,55
Tomato Big(Indian),6/12/2023,KG,60,70,65
Onion Dry (Indian),6/12/2023,KG,35,38,36.5
Cabbage(Local),6/12/2023,KG,30,35,32.5
Garlic Dry Chinese,6/12/2023,KG,170,180,175
Tomato Big(Nepali),6/13/2023,KG,50,60,55
Tomato Big(Indian),6/13/2023,KG,60,70,65
Onion Dry (Indian),6/13/2023,KG,35,38,36.5
Cabbage(Local),6/13/2023,KG,30,35,32.5
Garlic Dry Chinese,6/13/2023,KG,170,180,175
Tomato Big(Nepali),6/14/2023,KG,50,60,55
Tomato Big(Indian),6/14/2023,KG,60,70,65
Onion Dry (Indian),6/14/2023,KG,35,38,36.5
Cabbage(Local),6/14/2023,KG,30,35,32.5
Garlic Dry Chinese,6/14/2023,KG,170,180,175
Tomato Big(Nepali),6/15/2023,KG,50,60,55
Tomato Big(Indian),6/15/2023,KG,60,70,65
Onion Dry (Indian),6/15/2023,KG,35,38,36.5
Cabbage(Local),6/15/2023,KG,30,35,32.5
Garlic Dry Chinese,6/15/2023,KG,170,180,175
Tomato Big(Nepali),6/16/2023,KG,50,60,55
Tomato Big(Indian),6/16/2023,KG,60,70,65
Onion Dry (Indian),6/16/2023,KG,35,38,36.5
Cabbage(Local),6/16/2023,KG,30,35,32.5
Garlic Dry Chinese,6/16/2023,KG,170,180,175
Tomato Big(Nepali),6/17/2023,KG,50,60,55
Tomato Big(Indian),6/17/2023,KG,60,70,65
Onion Dry (Indian),6/17/2023,KG,35,38,36.5
Cabbage(Local),6/17/2023,KG,30,35,32.5
Garlic Dry Chinese,6/17/2023,KG,170,180,175
Tomato Big(Nepali),6/18/2023,KG,50,60,55
Tomato Big(Indian),6/18/2023,KG,60,70,65
Onion Dry (Indian),6/18/2023,KG,35,38,36.5
Cabbage(Local),6/18/2023,KG,30,35,32.5
Garlic Dry Chinese,6/18/2023,KG,170,180,175
Tomato Big(Nepali),6/19/2023,KG,50,60,55
Tomato Big(Indian),6/19/2023,KG,60,70,65
Onion Dry (Indian),6/19/2023,KG,35,38,36.5
Cabbage(Local),6/19/2023,KG,30,35,32.5
Garlic Dry Chinese,6/19/2023,KG,170,180,175
Tomato Big(Nepali),6/20/2023,KG,50,60,55
Tomato Big(Indian),6/20/2023,KG,60,70,65
Onion Dry (Indian),6/20/2023,KG,35,38,36.5
Cabbage(Local),6/20/2023,KG,30,35,32.5
Garlic Dry Chinese,6/20/2023,KG,170,180,175
Tomato Big(Nepali),6/21/2023,KG,50,60,55
Tomato Big(Indian),6/21/2023,KG,60,70,65
Onion Dry (Indian),6/21/2023,KG,35,38,36.5
Cabbage(Local),6/21/2023,KG,30,35,32.5
Garlic Dry Chinese,6/21/2023,KG,170,180,175
Tomato Big(Nepali),6/22/2023,KG,50,60,55
Tomato Big(Indian),6/22/2023,KG,60,70,65
Onion Dry (Indian),6/22/2023,KG,35,38,36.5
Cabbage(Local),6/22/2023,KG,30,35,32.5
Garlic Dry Chinese,6/22/2023,KG,170,180,175
Tomato Big(Nepali),6/23/2023,KG,50,60,55
Tomato Big(Indian),6/23/2023,KG,60,70,65
Onion Dry (Indian),6/23/2023,KG,35,38,36.5
Cabbage(Local),6/23/2023,KG,30,35,32.5
Garlic Dry Chinese,6/23/2023,KG,170,180,175
Tomato Big(Nepali),6/24/2023,KG,50,60,55
Tomato Big(Indian),6/24/2023,KG,60,70,65
Onion Dry (Indian),6/24/2023,KG,35,38,36.5
Cabbage(Local),6/24/2023,KG,30,35,32.5
Garlic Dry Chinese,6/24/2023,KG,170,180,175
Tomato Big(Nepali),6/25/2023,KG,50,60,55
Tomato Big(Indian),6/25/2023,KG,60,70,65
Onion Dry (Indian),6/25/2023,KG,35,38,36.5
Cabbage(Local),6/25/2023,KG,30,35,32.5
Garlic Dry Chinese,6/25/2023,KG,170,180,175
Tomato Big(Nepali),6/26/2023,KG,50,60,55
Tomato Big(Indian),6/26/2023,KG,60,70,65
Onion Dry (Indian),6/26/2023,KG,35,38,36.5
Cabbage(Local),6/26/2023,KG,30,35,32.5
Garlic Dry Chinese,6/26/2023,KG,170,180,175
Tomato Big(Nepali),6/27/2023,KG,50,60,55
Tomato Big(Indian),6/27/2023,KG,60,70,65
Onion Dry (Indian),6/27/2023,KG,35,38,36.5
Cabbage(Local),6/27/2023,KG,30,35,32.5
Garlic Dry Chinese,6/27/2023,KG,170,180,175
Tomato Big(Nepali),6/28/2023,KG,50,60,55
Tomato Big(Indian),6/28/2023,KG,60,70,65
Onion Dry (Indian),6/28/2023,KG,35,38,36.5
Cabbage(Local),6/28/2023,KG,30,35,32.5
Garlic Dry Chinese,6/28/2023,KG,170,180,175
Tomato Big(Nepali),6/29/2023,KG,50,60,55
Tomato Big(Indian),6/29/2023,KG,60,70,65
Onion Dry (Indian),6/29/2023,KG,35,38,36.5
Cabbage(Local),6/29/2023,KG,30,35,32.5
Garlic Dry Chinese,6/29/2023,KG,170,180,175
Tomato Big(Nepali),6/30/2023,KG,50,60,55
Tomato Big(Indian),6/30/2023,KG,60,70,65
Onion Dry (Indian),6/30/2023,KG,35,38,36.5
Cabbage(Local),6/30/2023,KG,30,35,32.5
Garlic Dry Chinese,6/30/2023,KG,170,180,175
Tomato Big(Nepali),7/1/2023,KG,50,60,55
Tomato Big(Indian),7/1/2023,KG,60,70,65
Onion Dry (Indian),7/1/2023,KG,35,38,36.5
Cabbage(Local),7/1/2023,KG,30,35,32.5
Garlic Dry Chinese,7/1/2023,KG,170,180,175
Tomato Big(Nepali),7/2/2023,KG,50,60,55
Tomato Big(Indian),7/2/2023,KG,60,70,65
Onion Dry (Indian),7/2/2023,KG,35,38,36.5
Cabbage(Local),7/2/2023,KG,30,35,32.5
Garlic Dry Chinese,7/2/2023,KG,170,180,175
Tomato Big(Nepali),7/3/2023,KG,50,60,55
Tomato Big(Indian),7/3/2023,KG,60,70,65
Onion Dry (Indian),7/3/2023,KG,35,38,36.5
Cabbage(Local),7/3/2023,KG,30,35,32.5
Garlic Dry Chinese,7/3/2023,KG,170,180,175
Tomato Big(Nepali),7/4/2023,KG,50,60,55
Tomato Big(Indian),7/4/2023,KG,60,70,65
Onion Dry (Indian),7/4/2023,KG,35,38,36.5
Cabbage(Local),7/4/2023,KG,30,35,32.5
Garlic Dry Chinese,7/4/2023,KG,170,180,175
Tomato Big(Nepali),7/5/2023,KG,50,60,55
Tomato Big(Indian),7/5/2023,KG,60,70,65
Onion Dry (Indian),7/5/2023,KG,35,38,36.5
Cabbage(Local),7/5/2023,KG,30,35,32.5
Garlic Dry Chinese,7/5/2023,KG,170,180,175
Tomato Big(Nepali),7/6/2023,KG,50,60,55
Tomato Big(Indian),7/6/2023,KG,60,70,65
Onion Dry (Indian),7/6/2023,KG,35,38,36.5
Cabbage(Local),7/6/2023,KG,30,35,32.5
Garlic Dry Chinese,7/6/2023,KG,170,180,175
Tomato Big(Nepali),7/7/2023,KG,50,60,55
Tomato Big(Indian),7/7/2023,KG,60,70,65
Onion Dry (Indian),7/7/2023,KG,35,38,36.5
Cabbage(Local),7/7/2023,KG,30,35,32.5
Garlic Dry Chinese,7/7/2023,KG,170,180,175
Tomato Big(Nepali),7/8/2023,KG,50,60,55
Tomato Big(Indian),7/8/2023,KG,60,70,65
Onion Dry (Indian),7/8/2023,KG,35,38,36.5
Cabbage(Local),7/8/2023,KG,30,35,32.5
Garlic Dry Chinese,7/8/2023,KG,170,180,175
Tomato Big(Nepali),7/9/2023,KG,50,60,55
Tomato Big(Indian),7/9/2023,KG,60,70,65
Onion Dry (Indian),7/9/2023,KG,35,38,36.5
Cabbage(Local),7/9/2023,KG,30,35,32.5
Garlic Dry Chinese,7/9/2023,KG,170,180,175
Tomato Big(Nepali),7/10/2023,KG,50,60,55
Tomato Big(Indian),7/10/2023,KG,60,70,65
Onion Dry (Indian),7/10/2023,KG,35,38,36.5
Cabbage(Local),7/10/2023,KG,30,35,32.5
Garlic Dry Chinese,7/10/2023,KG,170,180,175
Tomato Big(Nepali),7/11/2023,KG,50,60,55
Tomato Big(Indian),7/11/2023,KG,60,70,65
Onion Dry (Indian),7/11/2023,KG,35,38,36.5
Cabbage(Local),7/11/2023,KG,30,35,32.5
Garlic Dry Chinese,7/11/2023,KG,170,180,175
Tomato Big(Nepali),7/12/2023,KG,50,60,55
Tomato Big(Indian),7/12/2023,KG,60,70,65
Onion Dry (Indian),7/12/2023,KG,35,38,36.5
Cabbage(Local),7/12/2023,KG,30,35,32.5
Garlic Dry Chinese,7/12/2023,KG,170,180,175
Tomato Big(Nepali),7/13/2023,KG,50,60,55
Tomato Big(Indian),7/13/2023,KG,60,70,65
Onion Dry (Indian),7/13/2023,KG,35,38,36.5
Cabbage(Local),7/13/2023,KG,30,35,32.5
Garlic Dry Chinese,7/13/2023,KG,170,180,175
Tomato Big(Nepali),7/14/2023,KG,50,60,55
Tomato Big(Indian),7/14/2023,KG,60,70,65
Onion Dry (Indian),7/14/2023,KG,35,38,36.5
Cabbage(Local),7/14/2023,KG,30,35,32.5
Garlic Dry Chinese,7/14/2023,KG,170,180,175
Tomato Big(Nepali),7/15/2023,KG,50,60,55
Tomato Big(Indian),7/15/2023,KG,60,70,65
Onion Dry (Indian),7/15/2023,KG,35,38,36.5
Cabbage(Local),7/15/2023,KG,30,35,32.5
Garlic Dry Chinese,7/15/2023,KG,170,180,175
Tomato Big(Nepali),7/16/2023,KG,50,60,55
Tomato Big(Indian),7/16/2023,KG,60,70,65
Onion Dry (Indian),7/16/2023,KG,35,38,36.5
Cabbage(Local),7/16/2023,KG,30,35,32.5
Garlic Dry Chinese,7/16/2023,KG,170,180,175
Tomato Big(Nepali),7/17/2023,KG,50,60,55
Tomato Big(Indian),7/17/2023,KG,60,70,65
Onion Dry (Indian),7/17/2023,KG,35,38,36.5
Cabbage(Local),7/17/2023,KG,30,35,32.5
Garlic Dry Chinese,7/17/2023,KG,170,180,175
Tomato Big(Nepali),7/18/2023,KG,50,60,55
Tomato Big(Indian),7/18/2023,KG,60,70,65
Onion Dry (Indian),7/18/2023,KG,35,38,36.5
Cabbage(Local),7/18/2023,KG,30,35,32.5
Garlic Dry Chinese,7/18/2023,KG,170,180,175
Tomato Big(Nepali),7/19/2023,KG,50,60,55
Tomato Big(Indian),7/19/2023,KG,60,70,65
Onion Dry (Indian),7/19/2023,KG,35,38,36.5
Cabbage(Local),7/19/2023,KG,30,35,32.5
Garlic Dry Chinese,7/19/2023,KG,170,180,175
Tomato Big(Nepali),7/20/2023,KG,50,60,55
Tomato Big(Indian),7/20/2023,KG,60,70,65
Onion Dry (Indian),7/20/2023,KG,35,38,36.5
Cabbage(Local),7/20/2023,KG,30,35,32.5
Garlic Dry Chinese,7/20/2023,KG,170,180,175
Tomato Big(Nepali),7/21/2023,KG,50,60,55
Tomato Big(Indian),7/21/2023,KG,60,70,65
Onion Dry (Indian),7/21/2023,KG,35,38,36.5
Cabbage(Local),7/21/2023,KG,30,35,32.5
Garlic Dry Chinese,7/21/2023,KG,170,180,175
Tomato Big(Nepali),7/22/2023,KG,50,60,55
Tomato Big(Indian),7/22/2023,KG,60,70,65
Onion Dry (Indian),7/22/2023,KG,35,38,36.5
Cabbage(Local),7/22/2023,KG,30,35,32.5
Garlic Dry Chinese,7/22/2023,KG,170,180,175
Tomato Big(Nepali),7/23/2023,KG,50,60,55
Tomato Big(Indian),7/23/2023,KG,60,70,65
Onion Dry (Indian),7/23/2023,KG,35,38,36.5
Cabbage(Local),7/23/2023,KG,30,35,32.5
Garlic Dry Chinese,7/23/2023,KG,170,180,175
Tomato Big(Nepali),7/24/2023,KG,50,60,55
Tomato Big(Indian),7/24/2023,KG,60,70,65
Onion Dry (Indian),7/24/2023,KG,35,38,36.5
Cabbage(Local),7/24/2023,KG,30,35,32.5
Garlic Dry Chinese,7/24/2023,KG,170,180,175
Tomato Big(Nepali),7/25/2023,KG,50,60,55
Tomato Big(Indian),7/25/2023,KG,60,70,65
Onion Dry (Indian),7/25/2023,KG,35,38,36.5
Cabbage(Local),7/25/2023,KG,30,35,32.5
Garlic Dry Chinese,7/25/2023,KG,170,180,175
Tomato Big(Nepali),7/26/2023,KG,50,60,55
Tomato Big(Indian),7/26/2023,KG,60,70,65
Onion Dry (Indian),7/26/2023,KG,35,38,36.5
Cabbage(Local),7/26/2023,KG,30,35,32.5
Garlic Dry Chinese,7/26/2023,KG,170,180,175
Tomato Big(Nepali),7/27/2023,KG,50,60,55
Tomato Big(Indian),7/27/2023,KG,60,70,65
Onion Dry (Indian),7/27/2023,KG,35,38,36.5
Cabbage(Local),7/27/2023,KG,30,35,32.5
Garlic Dry Chinese,7/27/2023,KG,170,180,175
Tomato Big(Nepali),7/28/2023,KG,50,60,55
Tomato Big(Indian),7/28/2023,KG,60,70,65
Onion Dry (Indian),7/28/2023,KG,35,38,36.5
Cabbage(Local),7/28/2023,KG,30,35,32.5
Garlic Dry Chinese,7/28/2023,KG,170,180,175
Tomato Big(Nepali),7/29/2023,KG,50,60,55
Tomato Big(Indian),7/29/2023,KG,60,70,65
Onion Dry (Indian),7/29/2023,KG,35,38,36.5
Cabbage(Local),7/29/2023,KG,30,35,32.5
Garlic Dry Chinese,7/29/2023,KG,170,180,175
Tomato Big(Nepali),7/30/2023,KG,50,60,55
Tomato Big(Indian),7/30/2023,KG,60,70,65
Onion Dry (Indian),7/30/2023,KG,35,38,36.5
Cabbage(Local),7/30/2023,KG,30,35,32.5
Garlic Dry Chinese,7/30/2023,KG,170,180,175
Tomato Big(Nepali),7/31/2023,KG,50,60,55
Tomato Big(Indian),7/31/2023,KG,60,70,65
Onion Dry (Indian),7/31/2023,KG,35,38,36.5
Cabbage(Local),7/31/2023,KG,30,35,32.5
Garlic Dry Chinese,7/31/2023,KG,170,180,175
Tomato Big(Nepali),8/1/2023,KG,50,60,55
Tomato Big(Indian),8/1/2023,KG,60,70,65
Onion Dry (Indian),8/1/2023,KG,35,38,36.5
Cabbage(Local),8/1/2023,KG,30,35,32.5
Garlic Dry Chinese,8/1/2023,KG,170,180,175
Tomato Big(Nepali),8/2/2023,KG,50,60,55
Tomato Big(Indian),8/2/2023,KG,60,70,65
Onion Dry (Indian),8/2/2023,KG,35,38,36.5
Cabbage(Local),8/2/2023,KG,30,35,32.5
Garlic Dry Chinese,8/2/2023,KG,170,180,175
Tomato Big(Nepali),8/3/2023,KG,50,60,55
Tomato Big(Indian),8/3/2023,KG,60,70,65
Onion Dry (Indian),8/3/2023,KG,35,38,36.5
Cabbage(Local),8/3/2023,KG,30,35,32.5
Garlic Dry Chinese,8/3/2023,KG,170,180,175
Tomato Big(Nepali),8/4/2023,KG,50,60,55
Tomato Big(Indian),8/4/2023,KG,60,70,65
Onion Dry (Indian),8/4/2023,KG,35,38,36.5
Cabbage(Local),8/4/2023,KG,30,35,32.5
Garlic Dry Chinese,8/4/2023,KG,170,180,175
Tomato Big(Nepali),8/5/2023,KG,50,60,55
Tomato Big(Indian),8/5/2023,KG,60,70,65
Onion Dry (Indian),8/5/2023,KG,35,38,36.5
Cabbage(Local),8/5/2023,KG,30,35,32.5
Garlic Dry Chinese,8/5/2023,KG,170,180,175
Tomato Big(Nepali),8/6/2023,KG,50,60,55
Tomato Big(Indian),8/6/2023,KG,60,70,65
Onion Dry (Indian),8/6/2023,KG,35,38,36.5
Cabbage(Local),8/6/2023,KG,30,35,32.5
Garlic Dry Chinese,8/6/2023,KG,170,180,175
Tomato Big(Nepali),8/7/2023,KG,50,60,55
Tomato Big(Indian),8/7/2023,KG,60,70,65
Onion Dry (Indian),8/7/2023,KG,35,38,36.5
Cabbage(Local),8/7/2023,KG,30,35,32.5
Garlic Dry Chinese,8/7/2023,KG,170,180,175
Tomato Big(Nepali),8/8/2023,KG,50,60,55
Tomato Big(Indian),8/8/2023,KG,60,70,65
Onion Dry (Indian),8/8/2023,KG,35,38,36.5
Cabbage(Local),8/8/2023,KG,30,35,32.5
Garlic Dry Chinese,8/8/2023,KG,170,180,175
Tomato Big(Nepali),8/9/2023,KG,50,60,55
Tomato Big(Indian),8/9/2023,KG,60,70,65
Onion Dry (Indian),8/9/2023,KG,35,38,36.5
Cabbage(Local),8/9/2023,KG,30,35,32.5
Garlic Dry Chinese,8/9/2023,KG,170,180,175
Tomato Big(Nepali),8/10/2023,KG,50,60,55
Tomato Big(Indian),8/10/2023,KG,60,70,65
Onion Dry (Indian),8/10/2023,KG,35,38,36.5
Cabbage(Local),8/10/2023,KG,30,35,32.5
Garlic Dry Chinese,8/10/2023,KG,170,180,175
Tomato Big(Nepali),8/11/2023,KG,50,60,55
Tomato Big(Indian),8/11/2023,KG,60,70,65
Onion Dry (Indian),8/11/2023,KG,35,38,36.5
Cabbage(Local),8/11/2023,KG,30,35,32.5
Garlic Dry Chinese,8/11/2023,KG,170,180,175
Tomato Big(Nepali),8/12/2023,KG,50,60,55
Tomato Big(Indian),8/12/2023,KG,60,70,65
Onion Dry (Indian),8/12/2023,KG,35,38,36.5
Cabbage(Local),8/12/2023,KG,30,35,32.5
Garlic Dry Chinese,8/12/2023,KG,170,180,175
Tomato Big(Nepali),8/13/2023,KG,50,60,55
Tomato Big(Indian),8/13/2023,KG,60,70,65
Onion Dry (Indian),8/13/2023,KG,35,38,36.5
Cabbage(Local),8/13/2023,KG,30,35,32.5
Garlic Dry Chinese,8/13/2023,KG,170,180,175
Tomato Big(Nepali),8/14/2023,KG,50,60,55
Tomato Big(Indian),8/14/2023,KG,60,70,65
Onion Dry (Indian),8/14/2023,KG,35,38,36.5
Cabbage(Local),8/14/2023,KG,30,35,32.5
Garlic Dry Chinese,8/14/2023,KG,170,180,175
Tomato Big(Nepali),8/15/2023,KG,50,60,55
Tomato Big(Indian),8/15/2023,KG,60,70,65
Onion Dry (Indian),8/15/2023,KG,35,38,36.5
Cabbage(Local),8/15/2023,KG,30,35,32.5
Garlic Dry Chinese,8/15/2023,KG,170,180,175
Tomato Big(Nepali),8/16/2023,KG,50,60,55
Tomato Big(Indian),8/16/2023,KG,60,70,65
Onion Dry (Indian),8/16/2023,KG,35,38,36.5
Cabbage(Local),8/16/2023,KG,30,35,32.5
Garlic Dry Chinese,8/16/2023,KG,170,180,175
Tomato Big(Nepali),8/17/2023,KG,50,60,55
Tomato Big(Indian),8/17/2023,KG,60,70,65
Onion Dry (Indian),8/17/2023,KG,35,38,36.5
Cabbage(Local),8/17/2023,KG,30,35,32.5
Garlic Dry Chinese,8/17/2023,KG,170,180,175
Tomato Big(Nepali),8/18/2023,KG,50,60,55
Tomato Big(Indian),8/18/2023,KG,60,70,65
Onion Dry (Indian),8/18/2023,KG,35,38,36.5
Cabbage(Local),8/18/2023,KG,30,35,32.5
Garlic Dry Chinese,8/18/2023,KG,170,180,175
Tomato Big(Nepali),8/19/2023,KG,50,60,55
Tomato Big(Indian),8/19/2023,KG,60,70,65
Onion Dry (Indian),8/19/2023,KG,35,38,36.5
Cabbage(Local),8/19/2023,KG,30,35,32.5
Garlic Dry Chinese,8/19/2023,KG,170,180,175
Tomato Big(Nepali),8/20/2023,KG,50,60,55
Tomato Big(Indian),8/20/2023,KG,60,70,65
Onion Dry (Indian),8/20/2023,KG,35,38,36.5
Cabbage(Local),8/20/2023,KG,30,35,32.5
Garlic Dry Chinese,8/20/2023,KG,170,180,175
Tomato Big(Nepali),8/21/2023,KG,50,60,55
Tomato Big(Indian),8/21/2023,KG,60,70,65
Onion Dry (Indian),8/21/2023,KG,35,38,36.5
Cabbage(Local),8/21/2023,KG,30,35,32.5
Garlic Dry Chinese,8/21/2023,KG,170,180,175
Tomato Big(Nepali),8/22/2023,KG,50,60,55
Tomato Big(Indian),8/22/2023,KG,60,70,65
Onion Dry (Indian),8/22/2023,KG,35,38,36.5
Cabbage(Local),8/22/2023,KG,30,35,32.5
Garlic Dry Chinese,8/22/2023,KG,170,180,175
Tomato Big(Nepali),8/23/2023,KG,50,60,55
Tomato Big(Indian),8/23/2023,KG,60,70,65
Onion Dry (Indian),8/23/2023,KG,35,38,36.5
Cabbage(Local),8/23/2023,KG,30,35,32.5
Garlic Dry Chinese,8/23/2023,KG,170,180,175
Tomato Big(Nepali),8/24/2023,KG,50,60,55
Tomato Big(Indian),8/24/2023,KG,60,70,65
Onion Dry (Indian),8/24/2023,KG,35,38,36.5
Cabbage(Local),8/24/2023,KG,30,35,32.5
Garlic Dry Chinese,8/24/2023,KG,170,180,175
Tomato Big(Nepali),8/25/2023,KG,50,60,55
Tomato Big(Indian),8/25/2023,KG,60,70,65
Onion Dry (Indian),8/25/2023,KG,35,38,36.5
Cabbage(Local),8/25/2023,KG,30,35,32.5
Garlic Dry Chinese,8/25/2023,KG,170,180,175
Tomato Big(Nepali),8/26/2023,KG,50,60,55
Tomato Big(Indian),8/26/2023,KG,60,70,65
Onion Dry (Indian),8/26/2023,KG,35,38,36.5
Cabbage(Local),8/26/2023,KG,30,35,32.5
Garlic Dry Chinese,8/26/2023,KG,170,180,175
Tomato Big(Nepali),8/27/2023,KG,50,60,55
Tomato Big(Indian),8/27/2023,KG,60,70,65
Onion Dry (Indian),8/27/2023,KG,35,38,36.5
Cabbage(Local),8/27/2023,KG,30,35,32.5
Garlic Dry Chinese,8/27/2023,KG,170,180,175
Tomato Big(Nepali),8/28/2023,KG,50,60,55
Tomato Big(Indian),8/28/2023,KG,60,70,65
Onion Dry (Indian),8/28/2023,KG,35,38,36.5
Cabbage(Local),8/28/2023,KG,30,35,32.5
Garlic Dry Chinese,8/28/2023,KG,170,180,175
Tomato Big(Nepali),8/29/2023,KG,50,60,55
Tomato Big(Indian),8/29/2023,KG,60,70,65
Onion Dry (Indian),8/29/2023,KG,35,38,36.5
Cabbage(Local),8/29/2023,KG,30,35,32.5
Garlic Dry Chinese,8/29/2023,KG,170,180,175
Tomato Big(Nepali),8/30/2023,KG,50,60,55
Tomato Big(Indian),8/30/2023,KG,60,70,65
Onion Dry (Indian),8/30/2023,KG,35,38,36.5
Cabbage(Local),8/30/2023,KG,30,35,32.5
Garlic Dry Chinese,8/30/2023,KG,170,180,175
Tomato Big(Nepali),8/31/2023,KG,50,60,55
Tomato Big(Indian),8/31/2023,KG,60,70,65
Onion Dry (Indian),8/31/2023,KG,35,38,36.5
Cabbage(Local),8/31/2023,KG,30,35,32.5
Garlic Dry Chinese,8/31/2023,KG,170,180,175
Tomato Big(Nepali),9/1/2023,KG,50,60,55
Tomato Big(Indian),9/1/2023,KG,60,70,65
Onion Dry (Indian),9/1/2023,KG,35,38,36.5
Cabbage(Local),9/1/2023,KG,30,35,32.5
Garlic Dry Chinese,9/1/2023,KG,170,180,175
Tomato Big(Nepali),9/2/2023,KG,50,60,55
Tomato Big(Indian),9/2/2023,KG,60,70,65
Onion Dry (Indian),9/2/2023,KG,35,38,36.5
Cabbage(Local),9/2/2023,KG,30,35,32.5
Garlic Dry Chinese,9/2/2023,KG,170,180,175
Tomato Big(Nepali),9/3/2023,KG,50,60,55
Tomato Big(Indian),9/3/2023,KG,60,70,65
Onion Dry (Indian),9/3/2023,KG,35,38,36.5
Cabbage(Local),9/3/2023,KG,30,35,32.5
Garlic Dry Chinese,9/3/2023,KG,170,180,175
Tomato Big(Nepali),9/4/2023,KG,50,60,55
Tomato Big(Indian),9/4/2023,KG,60,70,65
Onion Dry (Indian),9/4/2023,KG,35,38,36.5
Cabbage(Local),9/4/2023,KG,30,35,32.5
Garlic Dry Chinese,9/4/2023,KG,170,180,175
Tomato Big(Nepali),9/5/2023,KG,50,60,55
Tomato Big(Indian),9/5/2023,KG,60,70,65
Onion Dry (Indian),9/5/2023,KG,35,38,36.5
Cabbage(Local),9/5/2023,KG,30,35,32.5
Garlic Dry Chinese,9/5/2023,KG,170,180,175
Tomato Big(Nepali),9/6/2023,KG,50,60,55
Tomato Big(Indian),9/6/2023,KG,60,70,65
Onion Dry (Indian),9/6/2023,KG,35,38,36.5
Cabbage(Local),9/6/2023,KG,30,35,32.5
Garlic Dry Chinese,9/6/2023,KG,170,180,175
Tomato Big(Nepali),9/7/2023,KG,50,60,55
Tomato Big(Indian),9/7/2023,KG,60,70,65
Onion Dry (Indian),9/7/2023,KG,35,38,36.5
Cabbage(Local),9/7/2023,KG,30,35,32.5
Garlic Dry Chinese,9/7/2023,KG,170,180,175
Tomato Big(Nepali),9/8/2023,KG,50,60,55
Tomato Big(Indian),9/8/2023,KG,60,70,65
Onion Dry (Indian),9/8/2023,KG,35,38,36.5
Cabbage(Local),9/8/2023,KG,30,35,32.5
Garlic Dry Chinese,9/8/2023,KG,170,180,175
Tomato Big(Nepali),9/9/2023,KG,50,60,55
Tomato Big(Indian),9/9/2023,KG,60,70,65
Onion Dry (Indian),9/9/2023,KG,35,38,36.5
Cabbage(Local),9/9/2023,KG,30,35,32.5
Garlic Dry Chinese,9/9/2023,KG,170,180,175
Tomato Big(Nepali),9/10/2023,KG,50,60,55
Tomato Big(Indian),9/10/2023,KG,60,70,65
Onion Dry (Indian),9/10/2023,KG,35,38,36.5
Cabbage(Local),9/10/2023,KG,30,35,32.5
Garlic Dry Chinese,9/10/2023,KG,170,180,175
Tomato Big(Nepali),9/11/2023,KG,50,60,55
Tomato Big(Indian),9/11/2023,KG,60,70,65
Onion Dry (Indian),9/11/2023,KG,35,38,36.5
Cabbage(Local),9/11/2023,KG,30,35,32.5
Garlic Dry Chinese,9/11/2023,KG,170,180,175
Tomato Big(Nepali),9/12/2023,KG,50,60,55
Tomato Big(Indian),9/12/2023,KG,60,70,65
Onion Dry (Indian),9/12/2023,KG,35,38,36.5
Cabbage(Local),9/12/2023,KG,30,35,32.5
Garlic Dry Chinese,9/12/2023,KG,170,180,175
Tomato Big(Nepali),9/13/2023,KG,50,60,55
Tomato Big(Indian),9/13/2023,KG,60,70,65
Onion Dry (Indian),9/13/2023,KG,35,38,36.5
Cabbage(Local),9/13/2023,KG,30,35,32.5
Garlic Dry Chinese,9/13/2023,KG,170,180,175
Tomato Big(Nepali),9/14/2023,KG,50,60,55
Tomato Big(Indian),9/14/2023,KG,60,70,65
Onion Dry (Indian),9/14/2023,KG,35,38,36.5
Cabbage(Local),9/14/2023,KG,30,35,32.5
Garlic Dry Chinese,9/14/2023,KG,170,180,175
Tomato Big(Nepali),9/15/2023,KG,50,60,55
Tomato Big(Indian),9/15/2023,KG,60,70,65
Onion Dry (Indian),9/15/2023,KG,35,38,36.5
Cabbage(Local),9/15/2023,KG,30,35,32.5
Garlic Dry Chinese,9/15/2023,KG,170,180,175
Tomato Big(Nepali),9/16/2023,KG,50,60,55
Tomato Big(Indian),9/16/2023,KG,60,70,65
Onion Dry (Indian),9/16/2023,KG,35,38,36.5
Cabbage(Local),9/16/2023,KG,30,35,32.5
Garlic Dry Chinese,9/16/2023,KG,170,180,175
Tomato Big(Nepali),9/17/2023,KG,50,60,55
Tomato Big(Indian),9/17/2023,KG,60,70,65
Onion Dry (Indian),9/17/2023,KG,35,38,36.5
Cabbage(Local),9/17/2023,KG,30,35,32.5
Garlic Dry Chinese,9/17/2023,KG,170,180,175
Tomato Big(Nepali),9/18/2023,KG,50,60,55
Tomato Big(Indian),9/18/2023,KG,60,70,65
Onion Dry (Indian),9/18/2023,KG,35,38,36.5
Cabbage(Local),9/18/2023,KG,30,35,32.5
Garlic Dry Chinese,9/18/2023,KG,170,180,175
Tomato Big(Nepali),9/19/2023,KG,50,60,55
Tomato Big(Indian),9/19/2023,KG,60,70,65
Onion Dry (Indian),9/19/2023,KG,35,38,36.5
Cabbage(Local),9/19/2023,KG,30,35,32.5
Garlic Dry Chinese,9/19/2023,KG,170,180,175
Tomato Big(Nepali),9/20/2023,KG,50,60,55
Tomato Big(Indian),9/20/2023,KG,60,70,65
Onion Dry (Indian),9/20/2023,KG,35,38,36.5
Cabbage(Local),9/20/2023,KG,30,35,32.5
Garlic Dry Chinese,9/20/2023,KG,170,180,175
Tomato Big(Nepali),9/21/2023,KG,50,60,55
Tomato Big(Indian),9/21/2023,KG,60,70,65
Onion Dry (Indian),9/21/2023,KG,35,38,36.5
Cabbage(Local),9/21/2023,KG,30,35,32.5
Garlic Dry Chinese,9/21/2023,KG,170,180,175
Tomato Big(Nepali),9/22/2023,KG,50,60,55
Tomato Big(Indian),9/22/2023,KG,60,70,65
Onion Dry (Indian),9/22/2023,KG,35,38,36.5
Cabbage(Local),9/22/2023,KG,30,35,32.5
Garlic Dry Chinese,9/22/2023,KG,170,180,175
Tomato Big(Nepali),9/23/2023,KG,50,60,55
Tomato Big(Indian),9/23/2023,KG,60,70,65
Onion Dry (Indian),9/23/2023,KG,35,38,36.5
Cabbage(Local),9/23/2023,KG,30,35,32.5
Garlic Dry Chinese,9/23/2023,KG,170,180,175
Tomato Big(Nepali),9/24/2023,KG,50,60,55
Tomato Big(Indian),9/24/2023,KG,60,70,65
Onion Dry (Indian),9/24/2023,KG,35,38,36.5
Cabbage(Local),9/24/2023,KG,30,35,32.5
Garlic Dry Chinese,9/24/2023,KG,170,180,175
Tomato Big(Nepali),9/25/2023,KG,50,60,55
Tomato Big(Indian),9/25/2023,KG,60,70,65
Onion Dry (Indian),9/25/2023,KG,35,38,36.5
Cabbage(Local),9/25/2023,KG,30,35,32.5
Garlic Dry Chinese,9/25/2023,KG,170,180,175
Tomato Big(Nepali),9/26/2023,KG,50,60,55
Tomato Big(Indian),9/26/2023,KG,60,70,65
Onion Dry (Indian),9/26/2023,KG,35,38,36.5
Cabbage(Local),9/26/2023,KG,30,35,32.5
Garlic Dry Chinese,9/26/2023,KG,170,180,175
Tomato Big(Nepali),9/27/2023,KG,50,60,55
Tomato Big(Indian),9/27/2023,KG,60,70,65
Onion Dry (Indian),9/27/2023,KG,35,38,36.5
Cabbage(Local),9/27/2023,KG,30,35,32.5
Garlic Dry Chinese,9/27/2023,KG,170,180,175
Tomato Big(Nepali),9/28/2023,KG,50,60,55
Tomato Big(Indian),9/28/2023,KG,60,70,65
Onion Dry (Indian),9/28/2023,KG,35,38,36.5
Cabbage(Local),9/28/2023,KG,30,35,32.5
Garlic Dry Chinese,9/28/2023,KG,170,180,175
Tomato Big(Nepali),9/29/2023,KG,50,60,55
Tomato Big(Indian),9/29/2023,KG,60,70,65
Onion Dry (Indian),9/29/2023,KG,35,38,36.5
Cabbage(Local),9/29/2023,KG,30,35,32.5
Garlic Dry Chinese,9/29/2023,KG,170,180,175
Tomato Big(Nepali),9/30/2023,KG,50,60,55
Tomato Big(Indian),9/30/2023,KG,60,70,65
Onion Dry (Indian),9/30/2023,KG,35,38,36.5
Cabbage(Local),9/30/2023,KG,30,35,32.5
Garlic Dry Chinese,9/30/2023,KG,170,180,175
Tomato Big(Nepali),10/1/2023,KG,50,60,55
Tomato Big(Indian),10/1/2023,KG,60,70,65
Onion Dry (Indian),10/1/2023,KG,35,38,36.5
Cabbage(Local),10/1/2023,KG,30,35,32.5
Garlic Dry Chinese,10/1/2023,KG,170,180,175
Tomato Big(Nepali),10/2/2023,KG,50,60,55
Tomato Big(Indian),10/2/2023,KG,60,70,65
Onion Dry (Indian),10/2/2023,KG,35,38,36.5
Cabbage(Local),10/2/2023,KG,30,35,32.5
Garlic Dry Chinese,10/2/2023,KG,170,180,175
Tomato Big(Nepali),10/3/2023,KG,50,60,55
Tomato Big(Indian),10/3/2023,KG,60,70,65
Onion Dry (Indian),10/3/2023,KG,35,38,36.5
Cabbage(Local),10/3/2023,KG,30,35,32.5
Garlic Dry Chinese,10/3/2023,KG,170,180,175
Tomato Big(Nepali),10/4/2023,KG,50,60,55
Tomato Big(Indian),10/4/2023,KG,60,70,65
Onion Dry (Indian),10/4/2023,KG,35,38,36.5
Cabbage(Local),10/4/2023,KG,30,35,32.5
Garlic Dry Chinese,10/4/2023,KG,170,180,175
Tomato Big(Nepali),10/5/2023,KG,50,60,55
Tomato Big(Indian),10/5/2023,KG,60,70,65
Onion Dry (Indian),10/5/2023,KG,35,38,36.5
Cabbage(Local),10/5/2023,KG,30,35,32.5
Garlic Dry Chinese,10/5/2023,KG,170,180,175
Tomato Big(Nepali),10/6/2023,KG,50,60,55
Tomato Big(Indian),10/6/2023,KG,60,70,65
Onion Dry (Indian),10/6/2023,KG,35,38,36.5
Cabbage(Local),10/6/2023,KG,30,35,32.5
Garlic Dry Chinese,10/6/2023,KG,170,180,175
Tomato Big(Nepali),10/7/2023,KG,50,60,55
Tomato Big(Indian),10/7/2023,KG,60,70,65
Onion Dry (Indian),10/7/2023,KG,35,38,36.5
Cabbage(Local),10/7/2023,KG,30,35,32.5
Garlic Dry Chinese,10/7/2023,KG,170,180,175
Tomato Big(Nepali),10/8/2023,KG,50,60,55
Tomato Big(Indian),10/8/2023,KG,60,70,65
Onion Dry (Indian),10/8/2023,KG,35,38,36.5
Cabbage(Local),10/8/2023,KG,30,35,32.5
Garlic Dry Chinese,10/8/2023,KG,170,180,175
Tomato Big(Nepali),10/9/2023,KG,50,60,55
Tomato Big(Indian),10/9/2023,KG,60,70,65
Onion Dry (Indian),10/9/2023,KG,35,38,36.5
Cabbage(Local),10/9/2023,KG,30,35,32.5
Garlic Dry Chinese,10/9/2023,KG,170,180,175
Tomato Big(Nepali),10/10/2023,KG,50,60,55
Tomato Big(Indian),10/10/2023,KG,60,70,65
Onion Dry (Indian),10/10/2023,KG,35,38,36.5
Cabbage(Local),10/10/2023,KG,30,35,32.5
Garlic Dry Chinese,10/10/2023,KG,170,180,175
Tomato Big(Nepali),10/11/2023,KG,50,60,55
Tomato Big(Indian),10/11/2023,KG,60,70,65
Onion Dry (Indian),10/11/2023,KG,35,38,36.5
Cabbage(Local),10/11/2023,KG,30,35,32.5
Garlic Dry Chinese,10/11/2023,KG,170,180,175
Tomato Big(Nepali),10/12/2023,KG,50,60,55
Tomato Big(Indian),10/12/2023,KG,60,70,65
Onion Dry (Indian),10/12/2023,KG,35,38,36.5
Cabbage(Local),10/12/2023,KG,30,35,32.5
Garlic Dry Chinese,10/12/2023,KG,170,180,175
Tomato Big(Nepali),10/13/2023,KG,50,60,55
Tomato Big(Indian),10/13/2023,KG,60,70,65
Onion Dry (Indian),10/13/2023,KG,35,38,36.5
Cabbage(Local),10/13/2023,KG,30,35,32.5
Garlic Dry Chinese,10/13/2023,KG,170,180,175
Tomato Big(Nepali),10/14/2023,KG,50,60,55
Tomato Big(Indian),10/14/2023,KG,60,70,65
Onion Dry (Indian),10/14/2023,KG,35,38,36.5
Cabbage(Local),10/14/2023,KG,30,35,32.5
Garlic Dry Chinese,10/14/2023,KG,170,180,175
Tomato Big(Nepali),10/15/2023,KG,50,60,55
Tomato Big(Indian),10/15/2023,KG,60,70,65
Onion Dry (Indian),10/15/2023,KG,35,38,36.5
Cabbage(Local),10/15/2023,KG,30,35,32.5
Garlic Dry Chinese,10/15/2023,KG,170,180,175
Tomato Big(Nepali),10/16/2023,KG,50,60,55
Tomato Big(Indian),10/16/2023,KG,60,70,65
Onion Dry (Indian),10/16/2023,KG,35,38,36.5
Cabbage(Local),10/16/2023,KG,30,35,32.5
Garlic Dry Chinese,10/16/2023,KG,170,180,175
Tomato Big(Nepali),10/17/2023,KG,50,60,55
Tomato Big(Indian),10/17/2023,KG,60,70,65
Onion Dry (Indian),10/17/2023,KG,35,38,36.5
Cabbage(Local),10/17/2023,KG,30,35,32.5
Garlic Dry Chinese,10/17/2023,KG,170,180,175
Tomato Big(Nepali),10/18/2023,KG,50,60,55
Tomato Big(Indian),10/18/2023,KG,60,70,65
Onion Dry (Indian),10/18/2023,KG,35,38,36.5
Cabbage(Local),10/18/2023,KG,30,35,32.5
Garlic Dry Chinese,10/18/2023,KG,170,180,175
Tomato Big(Nepali),10/19/2023,KG,50,60,55
Tomato Big(Indian),10/19/2023,KG,60,70,65
Onion Dry (Indian),10/19/2023,KG,35,38,36.5
Cabbage(Local),10/19/2023,KG,30,35,32.5
Garlic Dry Chinese,10/19/2023,KG,170,180,175
Tomato Big(Nepali),10/20/2023,KG,50,60,55
Tomato Big(Indian),10/20/2023,KG,60,70,65
Onion Dry (Indian),10/20/2023,KG,35,38,36.5
Cabbage(Local),10/20/2023,KG,30,35,32.5
Garlic Dry Chinese,10/20/2023,KG,170,180,175
Tomato Big(Nepali),10/21/2023,KG,50,60,55
Tomato Big(Indian),10/21/2023,KG,60,70,65
Onion Dry (Indian),10/21/2023,KG,35,38,36.5
Cabbage(Local),10/21/2023,KG,30,35,32.5
Garlic Dry Chinese,10/21/2023,KG,170,180,175
Tomato Big(Nepali),10/22/2023,KG,50,60,55
Tomato Big(Indian),10/22/2023,KG,60,70,65
Onion Dry (Indian),10/22/2023,KG,35,38,36.5
Cabbage(Local),10/22/2023,KG,30,35,32.5
Garlic Dry Chinese,10/22/2023,KG,170,180,175
Tomato Big(Nepali),10/23/2023,KG,50,60,55
Tomato Big(Indian),10/23/2023,KG,60,70,65
Onion Dry (Indian),10/23/2023,KG,35,38,36.5
Cabbage(Local),10/23/2023,KG,30,35,32.5
Garlic Dry Chinese,10/23/2023,KG,170,180,175
Tomato Big(Nepali),10/24/2023,KG,50,60,55
Tomato Big(Indian),10/24/2023,KG,60,70,65
Onion Dry (Indian),10/24/2023,KG,35,38,36.5
Cabbage(Local),10/24/2023,KG,30,35,32.5
Garlic Dry Chinese,10/24/2023,KG,170,180,175
Tomato Big(Nepali),10/25/2023,KG,50,60,55
Tomato Big(Indian),10/25/2023,KG,60,70,65
Onion Dry (Indian),10/25/2023,KG,35,38,36.5
Cabbage(Local),10/25/2023,KG,30,35,32.5
Garlic Dry Chinese,10/25/2023,KG,170,180,175
Tomato Big(Nepali),10/26/2023,KG,50,60,55
Tomato Big(Indian),10/26/2023,KG,60,70,65
Onion Dry (Indian),10/26/2023,KG,35,38,36.5
Cabbage(Local),10/26/2023,KG,30,35,32.5
Garlic Dry Chinese,10/26/2023,KG,170,180,175
Tomato Big(Nepali),10/27/2023,KG,50,60,55
Tomato Big(Indian),10/27/2023,KG,60,70,65
Onion Dry (Indian),10/27/2023,KG,35,38,36.5
Cabbage(Local),10/27/2023,KG,30,35,32.5
Garlic Dry Chinese,10/27/2023,KG,170,180,175
Tomato Big(Nepali),10/28/2023,KG,50,60,55
Tomato Big(Indian),10/28/2023,KG,60,70,65
Onion Dry (Indian),10/28/2023,KG,35,38,36.5
Cabbage(Local),10/28/2023,KG,30,35,32.5
Garlic Dry Chinese,10/28/2023,KG,170,180,175
Tomato Big(Nepali),10/29/2023,KG,50,60,55
Tomato Big(Indian),10/29/2023,KG,60,70,65
Onion Dry (Indian),10/29/2023,KG,35,38,36.5
Cabbage(Local),10/29/2023,KG,30,35,32.5
Garlic Dry Chinese,10/29/2023,KG,170,180,175
Tomato Big(Nepali),10/30/2023,KG,50,60,55
Tomato Big(Indian),10/30/2023,KG,60,70,65
Onion Dry (Indian),10/30/2023,KG,35,38,36.5
Cabbage(Local),10/30/2023,KG,30,35,32.5
Garlic Dry Chinese,10/30/2023,KG,170,180,175
Tomato Big(Nepali),10/31/2023,KG,50,60,55
Tomato Big(Indian),10/31/2023,KG,60,70,65
Onion Dry (Indian),10/31/2023,KG,35,38,36.5
Cabbage(Local),10/31/2023,KG,30,35,32.5
Garlic Dry Chinese,10/31/2023,KG,170,180,175
Tomato Big(Nepali),11/1/2023,KG,50,60,55
Tomato Big(Indian),11/1/2023,KG,60,70,65
Onion Dry (Indian),11/1/2023,KG,35,38,36.5
Cabbage(Local),11/1/2023,KG,30,35,32.5
Garlic Dry Chinese,11/1/2023,KG,170,180,175
Tomato Big(Nepali),11/2/2023,KG,50,60,55
Tomato Big(Indian),11/2/2023,KG,60,70,65
Onion Dry (Indian),11/2/2023,KG,35,38,36.5
Cabbage(Local),11/2/2023,KG,30,35,32.5
Garlic Dry Chinese,11/2/2023,KG,170,180,175
Tomato Big(Nepali),11/3/2023,KG,50,60,55
Tomato Big(Indian),11/3/2023,KG,60,70,65
Onion Dry (Indian),11/3/2023,KG,35,38,36.5
Cabbage(Local),11/3/2023,KG,30,35,32.5
Garlic Dry Chinese,11/3/2023,KG,170,180,175
Tomato Big(Nepali),11/4/2023,KG,50,60,55
Tomato Big(Indian),11/4/2023,KG,60,70,65
Onion Dry (Indian),11/4/2023,KG,35,38,36.5
Cabbage(Local),11/4/2023,KG,30,35,32.5
Garlic Dry Chinese,11/4/2023,KG,170,180,175
Tomato Big(Nepali),11/5/2023,KG,50,60,55
Tomato Big(Indian),11/5/2023,KG,60,70,65
Onion Dry (Indian),11/5/2023,KG,35,38,36.5
Cabbage(Local),11/5/2023,KG,30,35,32.5
Garlic Dry Chinese,11/5/2023,KG,170,180,175
Tomato Big(Nepali),11/6/2023,KG,50,60,55
Tomato Big(Indian),11/6/2023,KG,60,70,65
Onion Dry (Indian),11/6/2023,KG,35,38,36.5
Cabbage(Local),11/6/2023,KG,30,35,32.5
Garlic Dry Chinese,11/6/2023,KG,170,180,175
Tomato Big(Nepali),11/7/2023,KG,50,60,55
Tomato Big(Indian),11/7/2023,KG,60,70,65
Onion Dry (Indian),11/7/2023,KG,35,38,36.5
Cabbage(Local),11/7/2023,KG,30,35,32.5
Garlic Dry Chinese,11/7/2023,KG,170,180,175
Tomato Big(Nepali),11/8/2023,KG,50,60,55
Tomato Big(Indian),11/8/2023,KG,60,70,65
Onion Dry (Indian),11/8/2023,KG,35,38,36.5
Cabbage(Local),11/8/2023,KG,30,35,32.5
Garlic Dry Chinese,11/8/2023,KG,170,180,175
Tomato Big(Nepali),11/9/2023,KG,50,60,55
Tomato Big(Indian),11/9/2023,KG,60,70,65
Onion Dry (Indian),11/9/2023,KG,35,38,36.5
Cabbage(Local),11/9/2023,KG,30,35,32.5
Garlic Dry Chinese,11/9/2023,KG,170,180,175
Tomato Big(Nepali),11/10/2023,KG,50,60,55
Tomato Big(Indian),11/10/2023,KG,60,70,65
Onion Dry (Indian),11/10/2023,KG,35,38,36.5
Cabbage(Local),11/10/2023,KG,30,35,32.5
Garlic Dry Chinese,11/10/2023,KG,170,180,175
Tomato Big(Nepali),11/11/2023,KG,50,60,55
Tomato Big(Indian),11/11/2023,KG,60,70,65
Onion Dry (Indian),11/11/2023,KG,35,38,36.5
Cabbage(Local),11/11/2023,KG,30,35,32.5
Garlic Dry Chinese,11/11/2023,KG,170,180,175
Tomato Big(Nepali),11/12/2023,KG,50,60,55
Tomato Big(Indian),11/12/2023,KG,60,70,65
Onion Dry (Indian),11/12/2023,KG,35,38,36.5
Cabbage(Local),11/12/2023,KG,30,35,32.5
Garlic Dry Chinese,11/12/2023,KG,170,180,175
Tomato Big(Nepali),11/13/2023,KG,50,60,55
Tomato Big(Indian),11/13/2023,KG,60,70,65
Onion Dry (Indian),11/13/2023,KG,35,38,36.5
Cabbage(Local),11/13/2023,KG,30,35,32.5
Garlic Dry Chinese,11/13/2023,KG,170,180,175
Tomato Big(Nepali),11/14/2023,KG,50,60,55
Tomato Big(Indian),11/14/2023,KG,60,70,65
Onion Dry (Indian),11/14/2023,KG,35,38,36.5
Cabbage(Local),11/14/2023,KG,30,35,32.5
Garlic Dry Chinese,11/14/2023,KG,170,180,175
Tomato Big(Nepali),11/15/2023,KG,50,60,55
Tomato Big(Indian),11/15/2023,KG,60,70,65
Onion Dry (Indian),11/15/2023,KG,35,38,36.5
Cabbage(Local),11/15/2023,KG,30,35,32.5
Garlic Dry Chinese,11/15/2023,KG,170,180,175
Tomato Big(Nepali),11/16/2023,KG,50,60,55
Tomato Big(Indian),11/16/2023,KG,60,70,65
Onion Dry (Indian),11/16/2023,KG,35,38,36.5
Cabbage(Local),11/16/2023,KG,30,35,32.5
Garlic Dry Chinese,11/16/2023,KG,170,180,175
Tomato Big(Nepali),11/17/2023,KG,50,60,55
Tomato Big(Indian),11/17/2023,KG,60,70,65
Onion Dry (Indian),11/17/2023,KG,35,38,36.5
Cabbage(Local),11/17/2023,KG,30,35,32.5
Garlic Dry Chinese,11/17/2023,KG,170,180,175
Tomato Big(Nepali),11/18/2023,KG,50,60,55
Tomato Big(Indian),11/18/2023,KG,60,70,65
Onion Dry (Indian),11/18/2023,KG,35,38,36.5
Cabbage(Local),11/18/2023,KG,30,35,32.5
Garlic Dry Chinese,11/18/2023,KG,170,180,175
Tomato Big(Nepali),11/19/2023,KG,50,60,55
Tomato Big(Indian),11/19/2023,KG,60,70,65
Onion Dry (Indian),11/19/2023,KG,35,38,36.5
Cabbage(Local),11/19/2023,KG,30,35,32.5
Garlic Dry Chinese,11/19/2023,KG,170,180,175
Tomato Big(Nepali),11/20/2023,KG,50,60,55
Tomato Big(Indian),11/20/2023,KG,60,70,65
Onion Dry (Indian),11/20/2023,KG,35,38,36.5
Cabbage(Local),11/20/2023,KG,30,35,32.5
Garlic Dry Chinese,11/20/2023,KG,170,180,175
Tomato Big(Nepali),11/21/2023,KG,50,60,55
Tomato Big(Indian),11/21/2023,KG,60,70,65
Onion Dry (Indian),11/21/2023,KG,35,38,36.5
Cabbage(Local),11/21/2023,KG,30,35,32.5
Garlic Dry Chinese,11/21/2023,KG,170,180,175
Tomato Big(Nepali),11/22/2023,KG,50,60,55
Tomato Big(Indian),11/22/2023,KG,60,70,65
Onion Dry (Indian),11/22/2023,KG,35,38,36.5
Cabbage(Local),11/22/2023,KG,30,35,32.5
Garlic Dry Chinese,11/22/2023,KG,170,180,175
Tomato Big(Nepali),11/23/2023,KG,50,60,55
Tomato Big(Indian),11/23/2023,KG,60,70,65
Onion Dry (Indian),11/23/2023,KG,35,38,36.5
Cabbage(Local),11/23/2023,KG,30,35,32.5
Garlic Dry Chinese,11/23/2023,KG,170,180,175
Tomato Big(Nepali),11/24/2023,KG,50,60,55
Tomato Big(Indian),11/24/2023,KG,60,70,65
Onion Dry (Indian),11/24/2023,KG,35,38,36.5
Cabbage(Local),11/24/2023,KG,30,35,32.5
Garlic Dry Chinese,11/24/2023,KG,170,180,175
Tomato Big(Nepali),11/25/2023,KG,50,60,55
Tomato Big(Indian),11/25/2023,KG,60,70,65
Onion Dry (Indian),11/25/2023,KG,35,38,36.5
Cabbage(Local),11/25/2023,KG,30,35,32.5
Garlic Dry Chinese,11/25/2023,KG,170,180,175
Tomato Big(Nepali),11/26/2023,KG,50,60,55
Tomato Big(Indian),11/26/2023,KG,60,70,65
Onion Dry (Indian),11/26/2023,KG,35,38,36.5
Cabbage(Local),11/26/2023,KG,30,35,32.5
Garlic Dry Chinese,11/26/2023,KG,170,180,175
Tomato Big(Nepali),11/27/2023,KG,50,60,55
Tomato Big(Indian),11/27/2023,KG,60,70,65
Onion Dry (Indian),11/27/2023,KG,35,38,36.5
Cabbage(Local),11/27/2023,KG,30,35,32.5
Garlic Dry Chinese,11/27/2023,KG,170,180,175
Tomato Big(Nepali),11/28/2023,KG,50,60,55
Tomato Big(Indian),11/28/2023,KG,60,70,65
Onion Dry (Indian),11/28/2023,KG,35,38,36.5
Cabbage(Local),11/28/2023,KG,30,35,32.5
Garlic Dry Chinese,11/28/2023,KG,170,180,175
Tomato Big(Nepali),11/29/2023,KG,50,60,55
Tomato Big(Indian),11/29/2023,KG,60,70,65
Onion Dry (Indian),11/29/2023,KG,35,38,36.5
Cabbage(Local),11/29/2023,KG,30,35,32.5
Garlic Dry Chinese,11/29/2023,KG,170,180,175
Tomato Big(Nepali),11/30/2023,KG,50,60,55
Tomato Big(Indian),11/30/2023,KG,60,70,65
Onion Dry (Indian),11/30/2023,KG,35,38,36.5
Cabbage(Local),11/30/2023,KG,30,35,32.5
Garlic Dry Chinese,11/30/2023,KG,170,180,175
Tomato Big(Nepali),12/1/2023,KG,50,60,55
Tomato Big(Indian),12/1/2023,KG,60,70,65
Onion Dry (Indian),12/1/2023,KG,35,38,36.5
Cabbage(Local),12/1/2023,KG,30,35,32.5
Garlic Dry Chinese,12/1/2023,KG,170,180,175
Tomato Big(Nepali),12/2/2023,KG,50,60,55
Tomato Big(Indian),12/2/2023,KG,60,70,65
Onion Dry (Indian),12/2/2023,KG,35,38,36.5
Cabbage(Local),12/2/2023,KG,30,35,32.5
Garlic Dry Chinese,12/2/2023,KG,170,180,175
Tomato Big(Nepali),12/3/2023,KG,50,60,55
Tomato Big(Indian),12/3/2023,KG,60,70,65
Onion Dry (Indian),12/3/2023,KG,35,38,36.5
Cabbage(Local),12/3/2023,KG,30,35,32.5
Garlic Dry Chinese,12/3/2023,KG,170,180,175
Tomato Big(Nepali),12/4/2023,KG,50,60,55
Tomato Big(Indian),12/4/2023,KG,60,70,65
Onion Dry (Indian),12/4/2023,KG,35,38,36.5
Cabbage(Local),12/4/2023,KG,30,35,32.5
Garlic Dry Chinese,12/4/2023,KG,170,180,175
Tomato Big(Nepali),12/5/2023,KG,50,60,55
Tomato Big(Indian),12/5/2023,KG,60,70,65
Onion Dry (Indian),12/5/2023,KG,35,38,36.5
Cabbage(Local),12/5/2023,KG,30,35,32.5
Garlic Dry Chinese,12/5/2023,KG,170,180,175
Tomato Big(Nepali),12/6/2023,KG,50,60,55
Tomato Big(Indian),12/6/2023,KG,60,70,65
Onion Dry (Indian),12/6/2023,KG,35,38,36.5
Cabbage(Local),12/6/2023,KG,30,35,32.5
Garlic Dry Chinese,12/6/2023,KG,170,180,175
Tomato Big(Nepali),12/7/2023,KG,50,60,55
Tomato Big(Indian),12/7/2023,KG,60,70,65
Onion Dry (Indian),12/7/2023,KG,35,38,36.5
Cabbage(Local),12/7/2023,KG,30,35,32.5
Garlic Dry Chinese,12/7/2023,KG,170,180,175
Tomato Big(Nepali),12/8/2023,KG,50,60,55
Tomato Big(Indian),12/8/2023,KG,60,70,65
Onion Dry (Indian),12/8/2023,KG,35,38,36.5
Cabbage(Local),12/8/2023,KG,30,35,32.5
Garlic Dry Chinese,12/8/2023,KG,170,180,175
Tomato Big(Nepali),12/9/2023,KG,50,60,55
Tomato Big(Indian),12/9/2023,KG,60,70,65
Onion Dry (Indian),12/9/2023,KG,35,38,36.5
Cabbage(Local),12/9/2023,KG,30,35,32.5
Garlic Dry Chinese,12/9/2023,KG,170,180,175
Tomato Big(Nepali),12/10/2023,KG,50,60,55
Tomato Big(Indian),12/10/2023,KG,60,70,65
Onion Dry (Indian),12/10/2023,KG,35,38,36.5
Cabbage(Local),12/10/2023,KG,30,35,32.5
Garlic Dry Chinese,12/10/2023,KG,170,180,175
Tomato Big(Nepali),12/11/2023,KG,50,60,55
Tomato Big(Indian),12/11/2023,KG,60,70,65
Onion Dry (Indian),12/11/2023,KG,35,38,36.5
Cabbage(Local),12/11/2023,KG,30,35,32.5
Garlic Dry Chinese,12/11/2023,KG,170,180,175
Tomato Big(Nepali),12/12/2023,KG,50,60,55
Tomato Big(Indian),12/12/2023,KG,60,70,65
Onion Dry (Indian),12/12/2023,KG,35,38,36.5
Cabbage(Local),12/12/2023,KG,30,35,32.5
Garlic Dry Chinese,12/12/2023,KG,170,180,175
Tomato Big(Nepali),12/13/2023,KG,50,60,55
Tomato Big(Indian),12/13/2023,KG,60,70,65
Onion Dry (Indian),12/13/2023,KG,35,38,36.5
Cabbage(Local),12/13/2023,KG,30,35,32.5
Garlic Dry Chinese,12/13/2023,KG,170,180,175
Tomato Big(Nepali),12/14/2023,KG,50,60,55
Tomato Big(Indian),12/14/2023,KG,60,70,65
Onion Dry (Indian),12/14/2023,KG,35,38,36.5
Cabbage(Local),12/14/2023,KG,30,35,32.5
Garlic Dry Chinese,12/14/2023,KG,170,180,175
Tomato Big(Nepali),12/15/2023,KG,50,60,55
Tomato Big(Indian),12/15/2023,KG,60,70,65
Onion Dry (Indian),12/15/2023,KG,35,38,36.5
Cabbage(Local),12/15/2023,KG,30,35,32.5
Garlic Dry Chinese,12/15/2023,KG,170,180,175
Tomato Big(Nepali),12/16/2023,KG,50,60,55
Tomato Big(Indian),12/16/2023,KG,60,70,65
Onion Dry (Indian),12/16/2023,KG,35,38,36.5
Cabbage(Local),12/16/2023,KG,30,35,32.5
Garlic Dry Chinese,12/16/2023,KG,170,180,175
Tomato Big(Nepali),12/17/2023,KG,50,60,55
Tomato Big(Indian),12/17/2023,KG,60,70,65
Onion Dry (Indian),12/17/2023,KG,35,38,36.5
Cabbage(Local),12/17/2023,KG,30,35,32.5
Garlic Dry Chinese,12/17/2023,KG,170,180,175
Tomato Big(Nepali),12/18/2023,KG,50,60,55
Tomato Big(Indian),12/18/2023,KG,60,70,65
Onion Dry (Indian),12/18/2023,KG,35,38,36.5
Cabbage(Local),12/18/2023,KG,30,35,32.5
Garlic Dry Chinese,12/18/2023,KG,170,180,175
Tomato Big(Nepali),12/19/2023,KG,50,60,55
Tomato Big(Indian),12/19/2023,KG,60,70,65
Onion Dry (Indian),12/19/2023,KG,35,38,36.5
Cabbage(Local),12/19/2023,KG,30,35,32.5
Garlic Dry Chinese,12/19/2023,KG,170,180,175
Tomato Big(Nepali),12/20/2023,KG,50,60,55
Tomato Big(Indian),12/20/2023,KG,60,70,65
Onion Dry (Indian),12/20/2023,KG,35,38,36.5
Cabbage(Local),12/20/2023,KG,30,35,32.5
Garlic Dry Chinese,12/20/2023,KG,170,180,175
Tomato Big(Nepali),12/21/2023,KG,50,60,55
Tomato Big(Indian),12/21/2023,KG,60,70,65
Onion Dry (Indian),12/21/2023,KG,35,38,36.5
Cabbage(Local),12/21/2023,KG,30,35,32.5
Garlic Dry Chinese,12/21/2023,KG,170,180,175
Tomato Big(Nepali),12/22/2023,KG,50,60,55
Tomato Big(Indian),12/22/2023,KG,60,70,65
Onion Dry (Indian),12/22/2023,KG,35,38,36.5
Cabbage(Local),12/22/2023,KG,30,35,32.5
Garlic Dry Chinese,12/22/2023,KG,170,180,175
Tomato Big(Nepali),12/23/2023,KG,50,60,55
Tomato Big(Indian),12/23/2023,KG,60,70,65
Onion Dry (Indian),12/23/2023,KG,35,38,36.5
Cabbage(Local),12/23/2023,KG,30,35,32.5
Garlic Dry Chinese,12/23/2023,KG,170,180,175
Tomato Big(Nepali),12/24/2023,KG,50,60,55
Tomato Big(Indian),12/24/2023,KG,60,70,65
Onion Dry (Indian),12/24/2023,KG,35,38,36.5
Cabbage(Local),12/24/2023,KG,30,35,32.5
Garlic Dry Chinese,12/24/2023,KG,170,180,175
Tomato Big(Nepali),12/25/2023,KG,50,60,55
Tomato Big(Indian),12/25/2023,KG,60,70,65
Onion Dry (Indian),12/25/2023,KG,35,38,36.5
Cabbage(Local),12/25/2023,KG,30,35,32.5
Garlic Dry Chinese,12/25/2023,KG,170,180,175
Tomato Big(Nepali),12/26/2023,KG,50,60,55
Tomato Big(Indian),12/26/2023,KG,60,70,65
Onion Dry (Indian),12/26/2023,KG,35,38,36.5
Cabbage(Local),12/26/2023,KG,30,35,32.5
Garlic Dry Chinese,12/26/2023,KG,170,180,175
Tomato Big(Nepali),12/27/2023,KG,50,60,55
Tomato Big(Indian),12/27/2023,KG,60,70,65
Onion Dry (Indian),12/27/2023,KG,35,38,36.5
Cabbage(Local),12/27/2023,KG,30,35,32.5
Garlic Dry Chinese,12/27/2023,KG,170,180,175
Tomato Big(Nepali),12/28/2023,KG,50,60,55
Tomato Big(Indian),12/28/2023,KG,60,70,65
Onion Dry (Indian),12/28/2023,KG,35,38,36.5
Cabbage(Local),12/28/2023,KG,30,35,32.5
Garlic Dry Chinese,12/28/2023,KG,170,180,175
Tomato Big(Nepali),12/29/2023,KG,50,60,55
Tomato Big(Indian),12/29/2023,KG,60,70,65
Onion Dry (Indian),12/29/2023,KG,35,38,36.5
Cabbage(Local),12/29/2023,KG,30,35,32.5
Garlic Dry Chinese,12/29/2023,KG,170,180,175
Tomato Big(Nepali),12/30/2023,KG,50,60,55
Tomato Big(Indian),12/30/2023,KG,60,70,65
Onion Dry (Indian),12/30/2023,KG,35,38,36.5
Cabbage(Local),12/30/2023,KG,30,35,32.5
Garlic Dry Chinese,12/30/2023,KG,170,180,175
Tomato Big(Nepali),12/31/2023,KG,50,60,55
Tomato Big(Indian),12/31/2023,KG,60,70,65
Onion Dry (Indian),12/31/2023,KG,35,38,36.5
Cabbage(Local),12/31/2023,KG,30,35,32.5
Garlic Dry Chinese,12/31/2023,KG,170,180,175
Tomato Big(Nepali),1/1/2024,KG,50,60,55
Tomato Big(Indian),1/1/2024,KG,60,70,65
Onion Dry (Indian),1/1/2024,KG,35,38,36.5
Cabbage(Local),1/1/2024,KG,30,35,32.5
Garlic Dry Chinese,1/1/2024,KG,170,180,175
Tomato Big(Nepali),1/2/2024,KG,50,60,55
Tomato Big(Indian),1/2/2024,KG,60,70,65
Onion Dry (Indian),1/2/2024,KG,35,38,36.5
Cabbage(Local),1/2/2024,KG,30,35,32.5
Garlic Dry Chinese,1/2/2024,KG,170,180,175
Tomato Big(Nepali),1/3/2024,KG,50,60,55
Tomato Big(Indian),1/3/2024,KG,60,70,65
Onion Dry (Indian),1/3/2024,KG,35,38,36.5
Cabbage(Local),1/3/2024,KG,30,35,32.5
Garlic Dry Chinese,1/3/2024,KG,170,180,175
Tomato Big(Nepali),1/4/2024,KG,50,60,55
Tomato Big(Indian),1/4/2024,KG,60,70,65
Onion Dry (Indian),1/4/2024,KG,35,38,36.5
Cabbage(Local),1/4/2024,KG,30,35,32.5
Garlic Dry Chinese,1/4/2024,KG,170,180,175
Tomato Big(Nepali),1/5/2024,KG,50,60,55
Tomato Big(Indian),1/5/2024,KG,60,70,65
Onion Dry (Indian),1/5/2024,KG,35,38,36.5
Cabbage(Local),1/5/2024,KG,30,35,32.5
Garlic Dry Chinese,1/5/2024,KG,170,180,175
Tomato Big(Nepali),1/6/2024,KG,50,60,55
Tomato Big(Indian),1/6/2024,KG,60,70,65
Onion Dry (Indian),1/6/2024,KG,35,38,36.5
Cabbage(Local),1/6/2024,KG,30,35,32.5
Garlic Dry Chinese,1/6/2024,KG,170,180,175
Tomato Big(Nepali),1/7/2024,KG,50,60,55
Tomato Big(Indian),1/7/2024,KG,60,70,65
Onion Dry (Indian),1/7/2024,KG,35,38,36.5
Cabbage(Local),1/7/2024,KG,30,35,32.5
Garlic Dry Chinese,1/7/2024,KG,170,180,175
Tomato Big(Nepali),1/8/2024,KG,50,60,55
Tomato Big(Indian),1/8/2024,KG,60,70,65
Onion Dry (Indian),1/8/2024,KG,35,38,36.5
Cabbage(Local),1/8/2024,KG,30,35,32.5
Garlic Dry Chinese,1/8/2024,KG,170,180,175
Tomato Big(Nepali),1/9/2024,KG,50,60,55
Tomato Big(Indian),1/9/2024,KG,60,70,65
Onion Dry (Indian),1/9/2024,KG,35,38,36.5
Cabbage(Local),1/9/2024,KG,30,35,32.5
Garlic Dry Chinese,1/9/2024,KG,170,180,175
Tomato Big(Nepali),1/10/2024,KG,50,60,55
Tomato Big(Indian),1/10/2024,KG,60,70,65
Onion Dry (Indian),1/10/2024,KG,35,38,36.5
Cabbage(Local),1/10/2024,KG,30,35,32.5
Garlic Dry Chinese,1/10/2024,KG,170,180,175
Tomato Big(Nepali),1/11/2024,KG,50,60,55
Tomato Big(Indian),1/11/2024,KG,60,70,65
Onion Dry (Indian),1/11/2024,KG,35,38,36.5
Cabbage(Local),1/11/2024,KG,30,35,32.5
Garlic Dry Chinese,1/11/2024,KG,170,180,175
Tomato Big(Nepali),1/12/2024,KG,50,60,55
Tomato Big(Indian),1/12/2024,KG,60,70,65
Onion Dry (Indian),1/12/2024,KG,35,38,36.5
Cabbage(Local),1/12/2024,KG,30,35,32.5
Garlic Dry Chinese,1/12/2024,KG,170,180,175
Tomato Big(Nepali),1/13/2024,KG,50,60,55
Tomato Big(Indian),1/13/2024,KG,60,70,65
Onion Dry (Indian),1/13/2024,KG,35,38,36.5
Cabbage(Local),1/13/2024,KG,30,35,32.5
Garlic Dry Chinese,1/13/2024,KG,170,180,175
Tomato Big(Nepali),1/14/2024,KG,50,60,55
Tomato Big(Indian),1/14/2024,KG,60,70,65
Onion Dry (Indian),1/14/2024,KG,35,38,36.5
Cabbage(Local),1/14/2024,KG,30,35,32.5
Garlic Dry Chinese,1/14/2024,KG,170,180,175
Tomato Big(Nepali),1/15/2024,KG,50,60,55
Tomato Big(Indian),1/15/2024,KG,60,70,65
Onion Dry (Indian),1/15/2024,KG,35,38,36.5
Cabbage(Local),1/15/2024,KG,30,35,32.5
Garlic Dry Chinese,1/15/2024,KG,170,180,175
Tomato Big(Nepali),1/16/2024,KG,50,60,55
Tomato Big(Indian),1/16/2024,KG,60,70,65
Onion Dry (Indian),1/16/2024,KG,35,38,36.5
Cabbage(Local),1/16/2024,KG,30,35,32.5
Garlic Dry Chinese,1/16/2024,KG,170,180,175
Tomato Big(Nepali),1/17/2024,KG,50,60,55
Tomato Big(Indian),1/17/2024,KG,60,70,65
Onion Dry (Indian),1/17/2024,KG,35,38,36.5
Cabbage(Local),1/17/2024,KG,30,35,32.5
Garlic Dry Chinese,1/17/2024,KG,170,180,175
Tomato Big(Nepali),1/18/2024,KG,50,60,55
Tomato Big(Indian),1/18/2024,KG,60,70,65
Onion Dry (Indian),1/18/2024,KG,35,38,36.5
Cabbage(Local),1/18/2024,KG,30,35,32.5
Garlic Dry Chinese,1/18/2024,KG,170,180,175
Tomato Big(Nepali),1/19/2024,KG,50,60,55
Tomato Big(Indian),1/19/2024,KG,60,70,65
Onion Dry (Indian),1/19/2024,KG,35,38,36.5
Cabbage(Local),1/19/2024,KG,30,35,32.5
Garlic Dry Chinese,1/19/2024,KG,170,180,175
Tomato Big(Nepali),1/20/2024,KG,50,60,55
Tomato Big(Indian),1/20/2024,KG,60,70,65
Onion Dry (Indian),1/20/2024,KG,35,38,36.5
Cabbage(Local),1/20/2024,KG,30,35,32.5
Garlic Dry Chinese,1/20/2024,KG,170,180,175
Tomato Big(Nepali),1/21/2024,KG,50,60,55
Tomato Big(Indian),1/21/2024,KG,60,70,65
Onion Dry (Indian),1/21/2024,KG,35,38,36.5
Cabbage(Local),1/21/2024,KG,30,35,32.5
Garlic Dry Chinese,1/21/2024,KG,170,180,175
Tomato Big(Nepali),1/22/2024,KG,50,60,55
Tomato Big(Indian),1/22/2024,KG,60,70,65
Onion Dry (Indian),1/22/2024,KG,35,38,36.5
Cabbage(Local),1/22/2024,KG,30,35,32.5
Garlic Dry Chinese,1/22/2024,KG,170,180,175
Tomato Big(Nepali),1/23/2024,KG,50,60,55
Tomato Big(Indian),1/23/2024,KG,60,70,65
Onion Dry (Indian),1/23/2024,KG,35,38,36.5
Cabbage(Local),1/23/2024,KG,30,35,32.5
Garlic Dry Chinese,1/23/2024,KG,170,180,175
Tomato Big(Nepali),1/24/2024,KG,50,60,55
Tomato Big(Indian),1/24/2024,KG,60,70,65
Onion Dry (Indian),1/24/2024,KG,35,38,36.5
Cabbage(Local),1/24/2024,KG,30,35,32.5
Garlic Dry Chinese,1/24/2024,KG,170,180,175
Tomato Big(Nepali),1/25/2024,KG,50,60,55
Tomato Big(Indian),1/25/2024,KG,60,70,65
Onion Dry (Indian),1/25/2024,KG,35,38,36.5
Cabbage(Local),1/25/2024,KG,30,35,32.5
Garlic Dry Chinese,1/25/2024,KG,170,180,175
Tomato Big(Nepali),1/26/2024,KG,50,60,55
Tomato Big(Indian),1/26/2024,KG,60,70,65
Onion Dry (Indian),1/26/2024,KG,35,38,36.5
Cabbage(Local),1/26/2024,KG,30,35,32.5
Garlic Dry Chinese,1/26/2024,KG,170,180,175
Tomato Big(Nepali),1/27/2024,KG,50,60,55
Tomato Big(Indian),1/27/2024,KG,60,70,65
Onion Dry (Indian),1/27/2024,KG,35,38,36.5
Cabbage(Local),1/27/2024,KG,30,35,32.5
Garlic Dry Chinese,1/27/2024,KG,170,180,175
Tomato Big(Nepali),1/28/2024,KG,50,60,55
Tomato Big(Indian),1/28/2024,KG,60,70,65
Onion Dry (Indian),1/28/2024,KG,35,38,36.5
Cabbage(Local),1/28/2024,KG,30,35,32.5
Garlic Dry Chinese,1/28/2024,KG,170,180,175
Tomato Big(Nepali),1/29/2024,KG,50,60,55
Tomato Big(Indian),1/29/2024,KG,60,70,65
Onion Dry (Indian),1/29/2024,KG,35,38,36.5
Cabbage(Local),1/29/2024,KG,30,35,32.5
Garlic Dry Chinese,1/29/2024,KG,170,180,175
Tomato Big(Nepali),1/30/2024,KG,50,60,55
Tomato Big(Indian),1/30/2024,KG,60,70,65
Onion Dry (Indian),1/30/2024,KG,35,38,36.5
Cabbage(Local),1/30/2024,KG,30,35,32.5
Garlic Dry Chinese,1/30/2024,KG,170,180,175
Tomato Big(Nepali),1/31/2024,KG,50,60,55
Tomato Big(Indian),1/31/2024,KG,60,70,65
Onion Dry (Indian),1/31/2024,KG,35,38,36.5
Cabbage(Local),1/31/2024,KG,30,35,32.5
Garlic Dry Chinese,1/31/2024,KG,170,180,175
Tomato Big(Nepali),2/1/2024,KG,50,60,55
Tomato Big(Indian),2/1/2024,KG,60,70,65
Onion Dry (Indian),2/1/2024,KG,35,38,36.5
Cabbage(Local),2/1/2024,KG,30,35,32.5
Garlic Dry Chinese,2/1/2024,KG,170,180,175
Tomato Big(Nepali),2/2/2024,KG,50,60,55
Tomato Big(Indian),2/2/2024,KG,60,70,65
Onion Dry (Indian),2/2/2024,KG,35,38,36.5
Cabbage(Local),2/2/2024,KG,30,35,32.5
Garlic Dry Chinese,2/2/2024,KG,170,180,175
Tomato Big(Nepali),2/3/2024,KG,50,60,55
Tomato Big(Indian),2/3/2024,KG,60,70,65
Onion Dry (Indian),2/3/2024,KG,35,38,36.5
Cabbage(Local),2/3/2024,KG,30,35,32.5
Garlic Dry Chinese,2/3/2024,KG,170,180,175
Tomato Big(Nepali),2/4/2024,KG,50,60,55
Tomato Big(Indian),2/4/2024,KG,60,70,65
Onion Dry (Indian),2/4/2024,KG,35,38,36.5
Cabbage(Local),2/4/2024,KG,30,35,32.5
Garlic Dry Chinese,2/4/2024,KG,170,180,175
Tomato Big(Nepali),2/5/2024,KG,50,60,55
Tomato Big(Indian),2/5/2024,KG,60,70,65
Onion Dry (Indian),2/5/2024,KG,35,38,36.5
Cabbage(Local),2/5/2024,KG,30,35,32.5
Garlic Dry Chinese,2/5/2024,KG,170,180,175
Tomato Big(Nepali),2/6/2024,KG,50,60,55
Tomato Big(Indian),2/6/2024,KG,60,70,65
Onion Dry (Indian),2/6/2024,KG,35,38,36.5
Cabbage(Local),2/6/2024,KG,30,35,32.5
Garlic Dry Chinese,2/6/2024,KG,170,180,175
Tomato Big(Nepali),2/7/2024,KG,50,60,55
Tomato Big(Indian),2/7/2024,KG,60,70,65
Onion Dry (Indian),2/7/2024,KG,35,38,36.5
Cabbage(Local),2/7/2024,KG,30,35,32.5
Garlic Dry Chinese,2/7/2024,KG,170,180,175
Tomato Big(Nepali),2/8/2024,KG,50,60,55
Tomato Big(Indian),2/8/2024,KG,60,70,65
Onion Dry (Indian),2/8/2024,KG,35,38,36.5
Cabbage(Local),2/8/2024,KG,30,35,32.5
Garlic Dry Chinese,2/8/2024,KG,170,180,175
Tomato Big(Nepali),2/9/2024,KG,50,60,55
Tomato Big(Indian),2/9/2024,KG,60,70,65
Onion Dry (Indian),2/9/2024,KG,35,38,36.5
Cabbage(Local),2/9/2024,KG,30,35,32.5
Garlic Dry Chinese,2/9/2024,KG,170,180,175
Tomato Big(Nepali),2/10/2024,KG,50,60,55
Tomato Big(Indian),2/10/2024,KG,60,70,65
Onion Dry (Indian),2/10/2024,KG,35,38,36.5
Cabbage(Local),2/10/2024,KG,30,35,32.5
Garlic Dry Chinese,2/10/2024,KG,170,180,175
Tomato Big(Nepali),2/11/2024,KG,50,60,55
Tomato Big(Indian),2/11/2024,KG,60,70,65
Onion Dry (Indian),2/11/2024,KG,35,38,36.5
Cabbage(Local),2/11/2024,KG,30,35,32.5
Garlic Dry Chinese,2/11/2024,KG,170,180,175
Tomato Big(Nepali),2/12/2024,KG,50,60,55
Tomato Big(Indian),2/12/2024,KG,60,70,65
Onion Dry (Indian),2/12/2024,KG,35,38,36.5
Cabbage(Local),2/12/2024,KG,30,35,32.5
Garlic Dry Chinese,2/12/2024,KG,170,180,175
Tomato Big(Nepali),2/13/2024,KG,50,60,55
Tomato Big(Indian),2/13/2024,KG,60,70,65
Onion Dry (Indian),2/13/2024,KG,35,38,36.5
Cabbage(Local),2/13/2024,KG,30,35,32.5
Garlic Dry Chinese,2/13/2024,KG,170,180,175
Tomato Big(Nepali),2/14/2024,KG,50,60,55
Tomato Big(Indian),2/14/2024,KG,60,70,65
Onion Dry (Indian),2/14/2024,KG,35,38,36.5
Cabbage(Local),2/14/2024,KG,30,35,32.5
Garlic Dry Chinese,2/14/2024,KG,170,180,175
Tomato Big(Nepali),2/15/2024,KG,50,60,55
Tomato Big(Indian),2/15/2024,KG,60,70,65
Onion Dry (Indian),2/15/2024,KG,35,38,36.5
Cabbage(Local),2/15/2024,KG,30,35,32.5
Garlic Dry Chinese,2/15/2024,KG,170,180,175
Tomato Big(Nepali),2/16/2024,KG,50,60,55
Tomato Big(Indian),2/16/2024,KG,60,70,65
Onion Dry (Indian),2/16/2024,KG,35,38,36.5
Cabbage(Local),2/16/2024,KG,30,35,32.5
Garlic Dry Chinese,2/16/2024,KG,170,180,175
Tomato Big(Nepali),2/17/2024,KG,50,60,55
Tomato Big(Indian),2/17/2024,KG,60,70,65
Onion Dry (Indian),2/17/2024,KG,35,38,36.5
Cabbage(Local),2/17/2024,KG,30,35,32.5
Garlic Dry Chinese,2/17/2024,KG,170,180,175
Tomato Big(Nepali),2/18/2024,KG,50,60,55
Tomato Big(Indian),2/18/2024,KG,60,70,65
Onion Dry (Indian),2/18/2024,KG,35,38,36.5
Cabbage(Local),2/18/2024,KG,30,35,32.5
Garlic Dry Chinese,2/18/2024,KG,170,180,175
Tomato Big(Nepali),2/19/2024,KG,50,60,55
Tomato Big(Indian),2/19/2024,KG,60,70,65
Onion Dry (Indian),2/19/2024,KG,35,38,36.5
Cabbage(Local),2/19/2024,KG,30,35,32.5
Garlic Dry Chinese,2/19/2024,KG,170,180,175
Tomato Big(Nepali),2/20/2024,KG,50,60,55
Tomato Big(Indian),2/20/2024,KG,60,70,65
Onion Dry (Indian),2/20/2024,KG,35,38,36.5
Cabbage(Local),2/20/2024,KG,30,35,32.5
Garlic Dry Chinese,2/20/2024,KG,170,180,175
Tomato Big(Nepali),2/21/2024,KG,50,60,55
Tomato Big(Indian),2/21/2024,KG,60,70,65
Onion Dry (Indian),2/21/2024,KG,35,38,36.5
Cabbage(Local),2/21/2024,KG,30,35,32.5
Garlic Dry Chinese,2/21/2024,KG,170,180,175
Tomato Big(Nepali),2/22/2024,KG,50,60,55
Tomato Big(Indian),2/22/2024,KG,60,70,65
Onion Dry (Indian),2/22/2024,KG,35,38,36.5
Cabbage(Local),2/22/2024,KG,30,35,32.5
Garlic Dry Chinese,2/22/2024,KG,170,180,175
Tomato Big(Nepali),2/23/2024,KG,50,60,55
Tomato Big(Indian),2/23/2024,KG,60,70,65
Onion Dry (Indian),2/23/2024,KG,35,38,36.5
Cabbage(Local),2/23/2024,KG,30,35,32.5
Garlic Dry Chinese,2/23/2024,KG,170,180,175
Tomato Big(Nepali),2/24/2024,KG,50,60,55
Tomato Big(Indian),2/24/2024,KG,60,70,65
Onion Dry (Indian),2/24/2024,KG,35,38,36.5
Cabbage(Local),2/24/2024,KG,30,35,32.5
Garlic Dry Chinese,2/24/2024,KG,170,180,175
Tomato Big(Nepali),2/25/2024,KG,50,60,55
Tomato Big(Indian),2/25/2024,KG,60,70,65
Onion Dry (Indian),2/25/2024,KG,35,38,36.5
Cabbage(Local),2/25/2024,KG,30,35,32.5
Garlic Dry Chinese,2/25/2024,KG,170,180,175
Tomato Big(Nepali),2/26/2024,KG,50,60,55
Tomato Big(Indian),2/26/2024,KG,60,70,65
Onion Dry (Indian),2/26/2024,KG,35,38,36.5
Cabbage(Local),2/26/2024,KG,30,35,32.5
Garlic Dry Chinese,2/26/2024,KG,170,180,175
Tomato Big(Nepali),2/27/2024,KG,50,60,55
Tomato Big(Indian),2/27/2024,KG,60,70,65
Onion Dry (Indian),2/27/2024,KG,35,38,36.5
Cabbage(Local),2/27/2024,KG,30,35,32.5
Garlic Dry Chinese,2/27/2024,KG,170,180,175
Tomato Big(Nepali),2/28/2024,KG,50,60,55
Tomato Big(Indian),2/28/2024,KG,60,70,65
Onion Dry (Indian),2/28/2024,KG,35,38,36.5
Cabbage(Local),2/28/2024,KG,30,35,32.5
Garlic Dry Chinese,2/28/2024,KG,170,180,175
Tomato Big(Nepali),2/29/2024,KG,50,60,55
Tomato Big(Indian),2/29/2024,KG,60,70,65
Onion Dry (Indian),2/29/2024,KG,35,38,36.5
Cabbage(Local),2/29/2024,KG,30,35,32.5
Garlic Dry Chinese,2/29/2024,KG,170,180,175
Tomato Big(Nepali),3/1/2024,KG,50,60,55
Tomato Big(Indian),3/1/2024,KG,60,70,65
Onion Dry (Indian),3/1/2024,KG,35,38,36.5
Cabbage(Local),3/1/2024,KG,30,35,32.5
Garlic Dry Chinese,3/1/2024,KG,170,180,175
Tomato Big(Nepali),3/2/2024,KG,50,60,55
Tomato Big(Indian),3/2/2024,KG,60,70,65
Onion Dry (Indian),3/2/2024,KG,35,38,36.5
Cabbage(Local),3/2/2024,KG,30,35,32.5
Garlic Dry Chinese,3/2/2024,KG,170,180,175
Tomato Big(Nepali),3/3/2024,KG,50,60,55
Tomato Big(Indian),3/3/2024,KG,60,70,65
Onion Dry (Indian),3/3/2024,KG,35,38,36.5
Cabbage(Local),3/3/2024,KG,30,35,32.5
Garlic Dry Chinese,3/3/2024,KG,170,180,175
Tomato Big(Nepali),3/4/2024,KG,50,60,55
Tomato Big(Indian),3/4/2024,KG,60,70,65
Onion Dry (Indian),3/4/2024,KG,35,38,36.5
Cabbage(Local),3/4/2024,KG,30,35,32.5
Garlic Dry Chinese,3/4/2024,KG,170,180,175
Tomato Big(Nepali),3/5/2024,KG,50,60,55
Tomato Big(Indian),3/5/2024,KG,60,70,65
Onion Dry (Indian),3/5/2024,KG,35,38,36.5
Cabbage(Local),3/5/2024,KG,30,35,32.5
Garlic Dry Chinese,3/5/2024,KG,170,180,175
Tomato Big(Nepali),3/6/2024,KG,50,60,55
Tomato Big(Indian),3/6/2024,KG,60,70,65
Onion Dry (Indian),3/6/2024,KG,35,38,36.5
Cabbage(Local),3/6/2024,KG,30,35,32.5
Garlic Dry Chinese,3/6/2024,KG,170,180,175
Tomato Big(Nepali),3/7/2024,KG,50,60,55
Tomato Big(Indian),3/7/2024,KG,60,70,65
Onion Dry (Indian),3/7/2024,KG,35,38,36.5
Cabbage(Local),3/7/2024,KG,30,35,32.5
Garlic Dry Chinese,3/7/2024,KG,170,180,175
Tomato Big(Nepali),3/8/2024,KG,50,60,55
Tomato Big(Indian),3/8/2024,KG,60,70,65
Onion Dry (Indian),3/8/2024,KG,35,38,36.5
Cabbage(Local),3/8/2024,KG,30,35,32.5
Garlic Dry Chinese,3/8/2024,KG,170,180,175
Tomato Big(Nepali),3/9/2024,KG,50,60,55
Tomato Big(Indian),3/9/2024,KG,60,70,65
Onion Dry (Indian),3/9/2024,KG,35,38,36.5
Cabbage(Local),3/9/2024,KG,30,35,32.5
Garlic Dry Chinese,3/9/2024,KG,170,180,175
Tomato Big(Nepali),3/10/2024,KG,50,60,55
Tomato Big(Indian),3/10/2024,KG,60,70,65
Onion Dry (Indian),3/10/2024,KG,35,38,36.5
Cabbage(Local),3/10/2024,KG,30,35,32.5
Garlic Dry Chinese,3/10/2024,KG,170,180,175
Tomato Big(Nepali),3/11/2024,KG,50,60,55
Tomato Big(Indian),3/11/2024,KG,60,70,65
Onion Dry (Indian),3/11/2024,KG,35,38,36.5
Cabbage(Local),3/11/2024,KG,30,35,32.5
Garlic Dry Chinese,3/11/2024,KG,170,180,175
Tomato Big(Nepali),3/12/2024,KG,50,60,55
Tomato Big(Indian),3/12/2024,KG,60,70,65
Onion Dry (Indian),3/12/2024,KG,35,38,36.5
Cabbage(Local),3/12/2024,KG,30,35,32.5
Garlic Dry Chinese,3/12/2024,KG,170,180,175
Tomato Big(Nepali),3/13/2024,KG,50,60,55
Tomato Big(Indian),3/13/2024,KG,60,70,65
Onion Dry (Indian),3/13/2024,KG,35,38,36.5
Cabbage(Local),3/13/2024,KG,30,35,32.5
Garlic Dry Chinese,3/13/2024,KG,170,180,175
Tomato Big(Nepali),3/14/2024,KG,50,60,55
Tomato Big(Indian),3/14/2024,KG,60,70,65
Onion Dry (Indian),3/14/2024,KG,35,38,36.5
Cabbage(Local),3/14/2024,KG,30,35,32.5
Garlic Dry Chinese,3/14/2024,KG,170,180,175
Tomato Big(Nepali),3/15/2024,KG,50,60,55
Tomato Big(Indian),3/15/2024,KG,60,70,65
Onion Dry (Indian),3/15/2024,KG,35,38,36.5
Cabbage(Local),3/15/2024,KG,30,35,32.5
Garlic Dry Chinese,3/15/2024,KG,170,180,175
Tomato Big(Nepali),3/16/2024,KG,50,60,55
Tomato Big(Indian),3/16/2024,KG,60,70,65
Onion Dry (Indian),3/16/2024,KG,35,38,36.5
Cabbage(Local),3/16/2024,KG,30,35,32.5
Garlic Dry Chinese,3/16/2024,KG,170,180,175
Tomato Big(Nepali),3/17/2024,KG,50,60,55
Tomato Big(Indian),3/17/2024,KG,60,70,65
Onion Dry (Indian),3/17/2024,KG,35,38,36.5
Cabbage(Local),3/17/2024,KG,30,35,32.5
Garlic Dry Chinese,3/17/2024,KG,170,180,175
Tomato Big(Nepali),3/18/2024,KG,50,60,55
Tomato Big(Indian),3/18/2024,KG,60,70,65
Onion Dry (Indian),3/18/2024,KG,35,38,36.5
Cabbage(Local),3/18/2024,KG,30,35,32.5
Garlic Dry Chinese,3/18/2024,KG,170,180,175
Tomato Big(Nepali),3/19/2024,KG,50,60,55
Tomato Big(Indian),3/19/2024,KG,60,70,65
Onion Dry (Indian),3/19/2024,KG,35,38,36.5
Cabbage(Local),3/19/2024,KG,30,35,32.5
Garlic Dry Chinese,3/19/2024,KG,170,180,175
Tomato Big(Nepali),3/20/2024,KG,50,60,55
Tomato Big(Indian),3/20/2024,KG,60,70,65
Onion Dry (Indian),3/20/2024,KG,35,38,36.5
Cabbage(Local),3/20/2024,KG,30,35,32.5
Garlic Dry Chinese,3/20/2024,KG,170,180,175
Tomato Big(Nepali),3/21/2024,KG,50,60,55
Tomato Big(Indian),3/21/2024,KG,60,70,65
Onion Dry (Indian),3/21/2024,KG,35,38,36.5
Cabbage(Local),3/21/2024,KG,30,35,32.5
Garlic Dry Chinese,3/21/2024,KG,170,180,175
Tomato Big(Nepali),3/22/2024,KG,50,60,55
Tomato Big(Indian),3/22/2024,KG,60,70,65
Onion Dry (Indian),3/22/2024,KG,35,38,36.5
Cabbage(Local),3/22/2024,KG,30,35,32.5
Garlic Dry Chinese,3/22/2024,KG,170,180,175
Tomato Big(Nepali),3/23/2024,KG,50,60,55
Tomato Big(Indian),3/23/2024,KG,60,70,65
Onion Dry (Indian),3/23/2024,KG,35,38,36.5
Cabbage(Local),3/23/2024,KG,30,35,32.5
Garlic Dry Chinese,3/23/2024,KG,170,180,175
Tomato Big(Nepali),3/24/2024,KG,50,60,55
Tomato Big(Indian),3/24/2024,KG,60,70,65
Onion Dry (Indian),3/24/2024,KG,35,38,36.5
Cabbage(Local),3/24/2024,KG,30,35,32.5
Garlic Dry Chinese,3/24/2024,KG,170,180,175
Tomato Big(Nepali),3/25/2024,KG,50,60,55
Tomato Big(Indian),3/25/2024,KG,60,70,65
Onion Dry (Indian),3/25/2024,KG,35,38,36.5
Cabbage(Local),3/25/2024,KG,30,35,32.5
Garlic Dry Chinese,3/25/2024,KG,170,180,175
Tomato Big(Nepali),3/26/2024,KG,50,60,55
Tomato Big(Indian),3/26/2024,KG,60,70,65
Onion Dry (Indian),3/26/2024,KG,35,38,36.5
Cabbage(Local),3/26/2024,KG,30,35,32.5
Garlic Dry Chinese,3/26/2024,KG,170,180,175
Tomato Big(Nepali),3/27/2024,KG,50,60,55
Tomato Big(Indian),3/27/2024,KG,60,70,65
Onion Dry (Indian),3/27/2024,KG,35,38,36.5
Cabbage(Local),3/27/2024,KG,30,35,32.5
Garlic Dry Chinese,3/27/2024,KG,170,180,175
Tomato Big(Nepali),3/28/2024,KG,50,60,55
Tomato Big(Indian),3/28/2024,KG,60,70,65
Onion Dry (Indian),3/28/2024,KG,35,38,36.5
Cabbage(Local),3/28/2024,KG,30,35,32.5
Garlic Dry Chinese,3/28/2024,KG,170,180,175
Tomato Big(Nepali),3/29/2024,KG,50,60,55
Tomato Big(Indian),3/29/2024,KG,60,70,65
Onion Dry (Indian),3/29/2024,KG,35,38,36.5
Cabbage(Local),3/29/2024,KG,30,35,32.5
Garlic Dry Chinese,3/29/2024,KG,170,180,175
Tomato Big(Nepali),3/30/2024,KG,50,60,55
Tomato Big(Indian),3/30/2024,KG,60,70,65
Onion Dry (Indian),3/30/2024,KG,35,38,36.5
Cabbage(Local),3/30/2024,KG,30,35,32.5
Garlic Dry Chinese,3/30/2024,KG,170,180,175
Tomato Big(Nepali),3/31/2024,KG,50,60,55
Tomato Big(Indian),3/31/2024,KG,60,70,65
Onion Dry (Indian),3/31/2024,KG,35,38,36.5
Cabbage(Local),3/31/2024,KG,30,35,32.5
Garlic Dry Chinese,3/31/2024,KG,170,180,175
Tomato Big(Nepali),4/1/2024,KG,50,60,55
Tomato Big(Indian),4/1/2024,KG,60,70,65
Onion Dry (Indian),4/1/2024,KG,35,38,36.5
Cabbage(Local),4/1/2024,KG,30,35,32.5
Garlic Dry Chinese,4/1/2024,KG,170,180,175
Tomato Big(Nepali),4/2/2024,KG,50,60,55
Tomato Big(Indian),4/2/2024,KG,60,70,65
Onion Dry (Indian),4/2/2024,KG,35,38,36.5
Cabbage(Local),4/2/2024,KG,30,35,32.5
Garlic Dry Chinese,4/2/2024,KG,170,180,175
Tomato Big(Nepali),4/3/2024,KG,50,60,55
Tomato Big(Indian),4/3/2024,KG,60,70,65
Onion Dry (Indian),4/3/2024,KG,35,38,36.5
Cabbage(Local),4/3/2024,KG,30,35,32.5
Garlic Dry Chinese,4/3/2024,KG,170,180,175
Tomato Big(Nepali),4/4/2024,KG,50,60,55
Tomato Big(Indian),4/4/2024,KG,60,70,65
Onion Dry (Indian),4/4/2024,KG,35,38,36.5
Cabbage(Local),4/4/2024,KG,30,35,32.5
Garlic Dry Chinese,4/4/2024,KG,170,180,175
Tomato Big(Nepali),4/5/2024,KG,50,60,55
Tomato Big(Indian),4/5/2024,KG,60,70,65
Onion Dry (Indian),4/5/2024,KG,35,38,36.5
Cabbage(Local),4/5/2024,KG,30,35,32.5
Garlic Dry Chinese,4/5/2024,KG,170,180,175
Tomato Big(Nepali),4/6/2024,KG,50,60,55
Tomato Big(Indian),4/6/2024,KG,60,70,65
Onion Dry (Indian),4/6/2024,KG,35,38,36.5
Cabbage(Local),4/6/2024,KG,30,35,32.5
Garlic Dry Chinese,4/6/2024,KG,170,180,175
Tomato Big(Nepali),4/7/2024,KG,50,60,55
Tomato Big(Indian),4/7/2024,KG,60,70,65
Onion Dry (Indian),4/7/2024,KG,35,38,36.5
Cabbage(Local),4/7/2024,KG,30,35,32.5
Garlic Dry Chinese,4/7/2024,KG,170,180,175
Tomato Big(Nepali),4/8/2024,KG,50,60,55
Tomato Big(Indian),4/8/2024,KG,60,70,65
Onion Dry (Indian),4/8/2024,KG,35,38,36.5
Cabbage(Local),4/8/2024,KG,30,35,32.5
Garlic Dry Chinese,4/8/2024,KG,170,180,175
Tomato Big(Nepali),4/9/2024,KG,50,60,55
Tomato Big(Indian),4/9/2024,KG,60,70,65
Onion Dry (Indian),4/9/2024,KG,35,38,36.5
Cabbage(Local),4/9/2024,KG,30,35,32.5
Garlic Dry Chinese,4/9/2024,KG,170,180,175
Tomato Big(Nepali),4/10/2024,KG,50,60,55
Tomato Big(Indian),4/10/2024,KG,60,70,65
Onion Dry (Indian),4/10/2024,KG,35,38,36.5
Cabbage(Local),4/10/2024,KG,30,35,32.5
Garlic Dry Chinese,4/10/2024,KG,170,180,175
Tomato Big(Nepali),4/11/2024,KG,50,60,55
Tomato Big(Indian),4/11/2024,KG,60,70,65
Onion Dry (Indian),4/11/2024,KG,35,38,36.5
Cabbage(Local),4/11/2024,KG,30,35,32.5
Garlic Dry Chinese,4/11/2024,KG,170,180,175
Tomato Big(Nepali),4/12/2024,KG,50,60,55
Tomato Big(Indian),4/12/2024,KG,60,70,65
Onion Dry (Indian),4/12/2024,KG,35,38,36.5
Cabbage(Local),4/12/2024,KG,30,35,32.5
Garlic Dry Chinese,4/12/2024,KG,170,180,175
Tomato Big(Nepali),4/13/2024,KG,50,60,55
Tomato Big(Indian),4/13/2024,KG,60,70,65
Onion Dry (Indian),4/13/2024,KG,35,38,36.5
Cabbage(Local),4/13/2024,KG,30,35,32.5
Garlic Dry Chinese,4/13/2024,KG,170,180,175
Tomato Big(Nepali),4/14/2024,KG,50,60,55
Tomato Big(Indian),4/14/2024,KG,60,70,65
Onion Dry (Indian),4/14/2024,KG,35,38,36.5
Cabbage(Local),4/14/2024,KG,30,35,32.5
Garlic Dry Chinese,4/14/2024,KG,170,180,175
Tomato Big(Nepali),4/15/2024,KG,50,60,55
Tomato Big(Indian),4/15/2024,KG,60,70,65
Onion Dry (Indian),4/15/2024,KG,35,38,36.5
Cabbage(Local),4/15/2024,KG,30,35,32.5
Garlic Dry Chinese,4/15/2024,KG,170,180,175
Tomato Big(Nepali),4/16/2024,KG,50,60,55
Tomato Big(Indian),4/16/2024,KG,60,70,65
Onion Dry (Indian),4/16/2024,KG,35,38,36.5
Cabbage(Local),4/16/2024,KG,30,35,32.5
Garlic Dry Chinese,4/16/2024,KG,170,180,175
Tomato Big(Nepali),4/17/2024,KG,50,60,55
Tomato Big(Indian),4/17/2024,KG,60,70,65
Onion Dry (Indian),4/17/2024,KG,35,38,36.5
Cabbage(Local),4/17/2024,KG,30,35,32.5
Garlic Dry Chinese,4/17/2024,KG,170,180,175
Tomato Big(Nepali),4/18/2024,KG,50,60,55
Tomato Big(Indian),4/18/2024,KG,60,70,65
Onion Dry (Indian),4/18/2024,KG,35,38,36.5
Cabbage(Local),4/18/2024,KG,30,35,32.5
Garlic Dry Chinese,4/18/2024,KG,170,180,175
Tomato Big(Nepali),4/19/2024,KG,50,60,55
Tomato Big(Indian),4/19/2024,KG,60,70,65
Onion Dry (Indian),4/19/2024,KG,35,38,36.5
Cabbage(Local),4/19/2024,KG,30,35,32.5
Garlic Dry Chinese,4/19/2024,KG,170,180,175
Tomato Big(Nepali),4/20/2024,KG,50,60,55
Tomato Big(Indian),4/20/2024,KG,60,70,65
Onion Dry (Indian),4/20/2024,KG,35,38,36.5
Cabbage(Local),4/20/2024,KG,30,35,32.5
Garlic Dry Chinese,4/20/2024,KG,170,180,175
Tomato Big(Nepali),4/21/2024,KG,50,60,55
Tomato Big(Indian),4/21/2024,KG,60,70,65
Onion Dry (Indian),4/21/2024,KG,35,38,36.5
Cabbage(Local),4/21/2024,KG,30,35,32.5
Garlic Dry Chinese,4/21/2024,KG,170,180,175
Tomato Big(Nepali),4/22/2024,KG,50,60,55
Tomato Big(Indian),4/22/2024,KG,60,70,65
Onion Dry (Indian),4/22/2024,KG,35,38,36.5
Cabbage(Local),4/22/2024,KG,30,35,32.5
Garlic Dry Chinese,4/22/2024,KG,170,180,175
Tomato Big(Nepali),4/23/2024,KG,50,60,55
Tomato Big(Indian),4/23/2024,KG,60,70,65
Onion Dry (Indian),4/23/2024,KG,35,38,36.5
Cabbage(Local),4/23/2024,KG,30,35,32.5
Garlic Dry Chinese,4/23/2024,KG,170,180,175
Tomato Big(Nepali),4/24/2024,KG,50,60,55
Tomato Big(Indian),4/24/2024,KG,60,70,65
Onion Dry (Indian),4/24/2024,KG,35,38,36.5
Cabbage(Local),4/24/2024,KG,30,35,32.5
Garlic Dry Chinese,4/24/2024,KG,170,180,175
Tomato Big(Nepali),4/25/2024,KG,50,60,55
Tomato Big(Indian),4/25/2024,KG,60,70,65
Onion Dry (Indian),4/25/2024,KG,35,38,36.5
Cabbage(Local),4/25/2024,KG,30,35,32.5
Garlic Dry Chinese,4/25/2024,KG,170,180,175
Tomato Big(Nepali),4/26/2024,KG,50,60,55
Tomato Big(Indian),4/26/2024,KG,60,70,65
Onion Dry (Indian),4/26/2024,KG,35,38,36.5
Cabbage(Local),4/26/2024,KG,30,35,32.5
Garlic Dry Chinese,4/26/2024,KG,170,180,175
Tomato Big(Nepali),4/27/2024,KG,50,60,55
Tomato Big(Indian),4/27/2024,KG,60,70,65
Onion Dry (Indian),4/27/2024,KG,35,38,36.5
Cabbage(Local),4/27/2024,KG,30,35,32.5
Garlic Dry Chinese,4/27/2024,KG,170,180,175
Tomato Big(Nepali),4/28/2024,KG,50,60,55
Tomato Big(Indian),4/28/2024,KG,60,70,65
Onion Dry (Indian),4/28/2024,KG,35,38,36.5
Cabbage(Local),4/28/2024,KG,30,35,32.5
Garlic Dry Chinese,4/28/2024,KG,170,180,175
Tomato Big(Nepali),4/29/2024,KG,50,60,55
Tomato Big(Indian),4/29/2024,KG,60,70,65
Onion Dry (Indian),4/29/2024,KG,35,38,36.5
Cabbage(Local),4/29/2024,KG,30,35,32.5
Garlic Dry Chinese,4/29/2024,KG,170,180,175
Tomato Big(Nepali),4/30/2024,KG,50,60,55
Tomato Big(Indian),4/30/2024,KG,60,70,65
Onion Dry (Indian),4/30/2024,KG,35,38,36.5
Cabbage(Local),4/30/2024,KG,30,35,32.5
Garlic Dry Chinese,4/30/2024,KG,170,180,175
Tomato Big(Nepali),5/1/2024,KG,50,60,55
Tomato Big(Indian),5/1/2024,KG,60,70,65
Onion Dry (Indian),5/1/2024,KG,35,38,36.5
Cabbage(Local),5/1/2024,KG,30,35,32.5
Garlic Dry Chinese,5/1/2024,KG,170,180,175
Tomato Big(Nepali),5/2/2024,KG,50,60,55
Tomato Big(Indian),5/2/2024,KG,60,70,65
Onion Dry (Indian),5/2/2024,KG,35,38,36.5
Cabbage(Local),5/2/2024,KG,30,35,32.5
Garlic Dry Chinese,5/2/2024,KG,170,180,175
Tomato Big(Nepali),5/3/2024,KG,50,60,55
Tomato Big(Indian),5/3/2024,KG,60,70,65
Onion Dry (Indian),5/3/2024,KG,35,38,36.5
Cabbage(Local),5/3/2024,KG,30,35,32.5
Garlic Dry Chinese,5/3/2024,KG,170,180,175
Tomato Big(Nepali),5/4/2024,KG,50,60,55
Tomato Big(Indian),5/4/2024,KG,60,70,65
Onion Dry (Indian),5/4/2024,KG,35,38,36.5
Cabbage(Local),5/4/2024,KG,30,35,32.5
Garlic Dry Chinese,5/4/2024,KG,170,180,175
Tomato Big(Nepali),5/5/2024,KG,50,60,55
Tomato Big(Indian),5/5/2024,KG,60,70,65
Onion Dry (Indian),5/5/2024,KG,35,38,36.5
Cabbage(Local),5/5/2024,KG,30,35,32.5
Garlic Dry Chinese,5/5/2024,KG,170,180,175
Tomato Big(Nepali),5/6/2024,KG,50,60,55
Tomato Big(Indian),5/6/2024,KG,60,70,65
Onion Dry (Indian),5/6/2024,KG,35,38,36.5
Cabbage(Local),5/6/2024,KG,30,35,32.5
Garlic Dry Chinese,5/6/2024,KG,170,180,175
Tomato Big(Nepali),5/7/2024,KG,50,60,55
Tomato Big(Indian),5/7/2024,KG,60,70,65
Onion Dry (Indian),5/7/2024,KG,35,38,36.5
Cabbage(Local),5/7/2024,KG,30,35,32.5
Garlic Dry Chinese,5/7/2024,KG,170,180,175
Tomato Big(Nepali),5/8/2024,KG,50,60,55
Tomato Big(Indian),5/8/2024,KG,60,70,65
Onion Dry (Indian),5/8/2024,KG,35,38,36.5
Cabbage(Local),5/8/2024,KG,30,35,32.5
Garlic Dry Chinese,5/8/2024,KG,170,180,175
Tomato Big(Nepali),5/9/2024,KG,50,60,55
Tomato Big(Indian),5/9/2024,KG,60,70,65
Onion Dry (Indian),5/9/2024,KG,35,38,36.5
Cabbage(Local),5/9/2024,KG,30,35,32.5
Garlic Dry Chinese,5/9/2024,KG,170,180,175
Tomato Big(Nepali),5/10/2024,KG,50,60,55
Tomato Big(Indian),5/10/2024,KG,60,70,65
Onion Dry (Indian),5/10/2024,KG,35,38,36.5
Cabbage(Local),5/10/2024,KG,30,35,32.5
Garlic Dry Chinese,5/10/2024,KG,170,180,175
Tomato Big(Nepali),5/11/2024,KG,50,60,55
Tomato Big(Indian),5/11/2024,KG,60,70,65
Onion Dry (Indian),5/11/2024,KG,35,38,36.5
Cabbage(Local),5/11/2024,KG,30,35,32.5
Garlic Dry Chinese,5/11/2024,KG,170,180,175
Tomato Big(Nepali),5/12/2024,KG,50,60,55
Tomato Big(Indian),5/12/2024,KG,60,70,65
Onion Dry (Indian),5/12/2024,KG,35,38,36.5
Cabbage(Local),5/12/2024,KG,30,35,32.5
Garlic Dry Chinese,5/12/2024,KG,170,180,175
Tomato Big(Nepali),5/13/2024,KG,50,60,55
Tomato Big(Indian),5/13/2024,KG,60,70,65
Onion Dry (Indian),5/13/2024,KG,35,38,36.5
Cabbage(Local),5/13/2024,KG,30,35,32.5
Garlic Dry Chinese,5/13/2024,KG,170,180,175
Tomato Big(Nepali),5/14/2024,KG,50,60,55
Tomato Big(Indian),5/14/2024,KG,60,70,65
Onion Dry (Indian),5/14/2024,KG,35,38,36.5
Cabbage(Local),5/14/2024,KG,30,35,32.5
Garlic Dry Chinese,5/14/2024,KG,170,180,175
Tomato Big(Nepali),5/15/2024,KG,50,60,55
Tomato Big(Indian),5/15/2024,KG,60,70,65
Onion Dry (Indian),5/15/2024,KG,35,38,36.5
Cabbage(Local),5/15/2024,KG,30,35,32.5
Garlic Dry Chinese,5/15/2024,KG,170,180,175
Tomato Big(Nepali),5/16/2024,KG,50,60,55
Tomato Big(Indian),5/16/2024,KG,60,70,65
Onion Dry (Indian),5/16/2024,KG,35,38,36.5
Cabbage(Local),5/16/2024,KG,30,35,32.5
Garlic Dry Chinese,5/16/2024,KG,170,180,175
Tomato Big(Nepali),5/17/2024,KG,50,60,55
Tomato Big(Indian),5/17/2024,KG,60,70,65
Onion Dry (Indian),5/17/2024,KG,35,38,36.5
Cabbage(Local),5/17/2024,KG,30,35,32.5
Garlic Dry Chinese,5/17/2024,KG,170,180,175
Tomato Big(Nepali),5/18/2024,KG,50,60,55
Tomato Big(Indian),5/18/2024,KG,60,70,65
Onion Dry (Indian),5/18/2024,KG,35,38,36.5
Cabbage(Local),5/18/2024,KG,30,35,32.5
Garlic Dry Chinese,5/18/2024,KG,170,180,175
Tomato Big(Nepali),5/19/2024,KG,50,60,55
Tomato Big(Indian),5/19/2024,KG,60,70,65
Onion Dry (Indian),5/19/2024,KG,35,38,36.5
Cabbage(Local),5/19/2024,KG,30,35,32.5
Garlic Dry Chinese,5/19/2024,KG,170,180,175
Tomato Big(Nepali),5/20/2024,KG,50,60,55
Tomato Big(Indian),5/20/2024,KG,60,70,65
Onion Dry (Indian),5/20/2024,KG,35,38,36.5
Cabbage(Local),5/20/2024,KG,30,35,32.5
Garlic Dry Chinese,5/20/2024,KG,170,180,175
Tomato Big(Nepali),5/21/2024,KG,50,60,55
Tomato Big(Indian),5/21/2024,KG,60,70,65
Onion Dry (Indian),5/21/2024,KG,35,38,36.5
Cabbage(Local),5/21/2024,KG,30,35,32.5
Garlic Dry Chinese,5/21/2024,KG,170,180,175
Tomato Big(Nepali),5/22/2024,KG,50,60,55
Tomato Big(Indian),5/22/2024,KG,60,70,65
Onion Dry (Indian),5/22/2024,KG,35,38,36.5
Cabbage(Local),5/22/2024,KG,30,35,32.5
Garlic Dry Chinese,5/22/2024,KG,170,180,175
Tomato Big(Nepali),5/23/2024,KG,50,60,55
Tomato Big(Indian),5/23/2024,KG,60,70,65
Onion Dry (Indian),5/23/2024,KG,35,38,36.5
Cabbage(Local),5/23/2024,KG,30,35,32.5
Garlic Dry Chinese,5/23/2024,KG,170,180,175
Tomato Big(Nepali),5/24/2024,KG,50,60,55
Tomato Big(Indian),5/24/2024,KG,60,70,65
Onion Dry (Indian),5/24/2024,KG,35,38,36.5
Cabbage(Local),5/24/2024,KG,30,35,32.5
Garlic Dry Chinese,5/24/2024,KG,170,180,175
Tomato Big(Nepali),5/25/2024,KG,50,60,55
Tomato Big(Indian),5/25/2024,KG,60,70,65
Onion Dry (Indian),5/25/2024,KG,35,38,36.5
Cabbage(Local),5/25/2024,KG,30,35,32.5
Garlic Dry Chinese,5/25/2024,KG,170,180,175
Tomato Big(Nepali),5/26/2024,KG,50,60,55
Tomato Big(Indian),5/26/2024,KG,60,70,65
Onion Dry (Indian),5/26/2024,KG,35,38,36.5
Cabbage(Local),5/26/2024,KG,30,35,32.5
Garlic Dry Chinese,5/26/2024,KG,170,180,175
Tomato Big(Nepali),5/27/2024,KG,50,60,55
Tomato Big(Indian),5/27/2024,KG,60,70,65
Onion Dry (Indian),5/27/2024,KG,35,38,36.5
Cabbage(Local),5/27/2024,KG,30,35,32.5
Garlic Dry Chinese,5/27/2024,KG,170,180,175
Tomato Big(Nepali),5/28/2024,KG,50,60,55
Tomato Big(Indian),5/28/2024,KG,60,70,65
Onion Dry (Indian),5/28/2024,KG,35,38,36.5
Cabbage(Local),5/28/2024,KG,30,35,32.5
Garlic Dry Chinese,5/28/2024,KG,170,180,175
Tomato Big(Nepali),5/29/2024,KG,50,60,55
Tomato Big(Indian),5/29/2024,KG,60,70,65
Onion Dry (Indian),5/29/2024,KG,35,38,36.5
Cabbage(Local),5/29/2024,KG,30,35,32.5
Garlic Dry Chinese,5/29/2024,KG,170,180,175
Tomato Big(Nepali),5/30/2024,KG,50,60,55
Tomato Big(Indian),5/30/2024,KG,60,70,65
Onion Dry (Indian),5/30/2024,KG,35,38,36.5
Cabbage(Local),5/30/2024,KG,30,35,32.5
Garlic Dry Chinese,5/30/2024,KG,170,180,175
Tomato Big(Nepali),5/31/2024,KG,50,60,55
Tomato Big(Indian),5/31/2024,KG,60,70,65
Onion Dry (Indian),5/31/2024,KG,35,38,36.5
Cabbage(Local),5/31/2024,KG,30,35,32.5
Garlic Dry Chinese,5/31/2024,KG,170,180,175
Tomato Big(Nepali),6/1/2024,KG,50,60,55
Tomato Big(Indian),6/1/2024,KG,60,70,65
Onion Dry (Indian),6/1/2024,KG,35,38,36.5
Cabbage(Local),6/1/2024,KG,30,35,32.5
Garlic Dry Chinese,6/1/2024,KG,170,180,175
Tomato Big(Nepali),6/2/2024,KG,50,60,55
Tomato Big(Indian),6/2/2024,KG,60,70,65
Onion Dry (Indian),6/2/2024,KG,35,38,36.5
Cabbage(Local),6/2/2024,KG,30,35,32.5
Garlic Dry Chinese,6/2/2024,KG,170,180,175
Tomato Big(Nepali),6/3/2024,KG,50,60,55
Tomato Big(Indian),6/3/2024,KG,60,70,65
Onion Dry (Indian),6/3/2024,KG,35,38,36.5
Cabbage(Local),6/3/2024,KG,30,35,32.5
Garlic Dry Chinese,6/3/2024,KG,170,180,175
Tomato Big(Nepali),6/4/2024,KG,50,60,55
Tomato Big(Indian),6/4/2024,KG,60,70,65
Onion Dry (Indian),6/4/2024,KG,35,38,36.5
Cabbage(Local),6/4/2024,KG,30,35,32.5
Garlic Dry Chinese,6/4/2024,KG,170,180,175
Tomato Big(Nepali),6/5/2024,KG,50,60,55
Tomato Big(Indian),6/5/2024,KG,60,70,65
Onion Dry (Indian),6/5/2024,KG,35,38,36.5
Cabbage(Local),6/5/2024,KG,30,35,32.5
Garlic Dry Chinese,6/5/2024,KG,170,180,175
Tomato Big(Nepali),6/6/2024,KG,50,60,55
Tomato Big(Indian),6/6/2024,KG,60,70,65
Onion Dry (Indian),6/6/2024,KG,35,38,36.5
Cabbage(Local),6/6/2024,KG,30,35,32.5
Garlic Dry Chinese,6/6/2024,KG,170,180,175
Tomato Big(Nepali),6/7/2024,KG,50,60,55
Tomato Big(Indian),6/7/2024,KG,60,70,65
Onion Dry (Indian),6/7/2024,KG,35,38,36.5
Cabbage(Local),6/7/2024,KG,30,35,32.5
Garlic Dry Chinese,6/7/2024,KG,170,180,175
Tomato Big(Nepali),6/8/2024,KG,50,60,55
Tomato Big(Indian),6/8/2024,KG,60,70,65
Onion Dry (Indian),6/8/2024,KG,35,38,36.5
Cabbage(Local),6/8/2024,KG,30,35,32.5
Garlic Dry Chinese,6/8/2024,KG,170,180,175
Tomato Big(Nepali),6/9/2024,KG,50,60,55
Tomato Big(Indian),6/9/2024,KG,60,70,65
Onion Dry (Indian),6/9/2024,KG,35,38,36.5
Cabbage(Local),6/9/2024,KG,30,35,32.5
Garlic Dry Chinese,6/9/2024,KG,170,180,175
Tomato Big(Nepali),6/10/2024,KG,50,60,55
Tomato Big(Indian),6/10/2024,KG,60,70,65
Onion Dry (Indian),6/10/2024,KG,35,38,36.5
Cabbage(Local),6/10/2024,KG,30,35,32.5
Garlic Dry Chinese,6/10/2024,KG,170,180,175
Tomato Big(Nepali),6/11/2024,KG,50,60,55
Tomato Big(Indian),6/11/2024,KG,60,70,65
Onion Dry (Indian),6/11/2024,KG,35,38,36.5
Cabbage(Local),6/11/2024,KG,30,35,32.5
Garlic Dry Chinese,6/11/2024,KG,170,180,175
Tomato Big(Nepali),6/12/2024,KG,50,60,55
Tomato Big(Indian),6/12/2024,KG,60,70,65
Onion Dry (Indian),6/12/2024,KG,35,38,36.5
Cabbage(Local),6/12/2024,KG,30,35,32.5
Garlic Dry Chinese,6/12/2024,KG,170,180,175
Tomato Big(Nepali),6/13/2024,KG,50,60,55
Tomato Big(Indian),6/13/2024,KG,60,70,65
Onion Dry (Indian),6/13/2024,KG,35,38,36.5
Cabbage(Local),6/13/2024,KG,30,35,32.5
Garlic Dry Chinese,6/13/2024,KG,170,180,175
Tomato Big(Nepali),6/14/2024,KG,50,60,55
Tomato Big(Indian),6/14/2024,KG,60,70,65
Onion Dry (Indian),6/14/2024,KG,35,38,36.5
Cabbage(Local),6/14/2024,KG,30,35,32.5
Garlic Dry Chinese,6/14/2024,KG,170,180,175
Tomato Big(Nepali),6/15/2024,KG,50,60,55
Tomato Big(Indian),6/15/2024,KG,60,70,65
Onion Dry (Indian),6/15/2024,KG,35,38,36.5
Cabbage(Local),6/15/2024,KG,30,35,32.5
Garlic Dry Chinese,6/15/2024,KG,170,180,175
Tomato Big(Nepali),6/16/2024,KG,50,60,55
Tomato Big(Indian),6/16/2024,KG,60,70,65
Onion Dry (Indian),6/16/2024,KG,35,38,36.5
Cabbage(Local),6/16/2024,KG,30,35,32.5
Garlic Dry Chinese,6/16/2024,KG,170,180,175
Tomato Big(Nepali),6/17/2024,KG,50,60,55
Tomato Big(Indian),6/17/2024,KG,60,70,65
Onion Dry (Indian),6/17/2024,KG,35,38,36.5
Cabbage(Local),6/17/2024,KG,30,35,32.5
Garlic Dry Chinese,6/17/2024,KG,170,180,175
Tomato Big(Nepali),6/18/2024,KG,50,60,55
Tomato Big(Indian),6/18/2024,KG,60,70,65
Onion Dry (Indian),6/18/2024,KG,35,38,36.5
Cabbage(Local),6/18/2024,KG,30,35,32.5
Garlic Dry Chinese,6/18/2024,KG,170,180,175
Tomato Big(Nepali),6/19/2024,KG,50,60,55
Tomato Big(Indian),6/19/2024,KG,60,70,65
Onion Dry (Indian),6/19/2024,KG,35,38,36.5
Cabbage(Local),6/19/2024,KG,30,35,32.5
Garlic Dry Chinese,6/19/2024,KG,170,180,175
Tomato Big(Nepali),6/20/2024,KG,50,60,55
Tomato Big(Indian),6/20/2024,KG,60,70,65
Onion Dry (Indian),6/20/2024,KG,35,38,36.5
Cabbage(Local),6/20/2024,KG,30,35,32.5
Garlic Dry Chinese,6/20/2024,KG,170,180,175
Tomato Big(Nepali),6/21/2024,KG,50,60,55
Tomato Big(Indian),6/21/2024,KG,60,70,65
Onion Dry (Indian),6/21/2024,KG,35,38,36.5
Cabbage(Local),6/21/2024,KG,30,35,32.5
Garlic Dry Chinese,6/21/2024,KG,170,180,175
Tomato Big(Nepali),6/22/2024,KG,50,60,55
Tomato Big(Indian),6/22/2024,KG,60,70,65
Onion Dry (Indian),6/22/2024,KG,35,38,36.5
Cabbage(Local),6/22/2024,KG,30,35,32.5
Garlic Dry Chinese,6/22/2024,KG,170,180,175
Tomato Big(Nepali),6/23/2024,KG,50,60,55
Tomato Big(Indian),6/23/2024,KG,60,70,65
Onion Dry (Indian),6/23/2024,KG,35,38,36.5
Cabbage(Local),6/23/2024,KG,30,35,32.5
Garlic Dry Chinese,6/23/2024,KG,170,180,175
Tomato Big(Nepali),6/24/2024,KG,50,60,55
Tomato Big(Indian),6/24/2024,KG,60,70,65
Onion Dry (Indian),6/24/2024,KG,35,38,36.5
Cabbage(Local),6/24/2024,KG,30,35,32.5
Garlic Dry Chinese,6/24/2024,KG,170,180,175
Tomato Big(Nepali),6/25/2024,KG,50,60,55
Tomato Big(Indian),6/25/2024,KG,60,70,65
Onion Dry (Indian),6/25/2024,KG,35,38,36.5
Cabbage(Local),6/25/2024,KG,30,35,32.5
Garlic Dry Chinese,6/25/2024,KG,170,180,175
Tomato Big(Nepali),6/26/2024,KG,50,60,55
Tomato Big(Indian),6/26/2024,KG,60,70,65
Onion Dry (Indian),6/26/2024,KG,35,38,36.5
Cabbage(Local),6/26/2024,KG,30,35,32.5
Garlic Dry Chinese,6/26/2024,KG,170,180,175
Tomato Big(Nepali),6/27/2024,KG,50,60,55
Tomato Big(Indian),6/27/2024,KG,60,70,65
Onion Dry (Indian),6/27/2024,KG,35,38,36.5
Cabbage(Local),6/27/2024,KG,30,35,32.5
Garlic Dry Chinese,6/27/2024,KG,170,180,175
Tomato Big(Nepali),6/28/2024,KG,50,60,55
Tomato Big(Indian),6/28/2024,KG,60,70,65
Onion Dry (Indian),6/28/2024,KG,35,38,36.5
Cabbage(Local),6/28/2024,KG,30,35,32.5
Garlic Dry Chinese,6/28/2024,KG,170,180,175
Tomato Big(Nepali),6/29/2024,KG,50,60,55
Tomato Big(Indian),6/29/2024,KG,60,70,65
Onion Dry (Indian),6/29/2024,KG,35,38,36.5
Cabbage(Local),6/29/2024,KG,30,35,32.5
Garlic Dry Chinese,6/29/2024,KG,170,180,175
Tomato Big(Nepali),6/30/2024,KG,50,60,55
Tomato Big(Indian),6/30/2024,KG,60,70,65
Onion Dry (Indian),6/30/2024,KG,35,38,36.5
Cabbage(Local),6/30/2024,KG,30,35,32.5
Garlic Dry Chinese,6/30/2024,KG,170,180,175
Tomato Big(Nepali),7/1/2024,KG,50,60,55
Tomato Big(Indian),7/1/2024,KG,60,70,65
Onion Dry (Indian),7/1/2024,KG,35,38,36.5
Cabbage(Local),7/1/2024,KG,30,35,32.5
Garlic Dry Chinese,7/1/2024,KG,170,180,175
Tomato Big(Nepali),7/2/2024,KG,50,60,55
Tomato Big(Indian),7/2/2024,KG,60,70,65
Onion Dry (Indian),7/2/2024,KG,35,38,36.5
Cabbage(Local),7/2/2024,KG,30,35,32.5
Garlic Dry Chinese,7/2/2024,KG,170,180,175
Tomato Big(Nepali),7/3/2024,KG,50,60,55
Tomato Big(Indian),7/3/2024,KG,60,70,65
Onion Dry (Indian),7/3/2024,KG,35,38,36.5
Cabbage(Local),7/3/2024,KG,30,35,32.5
Garlic Dry Chinese,7/3/2024,KG,170,180,175
Tomato Big(Nepali),7/4/2024,KG,50,60,55
Tomato Big(Indian),7/4/2024,KG,60,70,65
Onion Dry (Indian),7/4/2024,KG,35,38,36.5
Cabbage(Local),7/4/2024,KG,30,35,32.5
Garlic Dry Chinese,7/4/2024,KG,170,180,175
Tomato Big(Nepali),7/5/2024,KG,50,60,55
Tomato Big(Indian),7/5/2024,KG,60,70,65
Onion Dry (Indian),7/5/2024,KG,35,38,36.5
Cabbage(Local),7/5/2024,KG,30,35,32.5
Garlic Dry Chinese,7/5/2024,KG,170,180,175
Tomato Big(Nepali),7/6/2024,KG,50,60,55
Tomato Big(Indian),7/6/2024,KG,60,70,65
Onion Dry (Indian),7/6/2024,KG,35,38,36.5
Cabbage(Local),7/6/2024,KG,30,35,32.5
Garlic Dry Chinese,7/6/2024,KG,170,180,175
Tomato Big(Nepali),7/7/2024,KG,50,60,55
Tomato Big(Indian),7/7/2024,KG,60,70,65
Onion Dry (Indian),7/7/2024,KG,35,38,36.5
Cabbage(Local),7/7/2024,KG,30,35,32.5
Garlic Dry Chinese,7/7/2024,KG,170,180,175
Tomato Big(Nepali),7/8/2024,KG,50,60,55
Tomato Big(Indian),7/8/2024,KG,60,70,65
Onion Dry (Indian),7/8/2024,KG,35,38,36.5
Cabbage(Local),7/8/2024,KG,30,35,32.5
Garlic Dry Chinese,7/8/2024,KG,170,180,175
Tomato Big(Nepali),7/9/2024,KG,50,60,55
Tomato Big(Indian),7/9/2024,KG,60,70,65
Onion Dry (Indian),7/9/2024,KG,35,38,36.5
Cabbage(Local),7/9/2024,KG,30,35,32.5
Garlic Dry Chinese,7/9/2024,KG,170,180,175
Tomato Big(Nepali),7/10/2024,KG,50,60,55
Tomato Big(Indian),7/10/2024,KG,60,70,65
Onion Dry (Indian),7/10/2024,KG,35,38,36.5
Cabbage(Local),7/10/2024,KG,30,35,32.5
Garlic Dry Chinese,7/10/2024,KG,170,180,175
Tomato Big(Nepali),7/11/2024,KG,50,60,55
Tomato Big(Indian),7/11/2024,KG,60,70,65
Onion Dry (Indian),7/11/2024,KG,35,38,36.5
Cabbage(Local),7/11/2024,KG,30,35,32.5
Garlic Dry Chinese,7/11/2024,KG,170,180,175
Tomato Big(Nepali),7/12/2024,KG,50,60,55
Tomato Big(Indian),7/12/2024,KG,60,70,65
Onion Dry (Indian),7/12/2024,KG,35,38,36.5
Cabbage(Local),7/12/2024,KG,30,35,32.5
Garlic Dry Chinese,7/12/2024,KG,170,180,175
Tomato Big(Nepali),7/13/2024,KG,50,60,55
Tomato Big(Indian),7/13/2024,KG,60,70,65
Onion Dry (Indian),7/13/2024,KG,35,38,36.5
Cabbage(Local),7/13/2024,KG,30,35,32.5
Garlic Dry Chinese,7/13/2024,KG,170,180,175
Tomato Big(Nepali),7/14/2024,KG,50,60,55
Tomato Big(Indian),7/14/2024,KG,60,70,65
Onion Dry (Indian),7/14/2024,KG,35,38,36.5
Cabbage(Local),7/14/2024,KG,30,35,32.5
Garlic Dry Chinese,7/14/2024,KG,170,180,175
Tomato Big(Nepali),7/15/2024,KG,50,60,55
Tomato Big(Indian),7/15/2024,KG,60,70,65
Onion Dry (Indian),7/15/2024,KG,35,38,36.5
Cabbage(Local),7/15/2024,KG,30,35,32.5
Garlic Dry Chinese,7/15/2024,KG,170,180,175
Tomato Big(Nepali),7/16/2024,KG,50,60,55
Tomato Big(Indian),7/16/2024,KG,60,70,65
Onion Dry (Indian),7/16/2024,KG,35,38,36.5
Cabbage(Local),7/16/2024,KG,30,35,32.5
Garlic Dry Chinese,7/16/2024,KG,170,180,175
Tomato Big(Nepali),7/17/2024,KG,50,60,55
Tomato Big(Indian),7/17/2024,KG,60,70,65
Onion Dry (Indian),7/17/2024,KG,35,38,36.5
Cabbage(Local),7/17/2024,KG,30,35,32.5
Garlic Dry Chinese,7/17/2024,KG,170,180,175
Tomato Big(Nepali),7/18/2024,KG,50,60,55
Tomato Big(Indian),7/18/2024,KG,60,70,65
Onion Dry (Indian),7/18/2024,KG,35,38,36.5
Cabbage(Local),7/18/2024,KG,30,35,32.5
Garlic Dry Chinese,7/18/2024,KG,170,180,175
Tomato Big(Nepali),7/19/2024,KG,50,60,55
Tomato Big(Indian),7/19/2024,KG,60,70,65
Onion Dry (Indian),7/19/2024,KG,35,38,36.5
Cabbage(Local),7/19/2024,KG,30,35,32.5
Garlic Dry Chinese,7/19/2024,KG,170,180,175
Tomato Big(Nepali),7/20/2024,KG,50,60,55
Tomato Big(Indian),7/20/2024,KG,60,70,65
Onion Dry (Indian),7/20/2024,KG,35,38,36.5
Cabbage(Local),7/20/2024,KG,30,35,32.5
Garlic Dry Chinese,7/20/2024,KG,170,180,175
Tomato Big(Nepali),7/21/2024,KG,50,60,55
Tomato Big(Indian),7/21/2024,KG,60,70,65
Onion Dry (Indian),7/21/2024,KG,35,38,36.5
Cabbage(Local),7/21/2024,KG,30,35,32.5
Garlic Dry Chinese,7/21/2024,KG,170,180,175
Tomato Big(Nepali),7/22/2024,KG,50,60,55
Tomato Big(Indian),7/22/2024,KG,60,70,65
Onion Dry (Indian),7/22/2024,KG,35,38,36.5
Cabbage(Local),7/22/2024,KG,30,35,32.5
Garlic Dry Chinese,7/22/2024,KG,170,180,175
Tomato Big(Nepali),7/23/2024,KG,50,60,55
Tomato Big(Indian),7/23/2024,KG,60,70,65
Onion Dry (Indian),7/23/2024,KG,35,38,36.5
Cabbage(Local),7/23/2024,KG,30,35,32.5
Garlic Dry Chinese,7/23/2024,KG,170,180,175
Tomato Big(Nepali),7/24/2024,KG,50,60,55
Tomato Big(Indian),7/24/2024,KG,60,70,65
Onion Dry (Indian),7/24/2024,KG,35,38,36.5
Cabbage(Local),7/24/2024,KG,30,35,32.5
Garlic Dry Chinese,7/24/2024,KG,170,180,175
Tomato Big(Nepali),7/25/2024,KG,50,60,55
Tomato Big(Indian),7/25/2024,KG,60,70,65
Onion Dry (Indian),7/25/2024,KG,35,38,36.5
Cabbage(Local),7/25/2024,KG,30,35,32.5
Garlic Dry Chinese,7/25/2024,KG,170,180,175
Tomato Big(Nepali),7/26/2024,KG,50,60,55
Tomato Big(Indian),7/26/2024,KG,60,70,65
Onion Dry (Indian),7/26/2024,KG,35,38,36.5
Cabbage(Local),7/26/2024,KG,30,35,32.5
Garlic Dry Chinese,7/26/2024,KG,170,180,175
Tomato Big(Nepali),7/27/2024,KG,50,60,55
Tomato Big(Indian),7/27/2024,KG,60,70,65
Onion Dry (Indian),7/27/2024,KG,35,38,36.5
Cabbage(Local),7/27/2024,KG,30,35,32.5
Garlic Dry Chinese,7/27/2024,KG,170,180,175
Tomato Big(Nepali),7/28/2024,KG,50,60,55
Tomato Big(Indian),7/28/2024,KG,60,70,65
Onion Dry (Indian),7/28/2024,KG,35,38,36.5
Cabbage(Local),7/28/2024,KG,30,35,32.5
Garlic Dry Chinese,7/28/2024,KG,170,180,175
Tomato Big(Nepali),7/29/2024,KG,50,60,55
Tomato Big(Indian),7/29/2024,KG,60,70,65
Onion Dry (Indian),7/29/2024,KG,35,38,36.5
Cabbage(Local),7/29/2024,KG,30,35,32.5
Garlic Dry Chinese,7/29/2024,KG,170,180,175
Tomato Big(Nepali),7/30/2024,KG,50,60,55
Tomato Big(Indian),7/30/2024,KG,60,70,65
Onion Dry (Indian),7/30/2024,KG,35,38,36.5
Cabbage(Local),7/30/2024,KG,30,35,32.5
Garlic Dry Chinese,7/30/2024,KG,170,180,175
Tomato Big(Nepali),7/31/2024,KG,50,60,55
Tomato Big(Indian),7/31/2024,KG,60,70,65
Onion Dry (Indian),7/31/2024,KG,35,38,36.5
Cabbage(Local),7/31/2024,KG,30,35,32.5
Garlic Dry Chinese,7/31/2024,KG,170,180,175
Tomato Big(Nepali),8/1/2024,KG,50,60,55
Tomato Big(Indian),8/1/2024,KG,60,70,65
Onion Dry (Indian),8/1/2024,KG,35,38,36.5
Cabbage(Local),8/1/2024,KG,30,35,32.5
Garlic Dry Chinese,8/1/2024,KG,170,180,175
Tomato Big(Nepali),8/2/2024,KG,50,60,55
Tomato Big(Indian),8/2/2024,KG,60,70,65
Onion Dry (Indian),8/2/2024,KG,35,38,36.5
Cabbage(Local),8/2/2024,KG,30,35,32.5
Garlic Dry Chinese,8/2/2024,KG,170,180,175
Tomato Big(Nepali),8/3/2024,KG,50,60,55
Tomato Big(Indian),8/3/2024,KG,60,70,65
Onion Dry (Indian),8/3/2024,KG,35,38,36.5
Cabbage(Local),8/3/2024,KG,30,35,32.5
Garlic Dry Chinese,8/3/2024,KG,170,180,175
Tomato Big(Nepali),8/4/2024,KG,50,60,55
Tomato Big(Indian),8/4/2024,KG,60,70,65
Onion Dry (Indian),8/4/2024,KG,35,38,36.5
Cabbage(Local),8/4/2024,KG,30,35,32.5
Garlic Dry Chinese,8/4/2024,KG,170,180,175
Tomato Big(Nepali),8/5/2024,KG,50,60,55
Tomato Big(Indian),8/5/2024,KG,60,70,65
Onion Dry (Indian),8/5/2024,KG,35,38,36.5
Cabbage(Local),8/5/2024,KG,30,35,32.5
Garlic Dry Chinese,8/5/2024,KG,170,180,175
Tomato Big(Nepali),8/6/2024,KG,50,60,55
Tomato Big(Indian),8/6/2024,KG,60,70,65
Onion Dry (Indian),8/6/2024,KG,35,38,36.5
Cabbage(Local),8/6/2024,KG,30,35,32.5
Garlic Dry Chinese,8/6/2024,KG,170,180,175
Tomato Big(Nepali),8/7/2024,KG,50,60,55
Tomato Big(Indian),8/7/2024,KG,60,70,65
Onion Dry (Indian),8/7/2024,KG,35,38,36.5
Cabbage(Local),8/7/2024,KG,30,35,32.5
Garlic Dry Chinese,8/7/2024,KG,170,180,175
Tomato Big(Nepali),8/8/2024,KG,50,60,55
Tomato Big(Indian),8/8/2024,KG,60,70,65
Onion Dry (Indian),8/8/2024,KG,35,38,36.5
Cabbage(Local),8/8/2024,KG,30,35,32.5
Garlic Dry Chinese,8/8/2024,KG,170,180,175
Tomato Big(Nepali),8/9/2024,KG,50,60,55
Tomato Big(Indian),8/9/2024,KG,60,70,65
Onion Dry (Indian),8/9/2024,KG,35,38,36.5
Cabbage(Local),8/9/2024,KG,30,35,32.5
Garlic Dry Chinese,8/9/2024,KG,170,180,175
Tomato Big(Nepali),8/10/2024,KG,50,60,55
Tomato Big(Indian),8/10/2024,KG,60,70,65
Onion Dry (Indian),8/10/2024,KG,35,38,36.5
Cabbage(Local),8/10/2024,KG,30,35,32.5
Garlic Dry Chinese,8/10/2024,KG,170,180,175
Tomato Big(Nepali),8/11/2024,KG,50,60,55
Tomato Big(Indian),8/11/2024,KG,60,70,65
Onion Dry (Indian),8/11/2024,KG,35,38,36.5
Cabbage(Local),8/11/2024,KG,30,35,32.5
Garlic Dry Chinese,8/11/2024,KG,170,180,175
Tomato Big(Nepali),8/12/2024,KG,50,60,55
Tomato Big(Indian),8/12/2024,KG,60,70,65
Onion Dry (Indian),8/12/2024,KG,35,38,36.5
Cabbage(Local),8/12/2024,KG,30,35,32.5
Garlic Dry Chinese,8/12/2024,KG,170,180,175
Tomato Big(Nepali),8/13/2024,KG,50,60,55
Tomato Big(Indian),8/13/2024,KG,60,70,65
Onion Dry (Indian),8/13/2024,KG,35,38,36.5
Cabbage(Local),8/13/2024,KG,30,35,32.5
Garlic Dry Chinese,8/13/2024,KG,170,180,175
Tomato Big(Nepali),8/14/2024,KG,50,60,55
Tomato Big(Indian),8/14/2024,KG,60,70,65
Onion Dry (Indian),8/14/2024,KG,35,38,36.5
Cabbage(Local),8/14/2024,KG,30,35,32.5
Garlic Dry Chinese,8/14/2024,KG,170,180,175
Tomato Big(Nepali),8/15/2024,KG,50,60,55
Tomato Big(Indian),8/15/2024,KG,60,70,65
Onion Dry (Indian),8/15/2024,KG,35,38,36.5
Cabbage(Local),8/15/2024,KG,30,35,32.5
Garlic Dry Chinese,8/15/2024,KG,170,180,175
Tomato Big(Nepali),8/16/2024,KG,50,60,55
Tomato Big(Indian),8/16/2024,KG,60,70,65
Onion Dry (Indian),8/16/2024,KG,35,38,36.5
Cabbage(Local),8/16/2024,KG,30,35,32.5
Garlic Dry Chinese,8/16/2024,KG,170,180,175
Tomato Big(Nepali),8/17/2024,KG,50,60,55
Tomato Big(Indian),8/17/2024,KG,60,70,65
Onion Dry (Indian),8/17/2024,KG,35,38,36.5
Cabbage(Local),8/17/2024,KG,30,35,32.5
Garlic Dry Chinese,8/17/2024,KG,170,180,175
Tomato Big(Nepali),8/18/2024,KG,50,60,55
Tomato Big(Indian),8/18/2024,KG,60,70,65
Onion Dry (Indian),8/18/2024,KG,35,38,36.5
Cabbage(Local),8/18/2024,KG,30,35,32.5
Garlic Dry Chinese,8/18/2024,KG,170,180,175
Tomato Big(Nepali),8/19/2024,KG,50,60,55
Tomato Big(Indian),8/19/2024,KG,60,70,65
Onion Dry (Indian),8/19/2024,KG,35,38,36.5
Cabbage(Local),8/19/2024,KG,30,35,32.5
Garlic Dry Chinese,8/19/2024,KG,170,180,175
Tomato Big(Nepali),8/20/2024,KG,50,60,55
Tomato Big(Indian),8/20/2024,KG,60,70,65
Onion Dry (Indian),8/20/2024,KG,35,38,36.5
Cabbage(Local),8/20/2024,KG,30,35,32.5
Garlic Dry Chinese,8/20/2024,KG,170,180,175
Tomato Big(Nepali),8/21/2024,KG,50,60,55
Tomato Big(Indian),8/21/2024,KG,60,70,65
Onion Dry (Indian),8/21/2024,KG,35,38,36.5
Cabbage(Local),8/21/2024,KG,30,35,32.5
Garlic Dry Chinese,8/21/2024,KG,170,180,175
Tomato Big(Nepali),8/22/2024,KG,50,60,55
Tomato Big(Indian),8/22/2024,KG,60,70,65
Onion Dry (Indian),8/22/2024,KG,35,38,36.5
Cabbage(Local),8/22/2024,KG,30,35,32.5
Garlic Dry Chinese,8/22/2024,KG,170,180,175
Tomato Big(Nepali),8/23/2024,KG,50,60,55
Tomato Big(Indian),8/23/2024,KG,60,70,65
Onion Dry (Indian),8/23/2024,KG,35,38,36.5
Cabbage(Local),8/23/2024,KG,30,35,32.5
Garlic Dry Chinese,8/23/2024,KG,170,180,175
Tomato Big(Nepali),8/24/2024,KG,50,60,55
Tomato Big(Indian),8/24/2024,KG,60,70,65
Onion Dry (Indian),8/24/2024,KG,35,38,36.5
Cabbage(Local),8/24/2024,KG,30,35,32.5
Garlic Dry Chinese,8/24/2024,KG,170,180,175
Tomato Big(Nepali),8/25/2024,KG,50,60,55
Tomato Big(Indian),8/25/2024,KG,60,70,65
Onion Dry (Indian),8/25/2024,KG,35,38,36.5
Cabbage(Local),8/25/2024,KG,30,35,32.5
Garlic Dry Chinese,8/25/2024,KG,170,180,175
Tomato Big(Nepali),8/26/2024,KG,50,60,55
Tomato Big(Indian),8/26/2024,KG,60,70,65
Onion Dry (Indian),8/26/2024,KG,35,38,36.5
Cabbage(Local),8/26/2024,KG,30,35,32.5
Garlic Dry Chinese,8/26/2024,KG,170,180,175
Tomato Big(Nepali),8/27/2024,KG,50,60,55
Tomato Big(Indian),8/27/2024,KG,60,70,65
Onion Dry (Indian),8/27/2024,KG,35,38,36.5
Cabbage(Local),8/27/2024,KG,30,35,32.5
Garlic Dry Chinese,8/27/2024,KG,170,180,175
Tomato Big(Nepali),8/28/2024,KG,50,60,55
Tomato Big(Indian),8/28/2024,KG,60,70,65
Onion Dry (Indian),8/28/2024,KG,35,38,36.5
Cabbage(Local),8/28/2024,KG,30,35,32.5
Garlic Dry Chinese,8/28/2024,KG,170,180,175
Tomato Big(Nepali),8/29/2024,KG,50,60,55
Tomato Big(Indian),8/29/2024,KG,60,70,65
Onion Dry (Indian),8/29/2024,KG,35,38,36.5
Cabbage(Local),8/29/2024,KG,30,35,32.5
Garlic Dry Chinese,8/29/2024,KG,170,180,175
Tomato Big(Nepali),8/30/2024,KG,50,60,55
Tomato Big(Indian),8/30/2024,KG,60,70,65
Onion Dry (Indian),8/30/2024,KG,35,38,36.5
Cabbage(Local),8/30/2024,KG,30,35,32.5
Garlic Dry Chinese,8/30/2024,KG,170,180,175
Tomato Big(Nepali),8/31/2024,KG,50,60,55
Tomato Big(Indian),8/31/2024,KG,60,70,65
Onion Dry (Indian),8/31/2024,KG,35,38,36.5
Cabbage(Local),8/31/2024,KG,30,35,32.5
Garlic Dry Chinese,8/31/2024,KG,170,180,175
Tomato Big(Nepali),9/1/2024,KG,50,60,55
Tomato Big(Indian),9/1/2024,KG,60,70,65
Onion Dry (Indian),9/1/2024,KG,35,38,36.5
Cabbage(Local),9/1/2024,KG,30,35,32.5
Garlic Dry Chinese,9/1/2024,KG,170,180,175
Tomato Big(Nepali),9/2/2024,KG,50,60,55
Tomato Big(Indian),9/2/2024,KG,60,70,65
Onion Dry (Indian),9/2/2024,KG,35,38,36.5
Cabbage(Local),9/2/2024,KG,30,35,32.5
Garlic Dry Chinese,9/2/2024,KG,170,180,175
Tomato Big(Nepali),9/3/2024,KG,50,60,55
Tomato Big(Indian),9/3/2024,KG,60,70,65
Onion Dry (Indian),9/3/2024,KG,35,38,36.5
Cabbage(Local),9/3/2024,KG,30,35,32.5
Garlic Dry Chinese,9/3/2024,KG,170,180,175
Tomato Big(Nepali),9/4/2024,KG,50,60,55
Tomato Big(Indian),9/4/2024,KG,60,70,65
Onion Dry (Indian),9/4/2024,KG,35,38,36.5
Cabbage(Local),9/4/2024,KG,30,35,32.5
Garlic Dry Chinese,9/4/2024,KG,170,180,175
Tomato Big(Nepali),9/5/2024,KG,50,60,55
Tomato Big(Indian),9/5/2024,KG,60,70,65
Onion Dry (Indian),9/5/2024,KG,35,38,36.5
Cabbage(Local),9/5/2024,KG,30,35,32.5
Garlic Dry Chinese,9/5/2024,KG,170,180,175
Tomato Big(Nepali),9/6/2024,KG,50,60,55
Tomato Big(Indian),9/6/2024,KG,60,70,65
Onion Dry (Indian),9/6/2024,KG,35,38,36.5
Cabbage(Local),9/6/2024,KG,30,35,32.5
Garlic Dry Chinese,9/6/2024,KG,170,180,175
Tomato Big(Nepali),9/7/2024,KG,50,60,55
Tomato Big(Indian),9/7/2024,KG,60,70,65
Onion Dry (Indian),9/7/2024,KG,35,38,36.5
Cabbage(Local),9/7/2024,KG,30,35,32.5
Garlic Dry Chinese,9/7/2024,KG,170,180,175
Tomato Big(Nepali),9/8/2024,KG,50,60,55
Tomato Big(Indian),9/8/2024,KG,60,70,65
Onion Dry (Indian),9/8/2024,KG,35,38,36.5
Cabbage(Local),9/8/2024,KG,30,35,32.5
Garlic Dry Chinese,9/8/2024,KG,170,180,175
Tomato Big(Nepali),9/9/2024,KG,50,60,55
Tomato Big(Indian),9/9/2024,KG,60,70,65
Onion Dry (Indian),9/9/2024,KG,35,38,36.5
Cabbage(Local),9/9/2024,KG,30,35,32.5
Garlic Dry Chinese,9/9/2024,KG,170,180,175
Tomato Big(Nepali),9/10/2024,KG,50,60,55
Tomato Big(Indian),9/10/2024,KG,60,70,65
Onion Dry (Indian),9/10/2024,KG,35,38,36.5
Cabbage(Local),9/10/2024,KG,30,35,32.5
Garlic Dry Chinese,9/10/2024,KG,170,180,175
Tomato Big(Nepali),9/11/2024,KG,50,60,55
Tomato Big(Indian),9/11/2024,KG,60,70,65
Onion Dry (Indian),9/11/2024,KG,35,38,36.5
Cabbage(Local),9/11/2024,KG,30,35,32.5
Garlic Dry Chinese,9/11/2024,KG,170,180,175
Tomato Big(Nepali),9/12/2024,KG,50,60,55
Tomato Big(Indian),9/12/2024,KG,60,70,65
Onion Dry (Indian),9/12/2024,KG,35,38,36.5
Cabbage(Local),9/12/2024,KG,30,35,32.5
Garlic Dry Chinese,9/12/2024,KG,170,180,175
Tomato Big(Nepali),9/13/2024,KG,50,60,55
Tomato Big(Indian),9/13/2024,KG,60,70,65
Onion Dry (Indian),9/13/2024,KG,35,38,36.5
Cabbage(Local),9/13/2024,KG,30,35,32.5
Garlic Dry Chinese,9/13/2024,KG,170,180,175
Tomato Big(Nepali),9/14/2024,KG,50,60,55
Tomato Big(Indian),9/14/2024,KG,60,70,65
Onion Dry (Indian),9/14/2024,KG,35,38,36.5
Cabbage(Local),9/14/2024,KG,30,35,32.5
Garlic Dry Chinese,9/14/2024,KG,170,180,175
Tomato Big(Nepali),9/15/2024,KG,50,60,55
Tomato Big(Indian),9/15/2024,KG,60,70,65
Onion Dry (Indian),9/15/2024,KG,35,38,36.5
Cabbage(Local),9/15/2024,KG,30,35,32.5
Garlic Dry Chinese,9/15/2024,KG,170,180,175
Tomato Big(Nepali),9/16/2024,KG,50,60,55
Tomato Big(Indian),9/16/2024,KG,60,70,65
Onion Dry (Indian),9/16/2024,KG,35,38,36.5
Cabbage(Local),9/16/2024,KG,30,35,32.5
Garlic Dry Chinese,9/16/2024,KG,170,180,175
Tomato Big(Nepali),9/17/2024,KG,50,60,55
Tomato Big(Indian),9/17/2024,KG,60,70,65
Onion Dry (Indian),9/17/2024,KG,35,38,36.5
Cabbage(Local),9/17/2024,KG,30,35,32.5
Garlic Dry Chinese,9/17/2024,KG,170,180,175
Tomato Big(Nepali),9/18/2024,KG,50,60,55
Tomato Big(Indian),9/18/2024,KG,60,70,65
Onion Dry (Indian),9/18/2024,KG,35,38,36.5
Cabbage(Local),9/18/2024,KG,30,35,32.5
Garlic Dry Chinese,9/18/2024,KG,170,180,175
Tomato Big(Nepali),9/19/2024,KG,50,60,55
Tomato Big(Indian),9/19/2024,KG,60,70,65
Onion Dry (Indian),9/19/2024,KG,35,38,36.5
Cabbage(Local),9/19/2024,KG,30,35,32.5
Garlic Dry Chinese,9/19/2024,KG,170,180,175
Tomato Big(Nepali),9/20/2024,KG,50,60,55
Tomato Big(Indian),9/20/2024,KG,60,70,65
Onion Dry (Indian),9/20/2024,KG,35,38,36.5
Cabbage(Local),9/20/2024,KG,30,35,32.5
Garlic Dry Chinese,9/20/2024,KG,170,180,175
Tomato Big(Nepali),9/21/2024,KG,50,60,55
Tomato Big(Indian),9/21/2024,KG,60,70,65
Onion Dry (Indian),9/21/2024,KG,35,38,36.5
Cabbage(Local),9/21/2024,KG,30,35,32.5
Garlic Dry Chinese,9/21/2024,KG,170,180,175
Tomato Big(Nepali),9/22/2024,KG,50,60,55
Tomato Big(Indian),9/22/2024,KG,60,70,65
Onion Dry (Indian),9/22/2024,KG,35,38,36.5
Cabbage(Local),9/22/2024,KG,30,35,32.5
Garlic Dry Chinese,9/22/2024,KG,170,180,175
Tomato Big(Nepali),9/23/2024,KG,50,60,55
Tomato Big(Indian),9/23/2024,KG,60,70,65
Onion Dry (Indian),9/23/2024,KG,35,38,36.5
Cabbage(Local),9/23/2024,KG,30,35,32.5
Garlic Dry Chinese,9/23/2024,KG,170,180,175
Tomato Big(Nepali),9/24/2024,KG,50,60,55
Tomato Big(Indian),9/24/2024,KG,60,70,65
Onion Dry (Indian),9/24/2024,KG,35,38,36.5
Cabbage(Local),9/24/2024,KG,30,35,32.5
Garlic Dry Chinese,9/24/2024,KG,170,180,175
Tomato Big(Nepali),9/25/2024,KG,50,60,55
Tomato Big(Indian),9/25/2024,KG,60,70,65
Onion Dry (Indian),9/25/2024,KG,35,38,36.5
Cabbage(Local),9/25/2024,KG,30,35,32.5
Garlic Dry Chinese,9/25/2024,KG,170,180,175
Tomato Big(Nepali),9/26/2024,KG,50,60,55
Tomato Big(Indian),9/26/2024,KG,60,70,65
Onion Dry (Indian),9/26/2024,KG,35,38,36.5
Cabbage(Local),9/26/2024,KG,30,35,32.5
Garlic Dry Chinese,9/26/2024,KG,170,180,175
Tomato Big(Nepali),9/27/2024,KG,50,60,55
Tomato Big(Indian),9/27/2024,KG,60,70,65
Onion Dry (Indian),9/27/2024,KG,35,38,36.5
Cabbage(Local),9/27/2024,KG,30,35,32.5
Garlic Dry Chinese,9/27/2024,KG,170,180,175
Tomato Big(Nepali),9/28/2024,KG,50,60,55
Tomato Big(Indian),9/28/2024,KG,60,70,65
Onion Dry (Indian),9/28/2024,KG,35,38,36.5
Cabbage(Local),9/28/2024,KG,30,35,32.5
Garlic Dry Chinese,9/28/2024,KG,170,180,175
Tomato Big(Nepali),9/29/2024,KG,50,60,55
Tomato Big(Indian),9/29/2024,KG,60,70,65
Onion Dry (Indian),9/29/2024,KG,35,38,36.5
Cabbage(Local),9/29/2024,KG,30,35,32.5
Garlic Dry Chinese,9/29/2024,KG,170,180,175
Tomato Big(Nepali),9/30/2024,KG,50,60,55
Tomato Big(Indian),9/30/2024,KG,60,70,65
Onion Dry (Indian),9/30/2024,KG,35,38,36.5
Cabbage(Local),9/30/2024,KG,30,35,32.5
Garlic Dry Chinese,9/30/2024,KG,170,180,175
Tomato Big(Nepali),10/1/2024,KG,50,60,55
Tomato Big(Indian),10/1/2024,KG,60,70,65
Onion Dry (Indian),10/1/2024,KG,35,38,36.5
Cabbage(Local),10/1/2024,KG,30,35,32.5
Garlic Dry Chinese,10/1/2024,KG,170,180,175
Tomato Big(Nepali),10/2/2024,KG,50,60,55
Tomato Big(Indian),10/2/2024,KG,60,70,65
Onion Dry (Indian),10/2/2024,KG,35,38,36.5
Cabbage(Local),10/2/2024,KG,30,35,32.5
Garlic Dry Chinese,10/2/2024,KG,170,180,175
Tomato Big(Nepali),10/3/2024,KG,50,60,55
Tomato Big(Indian),10/3/2024,KG,60,70,65
Onion Dry (Indian),10/3/2024,KG,35,38,36.5
Cabbage(Local),10/3/2024,KG,30,35,32.5
Garlic Dry Chinese,10/3/2024,KG,170,180,175
Tomato Big(Nepali),10/4/2024,KG,50,60,55
Tomato Big(Indian),10/4/2024,KG,60,70,65
Onion Dry (Indian),10/4/2024,KG,35,38,36.5
Cabbage(Local),10/4/2024,KG,30,35,32.5
Garlic Dry Chinese,10/4/2024,KG,170,180,175
Tomato Big(Nepali),10/5/2024,KG,50,60,55
Tomato Big(Indian),10/5/2024,KG,60,70,65
Onion Dry (Indian),10/5/2024,KG,35,38,36.5
Cabbage(Local),10/5/2024,KG,30,35,32.5
Garlic Dry Chinese,10/5/2024,KG,170,180,175
Tomato Big(Nepali),10/6/2024,KG,50,60,55
Tomato Big(Indian),10/6/2024,KG,60,70,65
Onion Dry (Indian),10/6/2024,KG,35,38,36.5
Cabbage(Local),10/6/2024,KG,30,35,32.5
Garlic Dry Chinese,10/6/2024,KG,170,180,175
Tomato Big(Nepali),10/7/2024,KG,50,60,55
Tomato Big(Indian),10/7/2024,KG,60,70,65
Onion Dry (Indian),10/7/2024,KG,35,38,36.5
Cabbage(Local),10/7/2024,KG,30,35,32.5
Garlic Dry Chinese,10/7/2024,KG,170,180,175
Tomato Big(Nepali),10/8/2024,KG,50,60,55
Tomato Big(Indian),10/8/2024,KG,60,70,65
Onion Dry (Indian),10/8/2024,KG,35,38,36.5
Cabbage(Local),10/8/2024,KG,30,35,32.5
Garlic Dry Chinese,10/8/2024,KG,170,180,175
Tomato Big(Nepali),10/9/2024,KG,50,60,55
Tomato Big(Indian),10/9/2024,KG,60,70,65
Onion Dry (Indian),10/9/2024,KG,35,38,36.5
Cabbage(Local),10/9/2024,KG,30,35,32.5
Garlic Dry Chinese,10/9/2024,KG,170,180,175
Tomato Big(Nepali),10/10/2024,KG,50,60,55
Tomato Big(Indian),10/10/2024,KG,60,70,65
Onion Dry (Indian),10/10/2024,KG,35,38,36.5
Cabbage(Local),10/10/2024,KG,30,35,32.5
Garlic Dry Chinese,10/10/2024,KG,170,180,175
Tomato Big(Nepali),10/11/2024,KG,50,60,55
Tomato Big(Indian),10/11/2024,KG,60,70,65
Onion Dry (Indian),10/11/2024,KG,35,38,36.5
Cabbage(Local),10/11/2024,KG,30,35,32.5
Garlic Dry Chinese,10/11/2024,KG,170,180,175
Tomato Big(Nepali),10/12/2024,KG,50,60,55
Tomato Big(Indian),10/12/2024,KG,60,70,65
Onion Dry (Indian),10/12/2024,KG,35,38,36.5
Cabbage(Local),10/12/2024,KG,30,35,32.5
Garlic Dry Chinese,10/12/2024,KG,170,180,175
Tomato Big(Nepali),10/13/2024,KG,50,60,55
Tomato Big(Indian),10/13/2024,KG,60,70,65
Onion Dry (Indian),10/13/2024,KG,35,38,36.5
Cabbage(Local),10/13/2024,KG,30,35,32.5
Garlic Dry Chinese,10/13/2024,KG,170,180,175
Tomato Big(Nepali),10/14/2024,KG,50,60,55
Tomato Big(Indian),10/14/2024,KG,60,70,65
Onion Dry (Indian),10/14/2024,KG,35,38,36.5
Cabbage(Local),10/14/2024,KG,30,35,32.5
Garlic Dry Chinese,10/14/2024,KG,170,180,175
Tomato Big(Nepali),10/15/2024,KG,50,60,55
Tomato Big(Indian),10/15/2024,KG,60,70,65
Onion Dry (Indian),10/15/2024,KG,35,38,36.5
Cabbage(Local),10/15/2024,KG,30,35,32.5
Garlic Dry Chinese,10/15/2024,KG,170,180,175
Tomato Big(Nepali),10/16/2024,KG,50,60,55
Tomato Big(Indian),10/16/2024,KG,60,70,65
Onion Dry (Indian),10/16/2024,KG,35,38,36.5
Cabbage(Local),10/16/2024,KG,30,35,32.5
Garlic Dry Chinese,10/16/2024,KG,170,180,175
Tomato Big(Nepali),10/17/2024,KG,50,60,55
Tomato Big(Indian),10/17/2024,KG,60,70,65
Onion Dry (Indian),10/17/2024,KG,35,38,36.5
Cabbage(Local),10/17/2024,KG,30,35,32.5
Garlic Dry Chinese,10/17/2024,KG,170,180,175
Tomato Big(Nepali),10/18/2024,KG,50,60,55
Tomato Big(Indian),10/18/2024,KG,60,70,65
Onion Dry (Indian),10/18/2024,KG,35,38,36.5
Cabbage(Local),10/18/2024,KG,30,35,32.5
Garlic Dry Chinese,10/18/2024,KG,170,180,175
Tomato Big(Nepali),10/19/2024,KG,50,60,55
Tomato Big(Indian),10/19/2024,KG,60,70,65
Onion Dry (Indian),10/19/2024,KG,35,38,36.5
Cabbage(Local),10/19/2024,KG,30,35,32.5
Garlic Dry Chinese,10/19/2024,KG,170,180,175
Tomato Big(Nepali),10/20/2024,KG,50,60,55
Tomato Big(Indian),10/20/2024,KG,60,70,65
Onion Dry (Indian),10/20/2024,KG,35,38,36.5
Cabbage(Local),10/20/2024,KG,30,35,32.5
Garlic Dry Chinese,10/20/2024,KG,170,180,175
Tomato Big(Nepali),10/21/2024,KG,50,60,55
Tomato Big(Indian),10/21/2024,KG,60,70,65
Onion Dry (Indian),10/21/2024,KG,35,38,36.5
Cabbage(Local),10/21/2024,KG,30,35,32.5
Garlic Dry Chinese,10/21/2024,KG,170,180,175
Tomato Big(Nepali),10/22/2024,KG,50,60,55
Tomato Big(Indian),10/22/2024,KG,60,70,65
Onion Dry (Indian),10/22/2024,KG,35,38,36.5
Cabbage(Local),10/22/2024,KG,30,35,32.5
Garlic Dry Chinese,10/22/2024,KG,170,180,175
Tomato Big(Nepali),10/23/2024,KG,50,60,55
Tomato Big(Indian),10/23/2024,KG,60,70,65
Onion Dry (Indian),10/23/2024,KG,35,38,36.5
Cabbage(Local),10/23/2024,KG,30,35,32.5
Garlic Dry Chinese,10/23/2024,KG,170,180,175
Tomato Big(Nepali),10/24/2024,KG,50,60,55
Tomato Big(Indian),10/24/2024,KG,60,70,65
Onion Dry (Indian),10/24/2024,KG,35,38,36.5
Cabbage(Local),10/24/2024,KG,30,35,32.5
Garlic Dry Chinese,10/24/2024,KG,170,180,175
Tomato Big(Nepali),10/25/2024,KG,50,60,55
Tomato Big(Indian),10/25/2024,KG,60,70,65
Onion Dry (Indian),10/25/2024,KG,35,38,36.5
Cabbage(Local),10/25/2024,KG,30,35,32.5
Garlic Dry Chinese,10/25/2024,KG,170,180,175
Tomato Big(Nepali),10/26/2024,KG,50,60,55
Tomato Big(Indian),10/26/2024,KG,60,70,65
Onion Dry (Indian),10/26/2024,KG,35,38,36.5
Cabbage(Local),10/26/2024,KG,30,35,32.5
Garlic Dry Chinese,10/26/2024,KG,170,180,175
Tomato Big(Nepali),10/27/2024,KG,50,60,55
Tomato Big(Indian),10/27/2024,KG,60,70,65
Onion Dry (Indian),10/27/2024,KG,35,38,36.5
Cabbage(Local),10/27/2024,KG,30,35,32.5
Garlic Dry Chinese,10/27/2024,KG,170,180,175
Tomato Big(Nepali),10/28/2024,KG,50,60,55
Tomato Big(Indian),10/28/2024,KG,60,70,65
Onion Dry (Indian),10/28/2024,KG,35,38,36.5
Cabbage(Local),10/28/2024,KG,30,35,32.5
Garlic Dry Chinese,10/28/2024,KG,170,180,175
Tomato Big(Nepali),10/29/2024,KG,50,60,55
Tomato Big(Indian),10/29/2024,KG,60,70,65
Onion Dry (Indian),10/29/2024,KG,35,38,36.5
Cabbage(Local),10/29/2024,KG,30,35,32.5
Garlic Dry Chinese,10/29/2024,KG,170,180,175
Tomato Big(Nepali),10/30/2024,KG,50,60,55
Tomato Big(Indian),10/30/2024,KG,60,70,65
Onion Dry (Indian),10/30/2024,KG,35,38,36.5
Cabbage(Local),10/30/2024,KG,30,35,32.5
Garlic Dry Chinese,10/30/2024,KG,170,180,175
Tomato Big(Nepali),10/31/2024,KG,50,60,55
Tomato Big(Indian),10/31/2024,KG,60,70,65
Onion Dry (Indian),10/31/2024,KG,35,38,36.5
Cabbage(Local),10/31/2024,KG,30,35,32.5
Garlic Dry Chinese,10/31/2024,KG,170,180,175
Tomato Big(Nepali),11/1/2024,KG,50,60,55
Tomato Big(Indian),11/1/2024,KG,60,70,65
Onion Dry (Indian),11/1/2024,KG,35,38,36.5
Cabbage(Local),11/1/2024,KG,30,35,32.5
Garlic Dry Chinese,11/1/2024,KG,170,180,175
Tomato Big(Nepali),11/2/2024,KG,50,60,55
Tomato Big(Indian),11/2/2024,KG,60,70,65
Onion Dry (Indian),11/2/2024,KG,35,38,36.5
Cabbage(Local),11/2/2024,KG,30,35,32.5
Garlic Dry Chinese,11/2/2024,KG,170,180,175
Tomato Big(Nepali),11/3/2024,KG,50,60,55
Tomato Big(Indian),11/3/2024,KG,60,70,65
Onion Dry (Indian),11/3/2024,KG,35,38,36.5
Cabbage(Local),11/3/2024,KG,30,35,32.5
Garlic Dry Chinese,11/3/2024,KG,170,180,175
Tomato Big(Nepali),11/4/2024,KG,50,60,55
Tomato Big(Indian),11/4/2024,KG,60,70,65
Onion Dry (Indian),11/4/2024,KG,35,38,36.5
Cabbage(Local),11/4/2024,KG,30,35,32.5
Garlic Dry Chinese,11/4/2024,KG,170,180,175
Tomato Big(Nepali),11/5/2024,KG,50,60,55
Tomato Big(Indian),11/5/2024,KG,60,70,65
Onion Dry (Indian),11/5/2024,KG,35,38,36.5
Cabbage(Local),11/5/2024,KG,30,35,32.5
Garlic Dry Chinese,11/5/2024,KG,170,180,175
Tomato Big(Nepali),11/6/2024,KG,50,60,55
Tomato Big(Indian),11/6/2024,KG,60,70,65
Onion Dry (Indian),11/6/2024,KG,35,38,36.5
Cabbage(Local),11/6/2024,KG,30,35,32.5
Garlic Dry Chinese,11/6/2024,KG,170,180,175
Tomato Big(Nepali),11/7/2024,KG,50,60,55
Tomato Big(Indian),11/7/2024,KG,60,70,65
Onion Dry (Indian),11/7/2024,KG,35,38,36.5
Cabbage(Local),11/7/2024,KG,30,35,32.5
Garlic Dry Chinese,11/7/2024,KG,170,180,175
Tomato Big(Nepali),11/8/2024,KG,50,60,55
Tomato Big(Indian),11/8/2024,KG,60,70,65
Onion Dry (Indian),11/8/2024,KG,35,38,36.5
Cabbage(Local),11/8/2024,KG,30,35,32.5
Garlic Dry Chinese,11/8/2024,KG,170,180,175
Tomato Big(Nepali),11/9/2024,KG,50,60,55
Tomato Big(Indian),11/9/2024,KG,60,70,65
Onion Dry (Indian),11/9/2024,KG,35,38,36.5
Cabbage(Local),11/9/2024,KG,30,35,32.5
Garlic Dry Chinese,11/9/2024,KG,170,180,175
Tomato Big(Nepali),11/10/2024,KG,50,60,55
Tomato Big(Indian),11/10/2024,KG,60,70,65
Onion Dry (Indian),11/10/2024,KG,35,38,36.5
Cabbage(Local),11/10/2024,KG,30,35,32.5
Garlic Dry Chinese,11/10/2024,KG,170,180,175
Tomato Big(Nepali),11/11/2024,KG,50,60,55
Tomato Big(Indian),11/11/2024,KG,60,70,65
Onion Dry (Indian),11/11/2024,KG,35,38,36.5
Cabbage(Local),11/11/2024,KG,30,35,32.5
Garlic Dry Chinese,11/11/2024,KG,170,180,175
Tomato Big(Nepali),11/12/2024,KG,50,60,55
Tomato Big(Indian),11/12/2024,KG,60,70,65
Onion Dry (Indian),11/12/2024,KG,35,38,36.5
Cabbage(Local),11/12/2024,KG,30,35,32.5
Garlic Dry Chinese,11/12/2024,KG,170,180,175
Tomato Big(Nepali),11/13/2024,KG,50,60,55
Tomato Big(Indian),11/13/2024,KG,60,70,65
Onion Dry (Indian),11/13/2024,KG,35,38,36.5
Cabbage(Local),11/13/2024,KG,30,35,32.5
Garlic Dry Chinese,11/13/2024,KG,170,180,175
Tomato Big(Nepali),11/14/2024,KG,50,60,55
Tomato Big(Indian),11/14/2024,KG,60,70,65
Onion Dry (Indian),11/14/2024,KG,35,38,36.5
Cabbage(Local),11/14/2024,KG,30,35,32.5
Garlic Dry Chinese,11/14/2024,KG,170,180,175
Tomato Big(Nepali),11/15/2024,KG,50,60,55
Tomato Big(Indian),11/15/2024,KG,60,70,65
Onion Dry (Indian),11/15/2024,KG,35,38,36.5
Cabbage(Local),11/15/2024,KG,30,35,32.5
Garlic Dry Chinese,11/15/2024,KG,170,180,175
Tomato Big(Nepali),11/16/2024,KG,50,60,55
Tomato Big(Indian),11/16/2024,KG,60,70,65
Onion Dry (Indian),11/16/2024,KG,35,38,36.5
Cabbage(Local),11/16/2024,KG,30,35,32.5
Garlic Dry Chinese,11/16/2024,KG,170,180,175
Tomato Big(Nepali),11/17/2024,KG,50,60,55
Tomato Big(Indian),11/17/2024,KG,60,70,65
Onion Dry (Indian),11/17/2024,KG,35,38,36.5
Cabbage(Local),11/17/2024,KG,30,35,32.5
Garlic Dry Chinese,11/17/2024,KG,170,180,175
Tomato Big(Nepali),11/18/2024,KG,50,60,55
Tomato Big(Indian),11/18/2024,KG,60,70,65
Onion Dry (Indian),11/18/2024,KG,35,38,36.5
Cabbage(Local),11/18/2024,KG,30,35,32.5
Garlic Dry Chinese,11/18/2024,KG,170,180,175
Tomato Big(Nepali),11/19/2024,KG,50,60,55
Tomato Big(Indian),11/19/2024,KG,60,70,65
Onion Dry (Indian),11/19/2024,KG,35,38,36.5
Cabbage(Local),11/19/2024,KG,30,35,32.5
Garlic Dry Chinese,11/19/2024,KG,170,180,175
Tomato Big(Nepali),11/20/2024,KG,50,60,55
Tomato Big(Indian),11/20/2024,KG,60,70,65
Onion Dry (Indian),11/20/2024,KG,35,38,36.5
Cabbage(Local),11/20/2024,KG,30,35,32.5
Garlic Dry Chinese,11/20/2024,KG,170,180,175
Tomato Big(Nepali),11/21/2024,KG,50,60,55
Tomato Big(Indian),11/21/2024,KG,60,70,65
Onion Dry (Indian),11/21/2024,KG,35,38,36.5
Cabbage(Local),11/21/2024,KG,30,35,32.5
Garlic Dry Chinese,11/21/2024,KG,170,180,175
Tomato Big(Nepali),11/22/2024,KG,50,60,55
Tomato Big(Indian),11/22/2024,KG,60,70,65
Onion Dry (Indian),11/22/2024,KG,35,38,36.5
Cabbage(Local),11/22/2024,KG,30,35,32.5
Garlic Dry Chinese,11/22/2024,KG,170,180,175
Tomato Big(Nepali),11/23/2024,KG,50,60,55
Tomato Big(Indian),11/23/2024,KG,60,70,65
Onion Dry (Indian),11/23/2024,KG,35,38,36.5
Cabbage(Local),11/23/2024,KG,30,35,32.5
Garlic Dry Chinese,11/23/2024,KG,170,180,175
Tomato Big(Nepali),11/24/2024,KG,50,60,55
Tomato Big(Indian),11/24/2024,KG,60,70,65
Onion Dry (Indian),11/24/2024,KG,35,38,36.5
Cabbage(Local),11/24/2024,KG,30,35,32.5
Garlic Dry Chinese,11/24/2024,KG,170,180,175
Tomato Big(Nepali),11/25/2024,KG,50,60,55
Tomato Big(Indian),11/25/2024,KG,60,70,65
Onion Dry (Indian),11/25/2024,KG,35,38,36.5
Cabbage(Local),11/25/2024,KG,30,35,32.5
Garlic Dry Chinese,11/25/2024,KG,170,180,175
Tomato Big(Nepali),11/26/2024,KG,50,60,55
Tomato Big(Indian),11/26/2024,KG,60,70,65
Onion Dry (Indian),11/26/2024,KG,35,38,36.5
Cabbage(Local),11/26/2024,KG,30,35,32.5
Garlic Dry Chinese,11/26/2024,KG,170,180,175
Tomato Big(Nepali),11/27/2024,KG,50,60,55
Tomato Big(Indian),11/27/2024,KG,60,70,65
Onion Dry (Indian),11/27/2024,KG,35,38,36.5
Cabbage(Local),11/27/2024,KG,30,35,32.5
Garlic Dry Chinese,11/27/2024,KG,170,180,175
Tomato Big(Nepali),11/28/2024,KG,50,60,55
Tomato Big(Indian),11/28/2024,KG,60,70,65
Onion Dry (Indian),11/28/2024,KG,35,38,36.5
Cabbage(Local),11/28/2024,KG,30,35,32.5
Garlic Dry Chinese,11/28/2024,KG,170,180,175
Tomato Big(Nepali),11/29/2024,KG,50,60,55
Tomato Big(Indian),11/29/2024,KG,60,70,65
Onion Dry (Indian),11/29/2024,KG,35,38,36.5
Cabbage(Local),11/29/2024,KG,30,35,32.5
Garlic Dry Chinese,11/29/2024,KG,170,180,175
Tomato Big(Nepali),11/30/2024,KG,50,60,55
Tomato Big(Indian),11/30/2024,KG,60,70,65
Onion Dry (Indian),11/30/2024,KG,35,38,36.5
Cabbage(Local),11/30/2024,KG,30,35,32.5
Garlic Dry Chinese,11/30/2024,KG,170,180,175
Tomato Big(Nepali),12/1/2024,KG,50,60,55
Tomato Big(Indian),12/1/2024,KG,60,70,65
Onion Dry (Indian),12/1/2024,KG,35,38,36.5
Cabbage(Local),12/1/2024,KG,30,35,32.5
Garlic Dry Chinese,12/1/2024,KG,170,180,175
Tomato Big(Nepali),12/2/2024,KG,50,60,55
Tomato Big(Indian),12/2/2024,KG,60,70,65
Onion Dry (Indian),12/2/2024,KG,35,38,36.5
Cabbage(Local),12/2/2024,KG,30,35,32.5
Garlic Dry Chinese,12/2/2024,KG,170,180,175
Tomato Big(Nepali),12/3/2024,KG,50,60,55
Tomato Big(Indian),12/3/2024,KG,60,70,65
Onion Dry (Indian),12/3/2024,KG,35,38,36.5
Cabbage(Local),12/3/2024,KG,30,35,32.5
Garlic Dry Chinese,12/3/2024,KG,170,180,175
Tomato Big(Nepali),12/4/2024,KG,50,60,55
Tomato Big(Indian),12/4/2024,KG,60,70,65
Onion Dry (Indian),12/4/2024,KG,35,38,36.5
Cabbage(Local),12/4/2024,KG,30,35,32.5
Garlic Dry Chinese,12/4/2024,KG,170,180,175
Tomato Big(Nepali),12/5/2024,KG,50,60,55
Tomato Big(Indian),12/5/2024,KG,60,70,65
Onion Dry (Indian),12/5/2024,KG,35,38,36.5
Cabbage(Local),12/5/2024,KG,30,35,32.5
Garlic Dry Chinese,12/5/2024,KG,170,180,175
Tomato Big(Nepali),12/6/2024,KG,50,60,55
Tomato Big(Indian),12/6/2024,KG,60,70,65
Onion Dry (Indian),12/6/2024,KG,35,38,36.5
Cabbage(Local),12/6/2024,KG,30,35,32.5
Garlic Dry Chinese,12/6/2024,KG,170,180,175
Tomato Big(Nepali),12/7/2024,KG,50,60,55
Tomato Big(Indian),12/7/2024,KG,60,70,65
Onion Dry (Indian),12/7/2024,KG,35,38,36.5
Cabbage(Local),12/7/2024,KG,30,35,32.5
Garlic Dry Chinese,12/7/2024,KG,170,180,175
Tomato Big(Nepali),12/8/2024,KG,50,60,55
Tomato Big(Indian),12/8/2024,KG,60,70,65
Onion Dry (Indian),12/8/2024,KG,35,38,36.5
Cabbage(Local),12/8/2024,KG,30,35,32.5
Garlic Dry Chinese,12/8/2024,KG,170,180,175
Tomato Big(Nepali),12/9/2024,KG,50,60,55
Tomato Big(Indian),12/9/2024,KG,60,70,65
Onion Dry (Indian),12/9/2024,KG,35,38,36.5
Cabbage(Local),12/9/2024,KG,30,35,32.5
Garlic Dry Chinese,12/9/2024,KG,170,180,175
Tomato Big(Nepali),12/10/2024,KG,50,60,55
Tomato Big(Indian),12/10/2024,KG,60,70,65
Onion Dry (Indian),12/10/2024,KG,35,38,36.5
Cabbage(Local),12/10/2024,KG,30,35,32.5
Garlic Dry Chinese,12/10/2024,KG,170,180,175
Tomato Big(Nepali),12/11/2024,KG,50,60,55
Tomato Big(Indian),12/11/2024,KG,60,70,65
Onion Dry (Indian),12/11/2024,KG,35,38,36.5
Cabbage(Local),12/11/2024,KG,30,35,32.5
Garlic Dry Chinese,12/11/2024,KG,170,180,175
Tomato Big(Nepali),12/12/2024,KG,50,60,55
Tomato Big(Indian),12/12/2024,KG,60,70,65
Onion Dry (Indian),12/12/2024,KG,35,38,36.5
Cabbage(Local),12/12/2024,KG,30,35,32.5
Garlic Dry Chinese,12/12/2024,KG,170,180,175
Tomato Big(Nepali),12/13/2024,KG,50,60,55
Tomato Big(Indian),12/13/2024,KG,60,70,65
Onion Dry (Indian),12/13/2024,KG,35,38,36.5
Cabbage(Local),12/13/2024,KG,30,35,32.5
Garlic Dry Chinese,12/13/2024,KG,170,180,175
Tomato Big(Nepali),12/14/2024,KG,50,60,55
Tomato Big(Indian),12/14/2024,KG,60,70,65
Onion Dry (Indian),12/14/2024,KG,35,38,36.5
Cabbage(Local),12/14/2024,KG,30,35,32.5
Garlic Dry Chinese,12/14/2024,KG,170,180,175
Tomato Big(Nepali),12/15/2024,KG,50,60,55
Tomato Big(Indian),12/15/2024,KG,60,70,65
Onion Dry (Indian),12/15/2024,KG,35,38,36.5
Cabbage(Local),12/15/2024,KG,30,35,32.5
Garlic Dry Chinese,12/15/2024,KG,170,180,175
Tomato Big(Nepali),12/16/2024,KG,50,60,55
Tomato Big(Indian),12/16/2024,KG,60,70,65
Onion Dry (Indian),12/16/2024,KG,35,38,36.5
Cabbage(Local),12/16/2024,KG,30,35,32.5
Garlic Dry Chinese,12/16/2024,KG,170,180,175
Tomato Big(Nepali),12/17/2024,KG,50,60,55
Tomato Big(Indian),12/17/2024,KG,60,70,65
Onion Dry (Indian),12/17/2024,KG,35,38,36.5
Cabbage(Local),12/17/2024,KG,30,35,32.5
Garlic Dry Chinese,12/17/2024,KG,170,180,175
Tomato Big(Nepali),12/18/2024,KG,50,60,55
Tomato Big(Indian),12/18/2024,KG,60,70,65
Onion Dry (Indian),12/18/2024,KG,35,38,36.5
Cabbage(Local),12/18/2024,KG,30,35,32.5
Garlic Dry Chinese,12/18/2024,KG,170,180,175
Tomato Big(Nepali),12/19/2024,KG,50,60,55
Tomato Big(Indian),12/19/2024,KG,60,70,65
Onion Dry (Indian),12/19/2024,KG,35,38,36.5
Cabbage(Local),12/19/2024,KG,30,35,32.5
Garlic Dry Chinese,12/19/2024,KG,170,180,175
Tomato Big(Nepali),12/20/2024,KG,50,60,55
Tomato Big(Indian),12/20/2024,KG,60,70,65
Onion Dry (Indian),12/20/2024,KG,35,38,36.5
Cabbage(Local),12/20/2024,KG,30,35,32.5
Garlic Dry Chinese,12/20/2024,KG,170,180,175
Tomato Big(Nepali),12/21/2024,KG,50,60,55
Tomato Big(Indian),12/21/2024,KG,60,70,65
Onion Dry (Indian),12/21/2024,KG,35,38,36.5
Cabbage(Local),12/21/2024,KG,30,35,32.5
Garlic Dry Chinese,12/21/2024,KG,170,180,175
Tomato Big(Nepali),12/22/2024,KG,50,60,55
Tomato Big(Indian),12/22/2024,KG,60,70,65
Onion Dry (Indian),12/22/2024,KG,35,38,36.5
Cabbage(Local),12/22/2024,KG,30,35,32.5
Garlic Dry Chinese,12/22/2024,KG,170,180,175
Tomato Big(Nepali),12/23/2024,KG,50,60,55
Tomato Big(Indian),12/23/2024,KG,60,70,65
Onion Dry (Indian),12/23/2024,KG,35,38,36.5
Cabbage(Local),12/23/2024,KG,30,35,32.5
Garlic Dry Chinese,12/23/2024,KG,170,180,175
Tomato Big(Nepali),12/24/2024,KG,50,60,55
Tomato Big(Indian),12/24/2024,KG,60,70,65
Onion Dry (Indian),12/24/2024,KG,35,38,36.5
Cabbage(Local),12/24/2024,KG,30,35,32.5
Garlic Dry Chinese,12/24/2024,KG,170,180,175
Tomato Big(Nepali),12/25/2024,KG,50,60,55
Tomato Big(Indian),12/25/2024,KG,60,70,65
Onion Dry (Indian),12/25/2024,KG,35,38,36.5
Cabbage(Local),12/25/2024,KG,30,35,32.5
Garlic Dry Chinese,12/25/2024,KG,170,180,175
Tomato Big(Nepali),12/26/2024,KG,50,60,55
Tomato Big(Indian),12/26/2024,KG,60,70,65
Onion Dry (Indian),12/26/2024,KG,35,38,36.5
Cabbage(Local),12/26/2024,KG,30,35,32.5
Garlic Dry Chinese,12/26/2024,KG,170,180,175
Tomato Big(Nepali),12/27/2024,KG,50,60,55
Tomato Big(Indian),12/27/2024,KG,60,70,65
Onion Dry (Indian),12/27/2024,KG,35,38,36.5
Cabbage(Local),12/27/2024,KG,30,35,32.5
Garlic Dry Chinese,12/27/2024,KG,170,180,175
Tomato Big(Nepali),12/28/2024,KG,50,60,55
Tomato Big(Indian),12/28/2024,KG,60,70,65
Onion Dry (Indian),12/28/2024,KG,35,38,36.5
Cabbage(Local),12/28/2024,KG,30,35,32.5
Garlic Dry Chinese,12/28/2024,KG,170,180,175
Tomato Big(Nepali),12/29/2024,KG,50,60,55
Tomato Big(Indian),12/29/2024,KG,60,70,65
Onion Dry (Indian),12/29/2024,KG,35,38,36.5
Cabbage(Local),12/29/2024,KG,30,35,32.5
Garlic Dry Chinese,12/29/2024,KG,170,180,175
Tomato Big(Nepali),12/30/2024,KG,50,60,55
Tomato Big(Indian),12/30/2024,KG,60,70,65
Onion Dry (Indian),12/30/2024,KG,35,38,36.5
Cabbage(Local),12/30/2024,KG,30,35,32.5
Garlic Dry Chinese,12/30/2024,KG,170,180,175
Tomato Big(Nepali),12/31/2024,KG,50,60,55
Tomato Big(Indian),12/31/2024,KG,60,70,65
Onion Dry (Indian),12/31/2024,KG,35,38,36.5
Cabbage(Local),12/31/2024,KG,30,35,32.5
Garlic Dry Chinese,12/31/2024,KG,170,180,175
Tomato Big(Nepali),1/1/2025,KG,50,60,55
Tomato Big(Indian),1/1/2025,KG,60,70,65
Onion Dry (Indian),1/1/2025,KG,35,38,36.5
Cabbage(Local),1/1/2025,KG,30,35,32.5
Garlic Dry Chinese,1/1/2025,KG,170,180,175
Tomato Big(Nepali),1/2/2025,KG,50,60,55
Tomato Big(Indian),1/2/2025,KG,60,70,65
Onion Dry (Indian),1/2/2025,KG,35,38,36.5
Cabbage(Local),1/2/2025,KG,30,35,32.5
Garlic Dry Chinese,1/2/2025,KG,170,180,175
Tomato Big(Nepali),1/3/2025,KG,50,60,55
Tomato Big(Indian),1/3/2025,KG,60,70,65
Onion Dry (Indian),1/3/2025,KG,35,38,36.5
Cabbage(Local),1/3/2025,KG,30,35,32.5
Garlic Dry Chinese,1/3/2025,KG,170,180,175
Tomato Big(Nepali),1/4/2025,KG,50,60,55
Tomato Big(Indian),1/4/2025,KG,60,70,65
Onion Dry (Indian),1/4/2025,KG,35,38,36.5
Cabbage(Local),1/4/2025,KG,30,35,32.5
Garlic Dry Chinese,1/4/2025,KG,170,180,175
Tomato Big(Nepali),1/5/2025,KG,50,60,55
Tomato Big(Indian),1/5/2025,KG,60,70,65
Onion Dry (Indian),1/5/2025,KG,35,38,36.5
Cabbage(Local),1/5/2025,KG,30,35,32.5
Garlic Dry Chinese,1/5/2025,KG,170,180,175
Tomato Big(Nepali),1/6/2025,KG,50,60,55
Tomato Big(Indian),1/6/2025,KG,60,70,65
Onion Dry (Indian),1/6/2025,KG,35,38,36.5
Cabbage(Local),1/6/2025,KG,30,35,32.5
Garlic Dry Chinese,1/6/2025,KG,170,180,175
Tomato Big(Nepali),1/7/2025,KG,50,60,55
Tomato Big(Indian),1/7/2025,KG,60,70,65
Onion Dry (Indian),1/7/2025,KG,35,38,36.5
Cabbage(Local),1/7/2025,KG,30,35,32.5
Garlic Dry Chinese,1/7/2025,KG,170,180,175
Tomato Big(Nepali),1/8/2025,KG,50,60,55
Tomato Big(Indian),1/8/2025,KG,60,70,65
Onion Dry (Indian),1/8/2025,KG,35,38,36.5
Cabbage(Local),1/8/2025,KG,30,35,32.5
Garlic Dry Chinese,1/8/2025,KG,170,180,175
Tomato Big(Nepali),1/9/2025,KG,50,60,55
Tomato Big(Indian),1/9/2025,KG,60,70,65
Onion Dry (Indian),1/9/2025,KG,35,38,36.5
Cabbage(Local),1/9/2025,KG,30,35,32.5
Garlic Dry Chinese,1/9/2025,KG,170,180,175
Tomato Big(Nepali),1/10/2025,KG,50,60,55
Tomato Big(Indian),1/10/2025,KG,60,70,65
Onion Dry (Indian),1/10/2025,KG,35,38,36.5
Cabbage(Local),1/10/2025,KG,30,35,32.5
Garlic Dry Chinese,1/10/2025,KG,170,180,175
Tomato Big(Nepali),1/11/2025,KG,50,60,55
Tomato Big(Indian),1/11/2025,KG,60,70,65
Onion Dry (Indian),1/11/2025,KG,35,38,36.5
Cabbage(Local),1/11/2025,KG,30,35,32.5
Garlic Dry Chinese,1/11/2025,KG,170,180,175
Tomato Big(Nepali),1/12/2025,KG,50,60,55
Tomato Big(Indian),1/12/2025,KG,60,70,65
Onion Dry (Indian),1/12/2025,KG,35,38,36.5
Cabbage(Local),1/12/2025,KG,30,35,32.5
Garlic Dry Chinese,1/12/2025,KG,170,180,175
Tomato Big(Nepali),1/13/2025,KG,50,60,55
Tomato Big(Indian),1/13/2025,KG,60,70,65
Onion Dry (Indian),1/13/2025,KG,35,38,36.5
Cabbage(Local),1/13/2025,KG,30,35,32.5
Garlic Dry Chinese,1/13/2025,KG,170,180,175
Tomato Big(Nepali),1/14/2025,KG,50,60,55
Tomato Big(Indian),1/14/2025,KG,60,70,65
Onion Dry (Indian),1/14/2025,KG,35,38,36.5
Cabbage(Local),1/14/2025,KG,30,35,32.5
Garlic Dry Chinese,1/14/2025,KG,170,180,175
Tomato Big(Nepali),1/15/2025,KG,50,60,55
Tomato Big(Indian),1/15/2025,KG,60,70,65
Onion Dry (Indian),1/15/2025,KG,35,38,36.5
Cabbage(Local),1/15/2025,KG,30,35,32.5
Garlic Dry Chinese,1/15/2025,KG,170,180,175
Tomato Big(Nepali),1/16/2025,KG,50,60,55
Tomato Big(Indian),1/16/2025,KG,60,70,65
Onion Dry (Indian),1/16/2025,KG,35,38,36.5
Cabbage(Local),1/16/2025,KG,30,35,32.5
Garlic Dry Chinese,1/16/2025,KG,170,180,175
Tomato Big(Nepali),1/17/2025,KG,50,60,55
Tomato Big(Indian),1/17/2025,KG,60,70,65
Onion Dry (Indian),1/17/2025,KG,35,38,36.5
Cabbage(Local),1/17/2025,KG,30,35,32.5
Garlic Dry Chinese,1/17/2025,KG,170,180,175
Tomato Big(Nepali),1/18/2025,KG,50,60,55
Tomato Big(Indian),1/18/2025,KG,60,70,65
Onion Dry (Indian),1/18/2025,KG,35,38,36.5
Cabbage(Local),1/18/2025,KG,30,35,32.5
Garlic Dry Chinese,1/18/2025,KG,170,180,175
Tomato Big(Nepali),1/19/2025,KG,50,60,55
Tomato Big(Indian),1/19/2025,KG,60,70,65
Onion Dry (Indian),1/19/2025,KG,35,38,36.5
Cabbage(Local),1/19/2025,KG,30,35,32.5
Garlic Dry Chinese,1/19/2025,KG,170,180,175
Tomato Big(Nepali),1/20/2025,KG,50,60,55
Tomato Big(Indian),1/20/2025,KG,60,70,65
Onion Dry (Indian),1/20/2025,KG,35,38,36.5
Cabbage(Local),1/20/2025,KG,30,35,32.5
Garlic Dry Chinese,1/20/2025,KG,170,180,175
Tomato Big(Nepali),1/21/2025,KG,50,60,55
Tomato Big(Indian),1/21/2025,KG,60,70,65
Onion Dry (Indian),1/21/2025,KG,35,38,36.5
Cabbage(Local),1/21/2025,KG,30,35,32.5
Garlic Dry Chinese,1/21/2025,KG,170,180,175
Tomato Big(Nepali),1/22/2025,KG,50,60,55
Tomato Big(Indian),1/22/2025,KG,60,70,65
Onion Dry (Indian),1/22/2025,KG,35,38,36.5
Cabbage(Local),1/22/2025,KG,30,35,32.5
Garlic Dry Chinese,1/22/2025,KG,170,180,175
Tomato Big(Nepali),1/23/2025,KG,50,60,55
Tomato Big(Indian),1/23/2025,KG,60,70,65
Onion Dry (Indian),1/23/2025,KG,35,38,36.5
Cabbage(Local),1/23/2025,KG,30,35,32.5
Garlic Dry Chinese,1/23/2025,KG,170,180,175
Tomato Big(Nepali),1/24/2025,KG,50,60,55
Tomato Big(Indian),1/24/2025,KG,60,70,65
Onion Dry (Indian),1/24/2025,KG,35,38,36.5
Cabbage(Local),1/24/2025,KG,30,35,32.5
Garlic Dry Chinese,1/24/2025,KG,170,180,175
Tomato Big(Nepali),1/25/2025,KG,50,60,55
Tomato Big(Indian),1/25/2025,KG,60,70,65
Onion Dry (Indian),1/25/2025,KG,35,38,36.5
Cabbage(Local),1/25/2025,KG,30,35,32.5
Garlic Dry Chinese,1/25/2025,KG,170,180,175
Tomato Big(Nepali),1/26/2025,KG,50,60,55
Tomato Big(Indian),1/26/2025,KG,60,70,65
Onion Dry (Indian),1/26/2025,KG,35,38,36.5
Cabbage(Local),1/26/2025,KG,30,35,32.5
Garlic Dry Chinese,1/26/2025,KG,170,180,175
Tomato Big(Nepali),1/27/2025,KG,50,60,55
Tomato Big(Indian),1/27/2025,KG,60,70,65
Onion Dry (Indian),1/27/2025,KG,35,38,36.5
Cabbage(Local),1/27/2025,KG,30,35,32.5
Garlic Dry Chinese,1/27/2025,KG,170,180,175
Tomato Big(Nepali),1/28/2025,KG,50,60,55
Tomato Big(Indian),1/28/2025,KG,60,70,65
Onion Dry (Indian),1/28/2025,KG,35,38,36.5
Cabbage(Local),1/28/2025,KG,30,35,32.5
Garlic Dry Chinese,1/28/2025,KG,170,180,175
Tomato Big(Nepali),1/29/2025,KG,50,60,55
Tomato Big(Indian),1/29/2025,KG,60,70,65
Onion Dry (Indian),1/29/2025,KG,35,38,36.5
Cabbage(Local),1/29/2025,KG,30,35,32.5
Garlic Dry Chinese,1/29/2025,KG,170,180,175
Tomato Big(Nepali),1/30/2025,KG,50,60,55
Tomato Big(Indian),1/30/2025,KG,60,70,65
Onion Dry (Indian),1/30/2025,KG,35,38,36.5
Cabbage(Local),1/30/2025,KG,30,35,32.5
Garlic Dry Chinese,1/30/2025,KG,170,180,175
Tomato Big(Nepali),1/31/2025,KG,50,60,55
Tomato Big(Indian),1/31/2025,KG,60,70,65
Onion Dry (Indian),1/31/2025,KG,35,38,36.5
Cabbage(Local),1/31/2025,KG,30,35,32.5
Garlic Dry Chinese,1/31/2025,KG,170,180,175
Tomato Big(Nepali),2/1/2025,KG,50,60,55
Tomato Big(Indian),2/1/2025,KG,60,70,65
Onion Dry (Indian),2/1/2025,KG,35,38,36.5
Cabbage(Local),2/1/2025,KG,30,35,32.5
Garlic Dry Chinese,2/1/2025,KG,170,180,175
Tomato Big(Nepali),2/2/2025,KG,50,60,55
Tomato Big(Indian),2/2/2025,KG,60,70,65
Onion Dry (Indian),2/2/2025,KG,35,38,36.5
Cabbage(Local),2/2/2025,KG,30,35,32.5
Garlic Dry Chinese,2/2/2025,KG,170,180,175
Tomato Big(Nepali),2/3/2025,KG,50,60,55
Tomato Big(Indian),2/3/2025,KG,60,70,65
Onion Dry (Indian),2/3/2025,KG,35,38,36.5
Cabbage(Local),2/3/2025,KG,30,35,32.5
Garlic Dry Chinese,2/3/2025,KG,170,180,175
Tomato Big(Nepali),2/4/2025,KG,50,60,55
Tomato Big(Indian),2/4/2025,KG,60,70,65
Onion Dry (Indian),2/4/2025,KG,35,38,36.5
Cabbage(Local),2/4/2025,KG,30,35,32.5
Garlic Dry Chinese,2/4/2025,KG,170,180,175
Tomato Big(Nepali),2/5/2025,KG,50,60,55
Tomato Big(Indian),2/5/2025,KG,60,70,65
Onion Dry (Indian),2/5/2025,KG,35,38,36.5
Cabbage(Local),2/5/2025,KG,30,35,32.5
Garlic Dry Chinese,2/5/2025,KG,170,180,175
Tomato Big(Nepali),2/6/2025,KG,50,60,55
Tomato Big(Indian),2/6/2025,KG,60,70,65
Onion Dry (Indian),2/6/2025,KG,35,38,36.5
Cabbage(Local),2/6/2025,KG,30,35,32.5
Garlic Dry Chinese,2/6/2025,KG,170,180,175
Tomato Big(Nepali),2/7/2025,KG,50,60,55
Tomato Big(Indian),2/7/2025,KG,60,70,65
Onion Dry (Indian),2/7/2025,KG,35,38,36.5
Cabbage(Local),2/7/2025,KG,30,35,32.5
Garlic Dry Chinese,2/7/2025,KG,170,180,175
Tomato Big(Nepali),2/8/2025,KG,50,60,55
Tomato Big(Indian),2/8/2025,KG,60,70,65
Onion Dry (Indian),2/8/2025,KG,35,38,36.5
Cabbage(Local),2/8/2025,KG,30,35,32.5
Garlic Dry Chinese,2/8/2025,KG,170,180,175
Tomato Big(Nepali),2/9/2025,KG,50,60,55
Tomato Big(Indian),2/9/2025,KG,60,70,65
Onion Dry (Indian),2/9/2025,KG,35,38,36.5
Cabbage(Local),2/9/2025,KG,30,35,32.5
Garlic Dry Chinese,2/9/2025,KG,170,180,175
Tomato Big(Nepali),2/10/2025,KG,50,60,55
Tomato Big(Indian),2/10/2025,KG,60,70,65
Onion Dry (Indian),2/10/2025,KG,35,38,36.5
Cabbage(Local),2/10/2025,KG,30,35,32.5
Garlic Dry Chinese,2/10/2025,KG,170,180,175
Tomato Big(Nepali),2/11/2025,KG,50,60,55
Tomato Big(Indian),2/11/2025,KG,60,70,65
Onion Dry (Indian),2/11/2025,KG,35,38,36.5
Cabbage(Local),2/11/2025,KG,30,35,32.5
Garlic Dry Chinese,2/11/2025,KG,170,180,175
Tomato Big(Nepali),2/12/2025,KG,50,60,55
Tomato Big(Indian),2/12/2025,KG,60,70,65
Onion Dry (Indian),2/12/2025,KG,35,38,36.5
Cabbage(Local),2/12/2025,KG,30,35,32.5
Garlic Dry Chinese,2/12/2025,KG,170,180,175
Tomato Big(Nepali),2/13/2025,KG,50,60,55
Tomato Big(Indian),2/13/2025,KG,60,70,65
Onion Dry (Indian),2/13/2025,KG,35,38,36.5
Cabbage(Local),2/13/2025,KG,30,35,32.5
Garlic Dry Chinese,2/13/2025,KG,170,180,175
Tomato Big(Nepali),2/14/2025,KG,50,60,55
Tomato Big(Indian),2/14/2025,KG,60,70,65
Onion Dry (Indian),2/14/2025,KG,35,38,36.5
Cabbage(Local),2/14/2025,KG,30,35,32.5
Garlic Dry Chinese,2/14/2025,KG,170,180,175
Tomato Big(Nepali),2/15/2025,KG,50,60,55
Tomato Big(Indian),2/15/2025,KG,60,70,65
Onion Dry (Indian),2/15/2025,KG,35,38,36.5
Cabbage(Local),2/15/2025,KG,30,35,32.5
Garlic Dry Chinese,2/15/2025,KG,170,180,175
Tomato Big(Nepali),2/16/2025,KG,50,60,55
Tomato Big(Indian),2/16/2025,KG,60,70,65
Onion Dry (Indian),2/16/2025,KG,35,38,36.5
Cabbage(Local),2/16/2025,KG,30,35,32.5
Garlic Dry Chinese,2/16/2025,KG,170,180,175
Tomato Big(Nepali),2/17/2025,KG,50,60,55
Tomato Big(Indian),2/17/2025,KG,60,70,65
Onion Dry (Indian),2/17/2025,KG,35,38,36.5
Cabbage(Local),2/17/2025,KG,30,35,32.5
Garlic Dry Chinese,2/17/2025,KG,170,180,175
Tomato Big(Nepali),2/18/2025,KG,50,60,55
Tomato Big(Indian),2/18/2025,KG,60,70,65
Onion Dry (Indian),2/18/2025,KG,35,38,36.5
Cabbage(Local),2/18/2025,KG,30,35,32.5
Garlic Dry Chinese,2/18/2025,KG,170,180,175
Tomato Big(Nepali),2/19/2025,KG,50,60,55
Tomato Big(Indian),2/19/2025,KG,60,70,65
Onion Dry (Indian),2/19/2025,KG,35,38,36.5
Cabbage(Local),2/19/2025,KG,30,35,32.5
Garlic Dry Chinese,2/19/2025,KG,170,180,175
Tomato Big(Nepali),2/20/2025,KG,50,60,55
Tomato Big(Indian),2/20/2025,KG,60,70,65
Onion Dry (Indian),2/20/2025,KG,35,38,36.5
Cabbage(Local),2/20/2025,KG,30,35,32.5
Garlic Dry Chinese,2/20/2025,KG,170,180,175
Tomato Big(Nepali),2/21/2025,KG,50,60,55
Tomato Big(Indian),2/21/2025,KG,60,70,65
Onion Dry (Indian),2/21/2025,KG,35,38,36.5
Cabbage(Local),2/21/2025,KG,30,35,32.5
Garlic Dry Chinese,2/21/2025,KG,170,180,175
Tomato Big(Nepali),2/22/2025,KG,50,60,55
Tomato Big(Indian),2/22/2025,KG,60,70,65
Onion Dry (Indian),2/22/2025,KG,35,38,36.5
Cabbage(Local),2/22/2025,KG,30,35,32.5
Garlic Dry Chinese,2/22/2025,KG,170,180,175
Tomato Big(Nepali),2/23/2025,KG,50,60,55
Tomato Big(Indian),2/23/2025,KG,60,70,65
Onion Dry (Indian),2/23/2025,KG,35,38,36.5
Cabbage(Local),2/23/2025,KG,30,35,32.5
Garlic Dry Chinese,2/23/2025,KG,170,180,175
Tomato Big(Nepali),2/24/2025,KG,50,60,55
Tomato Big(Indian),2/24/2025,KG,60,70,65
Onion Dry (Indian),2/24/2025,KG,35,38,36.5
Cabbage(Local),2/24/2025,KG,30,35,32.5
Garlic Dry Chinese,2/24/2025,KG,170,180,175
Tomato Big(Nepali),2/25/2025,KG,50,60,55
Tomato Big(Indian),2/25/2025,KG,60,70,65
Onion Dry (Indian),2/25/2025,KG,35,38,36.5
Cabbage(Local),2/25/2025,KG,30,35,32.5
Garlic Dry Chinese,2/25/2025,KG,170,180,175
Tomato Big(Nepali),2/26/2025,KG,50,60,55
Tomato Big(Indian),2/26/2025,KG,60,70,65
Onion Dry (Indian),2/26/2025,KG,35,38,36.5
Cabbage(Local),2/26/2025,KG,30,35,32.5
Garlic Dry Chinese,2/26/2025,KG,170,180,175
Tomato Big(Nepali),2/27/2025,KG,50,60,55
Tomato Big(Indian),2/27/2025,KG,60,70,65
Onion Dry (Indian),2/27/2025,KG,35,38,36.5
Cabbage(Local),2/27/2025,KG,30,35,32.5
Garlic Dry Chinese,2/27/2025,KG,170,180,175
Tomato Big(Nepali),2/28/2025,KG,50,60,55
Tomato Big(Indian),2/28/2025,KG,60,70,65
Onion Dry (Indian),2/28/2025,KG,35,38,36.5
Cabbage(Local),2/28/2025,KG,30,35,32.5
Garlic Dry Chinese,2/28/2025,KG,170,180,175
Tomato Big(Nepali),3/1/2025,KG,50,60,55
Tomato Big(Indian),3/1/2025,KG,60,70,65
Onion Dry (Indian),3/1/2025,KG,35,38,36.5
Cabbage(Local),3/1/2025,KG,30,35,32.5
Garlic Dry Chinese,3/1/2025,KG,170,180,175
Tomato Big(Nepali),3/2/2025,KG,50,60,55
Tomato Big(Indian),3/2/2025,KG,60,70,65
Onion Dry (Indian),3/2/2025,KG,35,38,36.5
Cabbage(Local),3/2/2025,KG,30,35,32.5
Garlic Dry Chinese,3/2/2025,KG,170,180,175
Tomato Big(Nepali),3/3/2025,KG,50,60,55
Tomato Big(Indian),3/3/2025,KG,60,70,65
Onion Dry (Indian),3/3/2025,KG,35,38,36.5
Cabbage(Local),3/3/2025,KG,30,35,32.5
Garlic Dry Chinese,3/3/2025,KG,170,180,175
Tomato Big(Nepali),3/4/2025,KG,50,60,55
Tomato Big(Indian),3/4/2025,KG,60,70,65
Onion Dry (Indian),3/4/2025,KG,35,38,36.5
Cabbage(Local),3/4/2025,KG,30,35,32.5
Garlic Dry Chinese,3/4/2025,KG,170,180,175
Tomato Big(Nepali),3/5/2025,KG,50,60,55
Tomato Big(Indian),3/5/2025,KG,60,70,65
Onion Dry (Indian),3/5/2025,KG,35,38,36.5
Cabbage(Local),3/5/2025,KG,30,35,32.5
Garlic Dry Chinese,3/5/2025,KG,170,180,175
Tomato Big(Nepali),3/6/2025,KG,50,60,55
Tomato Big(Indian),3/6/2025,KG,60,70,65
Onion Dry (Indian),3/6/2025,KG,35,38,36.5
Cabbage(Local),3/6/2025,KG,30,35,32.5
Garlic Dry Chinese,3/6/2025,KG,170,180,175
Tomato Big(Nepali),3/7/2025,KG,50,60,55
Tomato Big(Indian),3/7/2025,KG,60,70,65
Onion Dry (Indian),3/7/2025,KG,35,38,36.5
Cabbage(Local),3/7/2025,KG,30,35,32.5
Garlic Dry Chinese,3/7/2025,KG,170,180,175
Tomato Big(Nepali),3/8/2025,KG,50,60,55
Tomato Big(Indian),3/8/2025,KG,60,70,65
Onion Dry (Indian),3/8/2025,KG,35,38,36.5
Cabbage(Local),3/8/2025,KG,30,35,32.5
Garlic Dry Chinese,3/8/2025,KG,170,180,175
Tomato Big(Nepali),3/9/2025,KG,50,60,55
Tomato Big(Indian),3/9/2025,KG,60,70,65
Onion Dry (Indian),3/9/2025,KG,35,38,36.5
Cabbage(Local),3/9/2025,KG,30,35,32.5
Garlic Dry Chinese,3/9/2025,KG,170,180,175
Tomato Big(Nepali),3/10/2025,KG,50,60,55
Tomato Big(Indian),3/10/2025,KG,60,70,65
Onion Dry (Indian),3/10/2025,KG,35,38,36.5
Cabbage(Local),3/10/2025,KG,30,35,32.5
Garlic Dry Chinese,3/10/2025,KG,170,180,175
Tomato Big(Nepali),3/11/2025,KG,50,60,55
Tomato Big(Indian),3/11/2025,KG,60,70,65
Onion Dry (Indian),3/11/2025,KG,35,38,36.5
Cabbage(Local),3/11/2025,KG,30,35,32.5
Garlic Dry Chinese,3/11/2025,KG,170,180,175
Tomato Big(Nepali),3/12/2025,KG,50,60,55
Tomato Big(Indian),3/12/2025,KG,60,70,65
Onion Dry (Indian),3/12/2025,KG,35,38,36.5
Cabbage(Local),3/12/2025,KG,30,35,32.5
Garlic Dry Chinese,3/12/2025,KG,170,180,175
Tomato Big(Nepali),3/13/2025,KG,50,60,55
Tomato Big(Indian),3/13/2025,KG,60,70,65
Onion Dry (Indian),3/13/2025,KG,35,38,36.5
Cabbage(Local),3/13/2025,KG,30,35,32.5
Garlic Dry Chinese,3/13/2025,KG,170,180,175
Tomato Big(Nepali),3/14/2025,KG,50,60,55
Tomato Big(Indian),3/14/2025,KG,60,70,65
Onion Dry (Indian),3/14/2025,KG,35,38,36.5
Cabbage(Local),3/14/2025,KG,30,35,32.5
Garlic Dry Chinese,3/14/2025,KG,170,180,175
Tomato Big(Nepali),3/15/2025,KG,50,60,55
Tomato Big(Indian),3/15/2025,KG,60,70,65
Onion Dry (Indian),3/15/2025,KG,35,38,36.5
Cabbage(Local),3/15/2025,KG,30,35,32.5
Garlic Dry Chinese,3/15/2025,KG,170,180,175
Tomato Big(Nepali),3/16/2025,KG,50,60,55
Tomato Big(Indian),3/16/2025,KG,60,70,65
Onion Dry (Indian),3/16/2025,KG,35,38,36.5
Cabbage(Local),3/16/2025,KG,30,35,32.5
Garlic Dry Chinese,3/16/2025,KG,170,180,175
Tomato Big(Nepali),3/17/2025,KG,50,60,55
Tomato Big(Indian),3/17/2025,KG,60,70,65
Onion Dry (Indian),3/17/2025,KG,35,38,36.5
Cabbage(Local),3/17/2025,KG,30,35,32.5
Garlic Dry Chinese,3/17/2025,KG,170,180,175
Tomato Big(Nepali),3/18/2025,KG,50,60,55
Tomato Big(Indian),3/18/2025,KG,60,70,65
Onion Dry (Indian),3/18/2025,KG,35,38,36.5
Cabbage(Local),3/18/2025,KG,30,35,32.5
Garlic Dry Chinese,3/18/2025,KG,170,180,175
Tomato Big(Nepali),3/19/2025,KG,50,60,55
Tomato Big(Indian),3/19/2025,KG,60,70,65
Onion Dry (Indian),3/19/2025,KG,35,38,36.5
Cabbage(Local),3/19/2025,KG,30,35,32.5
Garlic Dry Chinese,3/19/2025,KG,170,180,175
Tomato Big(Nepali),3/20/2025,KG,50,60,55
Tomato Big(Indian),3/20/2025,KG,60,70,65
Onion Dry (Indian),3/20/2025,KG,35,38,36.5
Cabbage(Local),3/20/2025,KG,30,35,32.5
Garlic Dry Chinese,3/20/2025,KG,170,180,175
Tomato Big(Nepali),3/21/2025,KG,50,60,55
Tomato Big(Indian),3/21/2025,KG,60,70,65
Onion Dry (Indian),3/21/2025,KG,35,38,36.5
Cabbage(Local),3/21/2025,KG,30,35,32.5
Garlic Dry Chinese,3/21/2025,KG,170,180,175
Tomato Big(Nepali),3/22/2025,KG,50,60,55
Tomato Big(Indian),3/22/2025,KG,60,70,65
Onion Dry (Indian),3/22/2025,KG,35,38,36.5
Cabbage(Local),3/22/2025,KG,30,35,32.5
Garlic Dry Chinese,3/22/2025,KG,170,180,175
Tomato Big(Nepali),3/23/2025,KG,50,60,55
Tomato Big(Indian),3/23/2025,KG,60,70,65
Onion Dry (Indian),3/23/2025,KG,35,38,36.5
Cabbage(Local),3/23/2025,KG,30,35,32.5
Garlic Dry Chinese,3/23/2025,KG,170,180,175
Tomato Big(Nepali),3/24/2025,KG,50,60,55
Tomato Big(Indian),3/24/2025,KG,60,70,65
Onion Dry (Indian),3/24/2025,KG,35,38,36.5
Cabbage(Local),3/24/2025,KG,30,35,32.5
Garlic Dry Chinese,3/24/2025,KG,170,180,175
Tomato Big(Nepali),3/25/2025,KG,50,60,55
Tomato Big(Indian),3/25/2025,KG,60,70,65
Onion Dry (Indian),3/25/2025,KG,35,38,36.5
Cabbage(Local),3/25/2025,KG,30,35,32.5
Garlic Dry Chinese,3/25/2025,KG,170,180,175
Tomato Big(Nepali),3/26/2025,KG,50,60,55
Tomato Big(Indian),3/26/2025,KG,60,70,65
Onion Dry (Indian),3/26/2025,KG,35,38,36.5
Cabbage(Local),3/26/2025,KG,30,35,32.5
Garlic Dry Chinese,3/26/2025,KG,170,180,175
Tomato Big(Nepali),3/27/2025,KG,50,60,55
Tomato Big(Indian),3/27/2025,KG,60,70,65
Onion Dry (Indian),3/27/2025,KG,35,38,36.5
Cabbage(Local),3/27/2025,KG,30,35,32.5
Garlic Dry Chinese,3/27/2025,KG,170,180,175
Tomato Big(Nepali),3/28/2025,KG,50,60,55
Tomato Big(Indian),3/28/2025,KG,60,70,65
Onion Dry (Indian),3/28/2025,KG,35,38,36.5
Cabbage(Local),3/28/2025,KG,30,35,32.5
Garlic Dry Chinese,3/28/2025,KG,170,180,175
Tomato Big(Nepali),3/29/2025,KG,50,60,55
Tomato Big(Indian),3/29/2025,KG,60,70,65
Onion Dry (Indian),3/29/2025,KG,35,38,36.5
Cabbage(Local),3/29/2025,KG,30,35,32.5
Garlic Dry Chinese,3/29/2025,KG,170,180,175
Tomato Big(Nepali),3/30/2025,KG,50,60,55
Tomato Big(Indian),3/30/2025,KG,60,70,65
Onion Dry (Indian),3/30/2025,KG,35,38,36.5
Cabbage(Local),3/30/2025,KG,30,35,32.5
Garlic Dry Chinese,3/30/2025,KG,170,180,175
Tomato Big(Nepali),3/31/2025,KG,50,60,55
Tomato Big(Indian),3/31/2025,KG,60,70,65
Onion Dry (Indian),3/31/2025,KG,35,38,36.5
Cabbage(Local),3/31/2025,KG,30,35,32.5
Garlic Dry Chinese,3/31/2025,KG,170,180,175
Tomato Big(Nepali),4/1/2025,KG,50,60,55
Tomato Big(Indian),4/1/2025,KG,60,70,65
Onion Dry (Indian),4/1/2025,KG,35,38,36.5
Cabbage(Local),4/1/2025,KG,30,35,32.5
Garlic Dry Chinese,4/1/2025,KG,170,180,175
Tomato Big(Nepali),4/2/2025,KG,50,60,55
Tomato Big(Indian),4/2/2025,KG,60,70,65
Onion Dry (Indian),4/2/2025,KG,35,38,36.5
Cabbage(Local),4/2/2025,KG,30,35,32.5
Garlic Dry Chinese,4/2/2025,KG,170,180,175
Tomato Big(Nepali),4/3/2025,KG,50,60,55
Tomato Big(Indian),4/3/2025,KG,60,70,65
Onion Dry (Indian),4/3/2025,KG,35,38,36.5
Cabbage(Local),4/3/2025,KG,30,35,32.5
Garlic Dry Chinese,4/3/2025,KG,170,180,175
Tomato Big(Nepali),4/4/2025,KG,50,60,55
Tomato Big(Indian),4/4/2025,KG,60,70,65
Onion Dry (Indian),4/4/2025,KG,35,38,36.5
Cabbage(Local),4/4/2025,KG,30,35,32.5
Garlic Dry Chinese,4/4/2025,KG,170,180,175
Tomato Big(Nepali),4/5/2025,KG,50,60,55
Tomato Big(Indian),4/5/2025,KG,60,70,65
Onion Dry (Indian),4/5/2025,KG,35,38,36.5
Cabbage(Local),4/5/2025,KG,30,35,32.5
Garlic Dry Chinese,4/5/2025,KG,170,180,175
Tomato Big(Nepali),4/6/2025,KG,50,60,55
Tomato Big(Indian),4/6/2025,KG,60,70,65
Onion Dry (Indian),4/6/2025,KG,35,38,36.5
Cabbage(Local),4/6/2025,KG,30,35,32.5
Garlic Dry Chinese,4/6/2025,KG,170,180,175
Tomato Big(Nepali),4/7/2025,KG,50,60,55
Tomato Big(Indian),4/7/2025,KG,60,70,65
Onion Dry (Indian),4/7/2025,KG,35,38,36.5
Cabbage(Local),4/7/2025,KG,30,35,32.5
Garlic Dry Chinese,4/7/2025,KG,170,180,175
Tomato Big(Nepali),4/8/2025,KG,50,60,55
Tomato Big(Indian),4/8/2025,KG,60,70,65
Onion Dry (Indian),4/8/2025,KG,35,38,36.5
Cabbage(Local),4/8/2025,KG,30,35,32.5
Garlic Dry Chinese,4/8/2025,KG,170,180,175
Tomato Big(Nepali),4/9/2025,KG,50,60,55
Tomato Big(Indian),4/9/2025,KG,60,70,65
Onion Dry (Indian),4/9/2025,KG,35,38,36.5
Cabbage(Local),4/9/2025,KG,30,35,32.5
Garlic Dry Chinese,4/9/2025,KG,170,180,175
Tomato Big(Nepali),4/10/2025,KG,50,60,55
Tomato Big(Indian),4/10/2025,KG,60,70,65
Onion Dry (Indian),4/10/2025,KG,35,38,36.5
Cabbage(Local),4/10/2025,KG,30,35,32.5
Garlic Dry Chinese,4/10/2025,KG,170,180,175
Tomato Big(Nepali),4/11/2025,KG,50,60,55
Tomato Big(Indian),4/11/2025,KG,60,70,65
Onion Dry (Indian),4/11/2025,KG,35,38,36.5
Cabbage(Local),4/11/2025,KG,30,35,32.5
Garlic Dry Chinese,4/11/2025,KG,170,180,175
Tomato Big(Nepali),4/12/2025,KG,50,60,55
Tomato Big(Indian),4/12/2025,KG,60,70,65
Onion Dry (Indian),4/12/2025,KG,35,38,36.5
Cabbage(Local),4/12/2025,KG,30,35,32.5
Garlic Dry Chinese,4/12/2025,KG,170,180,175
Tomato Big(Nepali),4/13/2025,KG,50,60,55
Tomato Big(Indian),4/13/2025,KG,60,70,65
Onion Dry (Indian),4/13/2025,KG,35,38,36.5
Cabbage(Local),4/13/2025,KG,30,35,32.5
Garlic Dry Chinese,4/13/2025,KG,170,180,175
Tomato Big(Nepali),4/14/2025,KG,50,60,55
Tomato Big(Indian),4/14/2025,KG,60,70,65
Onion Dry (Indian),4/14/2025,KG,35,38,36.5
Cabbage(Local),4/14/2025,KG,30,35,32.5
Garlic Dry Chinese,4/14/2025,KG,170,180,175
Tomato Big(Nepali),4/15/2025,KG,50,60,55
Tomato Big(Indian),4/15/2025,KG,60,70,65
Onion Dry (Indian),4/15/2025,KG,35,38,36.5
Cabbage(Local),4/15/2025,KG,30,35,32.5
Garlic Dry Chinese,4/15/2025,KG,170,180,175
Tomato Big(Nepali),4/16/2025,KG,50,60,55
Tomato Big(Indian),4/16/2025,KG,60,70,65
Onion Dry (Indian),4/16/2025,KG,35,38,36.5
Cabbage(Local),4/16/2025,KG,30,35,32.5
Garlic Dry Chinese,4/16/2025,KG,170,180,175
Tomato Big(Nepali),4/17/2025,KG,50,60,55
Tomato Big(Indian),4/17/2025,KG,60,70,65
Onion Dry (Indian),4/17/2025,KG,35,38,36.5
Cabbage(Local),4/17/2025,KG,30,35,32.5
Garlic Dry Chinese,4/17/2025,KG,170,180,175
Tomato Big(Nepali),4/18/2025,KG,50,60,55
Tomato Big(Indian),4/18/2025,KG,60,70,65
Onion Dry (Indian),4/18/2025,KG,35,38,36.5
Cabbage(Local),4/18/2025,KG,30,35,32.5
Garlic Dry Chinese,4/18/2025,KG,170,180,175
Tomato Big(Nepali),4/19/2025,KG,50,60,55
Tomato Big(Indian),4/19/2025,KG,60,70,65
Onion Dry (Indian),4/19/2025,KG,35,38,36.5
Cabbage(Local),4/19/2025,KG,30,35,32.5
Garlic Dry Chinese,4/19/2025,KG,170,180,175
Tomato Big(Nepali),4/20/2025,KG,50,60,55
Tomato Big(Indian),4/20/2025,KG,60,70,65
Onion Dry (Indian),4/20/2025,KG,35,38,36.5
Cabbage(Local),4/20/2025,KG,30,35,32.5
Garlic Dry Chinese,4/20/2025,KG,170,180,175
Tomato Big(Nepali),4/21/2025,KG,50,60,55
Tomato Big(Indian),4/21/2025,KG,60,70,65
Onion Dry (Indian),4/21/2025,KG,35,38,36.5
Cabbage(Local),4/21/2025,KG,30,35,32.5
Garlic Dry Chinese,4/21/2025,KG,170,180,175
Tomato Big(Nepali),4/22/2025,KG,50,60,55
Tomato Big(Indian),4/22/2025,KG,60,70,65
Onion Dry (Indian),4/22/2025,KG,35,38,36.5
Cabbage(Local),4/22/2025,KG,30,35,32.5
Garlic Dry Chinese,4/22/2025,KG,170,180,175
Tomato Big(Nepali),4/23/2025,KG,50,60,55
Tomato Big(Indian),4/23/2025,KG,60,70,65
Onion Dry (Indian),4/23/2025,KG,35,38,36.5
Cabbage(Local),4/23/2025,KG,30,35,32.5
Garlic Dry Chinese,4/23/2025,KG,170,180,175
Tomato Big(Nepali),4/24/2025,KG,50,60,55
Tomato Big(Indian),4/24/2025,KG,60,70,65
Onion Dry (Indian),4/24/2025,KG,35,38,36.5
Cabbage(Local),4/24/2025,KG,30,35,32.5
Garlic Dry Chinese,4/24/2025,KG,170,180,175
Tomato Big(Nepali),4/25/2025,KG,50,60,55
Tomato Big(Indian),4/25/2025,KG,60,70,65
Onion Dry (Indian),4/25/2025,KG,35,38,36.5
Cabbage(Local),4/25/2025,KG,30,35,32.5
Garlic Dry Chinese,4/25/2025,KG,170,180,175
Tomato Big(Nepali),4/26/2025,KG,50,60,55
Tomato Big(Indian),4/26/2025,KG,60,70,65
Onion Dry (Indian),4/26/2025,KG,35,38,36.5
Cabbage(Local),4/26/2025,KG,30,35,32.5
Garlic Dry Chinese,4/26/2025,KG,170,180,175
Tomato Big(Nepali),4/27/2025,KG,50,60,55
Tomato Big(Indian),4/27/2025,KG,60,70,65
Onion Dry (Indian),4/27/2025,KG,35,38,36.5
Cabbage(Local),4/27/2025,KG,30,35,32.5
Garlic Dry Chinese,4/27/2025,KG,170,180,175
Tomato Big(Nepali),4/28/2025,KG,50,60,55
Tomato Big(Indian),4/28/2025,KG,60,70,65
Onion Dry (Indian),4/28/2025,KG,35,38,36.5
Cabbage(Local),4/28/2025,KG,30,35,32.5
Garlic Dry Chinese,4/28/2025,KG,170,180,175
Tomato Big(Nepali),4/29/2025,KG,50,60,55
Tomato Big(Indian),4/29/2025,KG,60,70,65
Onion Dry (Indian),4/29/2025,KG,35,38,36.5
Cabbage(Local),4/29/2025,KG,30,35,32.5
Garlic Dry Chinese,4/29/2025,KG,170,180,175
Tomato Big(Nepali),4/30/2025,KG,50,60,55
Tomato Big(Indian),4/30/2025,KG,60,70,65
Onion Dry (Indian),4/30/2025,KG,35,38,36.5
Cabbage(Local),4/30/2025,KG,30,35,32.5
Garlic Dry Chinese,4/30/2025,KG,170,180,175
Tomato Big(Nepali),5/1/2025,KG,50,60,55
Tomato Big(Indian),5/1/2025,KG,60,70,65
Onion Dry (Indian),5/1/2025,KG,35,38,36.5
Cabbage(Local),5/1/2025,KG,30,35,32.5
Garlic Dry Chinese,5/1/2025,KG,170,180,175
Tomato Big(Nepali),5/2/2025,KG,50,60,55
Tomato Big(Indian),5/2/2025,KG,60,70,65
Onion Dry (Indian),5/2/2025,KG,35,38,36.5
Cabbage(Local),5/2/2025,KG,30,35,32.5
Garlic Dry Chinese,5/2/2025,KG,170,180,175
Tomato Big(Nepali),5/3/2025,KG,50,60,55
Tomato Big(Indian),5/3/2025,KG,60,70,65
Onion Dry (Indian),5/3/2025,KG,35,38,36.5
Cabbage(Local),5/3/2025,KG,30,35,32.5
Garlic Dry Chinese,5/3/2025,KG,170,180,175
Tomato Big(Nepali),5/4/2025,KG,50,60,55
Tomato Big(Indian),5/4/2025,KG,60,70,65
Onion Dry (Indian),5/4/2025,KG,35,38,36.5
Cabbage(Local),5/4/2025,KG,30,35,32.5
Garlic Dry Chinese,5/4/2025,KG,170,180,175
Tomato Big(Nepali),5/5/2025,KG,50,60,55
Tomato Big(Indian),5/5/2025,KG,60,70,65
Onion Dry (Indian),5/5/2025,KG,35,38,36.5
Cabbage(Local),5/5/2025,KG,30,35,32.5
Garlic Dry Chinese,5/5/2025,KG,170,180,175
Tomato Big(Nepali),5/6/2025,KG,50,60,55
Tomato Big(Indian),5/6/2025,KG,60,70,65
Onion Dry (Indian),5/6/2025,KG,35,38,36.5
Cabbage(Local),5/6/2025,KG,30,35,32.5
Garlic Dry Chinese,5/6/2025,KG,170,180,175
Tomato Big(Nepali),5/7/2025,KG,50,60,55
Tomato Big(Indian),5/7/2025,KG,60,70,65
Onion Dry (Indian),5/7/2025,KG,35,38,36.5
Cabbage(Local),5/7/2025,KG,30,35,32.5
Garlic Dry Chinese,5/7/2025,KG,170,180,175
Tomato Big(Nepali),5/8/2025,KG,50,60,55
Tomato Big(Indian),5/8/2025,KG,60,70,65
Onion Dry (Indian),5/8/2025,KG,35,38,36.5
Cabbage(Local),5/8/2025,KG,30,35,32.5
Garlic Dry Chinese,5/8/2025,KG,170,180,175
Tomato Big(Nepali),5/9/2025,KG,50,60,55
Tomato Big(Indian),5/9/2025,KG,60,70,65
Onion Dry (Indian),5/9/2025,KG,35,38,36.5
Cabbage(Local),5/9/2025,KG,30,35,32.5
Garlic Dry Chinese,5/9/2025,KG,170,180,175
Tomato Big(Nepali),5/10/2025,KG,50,60,55
Tomato Big(Indian),5/10/2025,KG,60,70,65
Onion Dry (Indian),5/10/2025,KG,35,38,36.5
Cabbage(Local),5/10/2025,KG,30,35,32.5
Garlic Dry Chinese,5/10/2025,KG,170,180,175
Tomato Big(Nepali),5/11/2025,KG,50,60,55
Tomato Big(Indian),5/11/2025,KG,60,70,65
Onion Dry (Indian),5/11/2025,KG,35,38,36.5
Cabbage(Local),5/11/2025,KG,30,35,32.5
Garlic Dry Chinese,5/11/2025,KG,170,180,175
Tomato Big(Nepali),5/12/2025,KG,50,60,55
Tomato Big(Indian),5/12/2025,KG,60,70,65
Onion Dry (Indian),5/12/2025,KG,35,38,36.5
Cabbage(Local),5/12/2025,KG,30,35,32.5
Garlic Dry Chinese,5/12/2025,KG,170,180,175
Tomato Big(Nepali),5/13/2025,KG,50,60,55
Tomato Big(Indian),5/13/2025,KG,60,70,65
Onion Dry (Indian),5/13/2025,KG,35,38,36.5
Cabbage(Local),5/13/2025,KG,30,35,32.5
Garlic Dry Chinese,5/13/2025,KG,170,180,175
Tomato Big(Nepali),5/14/2025,KG,50,60,55
Tomato Big(Indian),5/14/2025,KG,60,70,65
Onion Dry (Indian),5/14/2025,KG,35,38,36.5
Cabbage(Local),5/14/2025,KG,30,35,32.5
Garlic Dry Chinese,5/14/2025,KG,170,180,175
Tomato Big(Nepali),5/15/2025,KG,50,60,55
Tomato Big(Indian),5/15/2025,KG,60,70,65
Onion Dry (Indian),5/15/2025,KG,35,38,36.5
Cabbage(Local),5/15/2025,KG,30,35,32.5
Garlic Dry Chinese,5/15/2025,KG,170,180,175
Tomato Big(Nepali),5/16/2025,KG,50,60,55
Tomato Big(Indian),5/16/2025,KG,60,70,65
Onion Dry (Indian),5/16/2025,KG,35,38,36.5
Cabbage(Local),5/16/2025,KG,30,35,32.5
Garlic Dry Chinese,5/16/2025,KG,170,180,175
Tomato Big(Nepali),5/17/2025,KG,50,60,55
Tomato Big(Indian),5/17/2025,KG,60,70,65
Onion Dry (Indian),5/17/2025,KG,35,38,36.5
Cabbage(Local),5/17/2025,KG,30,35,32.5
Garlic Dry Chinese,5/17/2025,KG,170,180,175
Tomato Big(Nepali),5/18/2025,KG,50,60,55
Tomato Big(Indian),5/18/2025,KG,60,70,65
Onion Dry (Indian),5/18/2025,KG,35,38,36.5
Cabbage(Local),5/18/2025,KG,30,35,32.5
Garlic Dry Chinese,5/18/2025,KG,170,180,175
Tomato Big(Nepali),5/19/2025,KG,50,60,55
Tomato Big(Indian),5/19/2025,KG,60,70,65
Onion Dry (Indian),5/19/2025,KG,35,38,36.5
Cabbage(Local),5/19/2025,KG,30,35,32.5
Garlic Dry Chinese,5/19/2025,KG,170,180,175
Tomato Big(Nepali),5/20/2025,KG,50,60,55
Tomato Big(Indian),5/20/2025,KG,60,70,65
Onion Dry (Indian),5/20/2025,KG,35,38,36.5
Cabbage(Local),5/20/2025,KG,30,35,32.5
Garlic Dry Chinese,5/20/2025,KG,170,180,175
Tomato Big(Nepali),5/21/2025,KG,50,60,55
Tomato Big(Indian),5/21/2025,KG,60,70,65
Onion Dry (Indian),5/21/2025,KG,35,38,36.5
Cabbage(Local),5/21/2025,KG,30,35,32.5
Garlic Dry Chinese,5/21/2025,KG,170,180,175
Tomato Big(Nepali),5/22/2025,KG,50,60,55
Tomato Big(Indian),5/22/2025,KG,60,70,65
Onion Dry (Indian),5/22/2025,KG,35,38,36.5
Cabbage(Local),5/22/2025,KG,30,35,32.5
Garlic Dry Chinese,5/22/2025,KG,170,180,175
Tomato Big(Nepali),5/23/2025,KG,50,60,55
Tomato Big(Indian),5/23/2025,KG,60,70,65
Onion Dry (Indian),5/23/2025,KG,35,38,36.5
Cabbage(Local),5/23/2025,KG,30,35,32.5
Garlic Dry Chinese,5/23/2025,KG,170,180,175
Tomato Big(Nepali),5/24/2025,KG,50,60,55
Tomato Big(Indian),5/24/2025,KG,60,70,65
Onion Dry (Indian),5/24/2025,KG,35,38,36.5
Cabbage(Local),5/24/2025,KG,30,35,32.5
Garlic Dry Chinese,5/24/2025,KG,170,180,175
Tomato Big(Nepali),5/25/2025,KG,50,60,55
Tomato Big(Indian),5/25/2025,KG,60,70,65
Onion Dry (Indian),5/25/2025,KG,35,38,36.5
Cabbage(Local),5/25/2025,KG,30,35,32.5
Garlic Dry Chinese,5/25/2025,KG,170,180,175
Tomato Big(Nepali),5/26/2025,KG,50,60,55
Tomato Big(Indian),5/26/2025,KG,60,70,65
Onion Dry (Indian),5/26/2025,KG,35,38,36.5
Cabbage(Local),5/26/2025,KG,30,35,32.5
Garlic Dry Chinese,5/26/2025,KG,170,180,175
Tomato Big(Nepali),5/27/2025,KG,50,60,55
Tomato Big(Indian),5/27/2025,KG,60,70,65
Onion Dry (Indian),5/27/2025,KG,35,38,36.5
Cabbage(Local),5/27/2025,KG,30,35,32.5
Garlic Dry Chinese,5/27/2025,KG,170,180,175
Tomato Big(Nepali),5/28/2025,KG,50,60,55
Tomato Big(Indian),5/28/2025,KG,60,70,65
Onion Dry (Indian),5/28/2025,KG,35,38,36.5
Cabbage(Local),5/28/2025,KG,30,35,32.5
Garlic Dry Chinese,5/28/2025,KG,170,180,175
Tomato Big(Nepali),5/29/2025,KG,50,60,55
Tomato Big(Indian),5/29/2025,KG,60,70,65
Onion Dry (Indian),5/29/2025,KG,35,38,36.5
Cabbage(Local),5/29/2025,KG,30,35,32.5
Garlic Dry Chinese,5/29/2025,KG,170,180,175
Tomato Big(Nepali),5/30/2025,KG,50,60,55
Tomato Big(Indian),5/30/2025,KG,60,70,65
Onion Dry (Indian),5/30/2025,KG,35,38,36.5
Cabbage(Local),5/30/2025,KG,30,35,32.5
Garlic Dry Chinese,5/30/2025,KG,170,180,175
Tomato Big(Nepali),5/31/2025,KG,50,60,55
Tomato Big(Indian),5/31/2025,KG,60,70,65
Onion Dry (Indian),5/31/2025,KG,35,38,36.5
Cabbage(Local),5/31/2025,KG,30,35,32.5
Garlic Dry Chinese,5/31/2025,KG,170,180,175
Tomato Big(Nepali),6/1/2025,KG,50,60,55
Tomato Big(Indian),6/1/2025,KG,60,70,65
Onion Dry (Indian),6/1/2025,KG,35,38,36.5
Cabbage(Local),6/1/2025,KG,30,35,32.5
Garlic Dry Chinese,6/1/2025,KG,170,180,175
Tomato Big(Nepali),6/2/2025,KG,50,60,55
Tomato Big(Indian),6/2/2025,KG,60,70,65
Onion Dry (Indian),6/2/2025,KG,35,38,36.5
Cabbage(Local),6/2/2025,KG,30,35,32.5
Garlic Dry Chinese,6/2/2025,KG,170,180,175
Tomato Big(Nepali),6/3/2025,KG,50,60,55
Tomato Big(Indian),6/3/2025,KG,60,70,65
Onion Dry (Indian),6/3/2025,KG,35,38,36.5
Cabbage(Local),6/3/2025,KG,30,35,32.5
Garlic Dry Chinese,6/3/2025,KG,170,180,175
Tomato Big(Nepali),6/4/2025,KG,50,60,55
Tomato Big(Indian),6/4/2025,KG,60,70,65
Onion Dry (Indian),6/4/2025,KG,35,38,36.5
Cabbage(Local),6/4/2025,KG,30,35,32.5
Garlic Dry Chinese,6/4/2025,KG,170,180,175
Tomato Big(Nepali),6/5/2025,KG,50,60,55
Tomato Big(Indian),6/5/2025,KG,60,70,65
Onion Dry (Indian),6/5/2025,KG,35,38,36.5
Cabbage(Local),6/5/2025,KG,30,35,32.5
Garlic Dry Chinese,6/5/2025,KG,170,180,175
Tomato Big(Nepali),6/6/2025,KG,50,60,55
Tomato Big(Indian),6/6/2025,KG,60,70,65
Onion Dry (Indian),6/6/2025,KG,35,38,36.5
Cabbage(Local),6/6/2025,KG,30,35,32.5
Garlic Dry Chinese,6/6/2025,KG,170,180,175
Tomato Big(Nepali),6/7/2025,KG,50,60,55
Tomato Big(Indian),6/7/2025,KG,60,70,65
Onion Dry (Indian),6/7/2025,KG,35,38,36.5
Cabbage(Local),6/7/2025,KG,30,35,32.5
Garlic Dry Chinese,6/7/2025,KG,170,180,175
Tomato Big(Nepali),6/8/2025,KG,50,60,55
Tomato Big(Indian),6/8/2025,KG,60,70,65
Onion Dry (Indian),6/8/2025,KG,35,38,36.5
Cabbage(Local),6/8/2025,KG,30,35,32.5
Garlic Dry Chinese,6/8/2025,KG,170,180,175
Tomato Big(Nepali),6/9/2025,KG,50,60,55
Tomato Big(Indian),6/9/2025,KG,60,70,65
Onion Dry (Indian),6/9/2025,KG,35,38,36.5
Cabbage(Local),6/9/2025,KG,30,35,32.5
Garlic Dry Chinese,6/9/2025,KG,170,180,175
Tomato Big(Nepali),6/10/2025,KG,50,60,55
Tomato Big(Indian),6/10/2025,KG,60,70,65
Onion Dry (Indian),6/10/2025,KG,35,38,36.5
Cabbage(Local),6/10/2025,KG,30,35,32.5
Garlic Dry Chinese,6/10/2025,KG,170,180,175
Tomato Big(Nepali),6/11/2025,KG,50,60,55
Tomato Big(Indian),6/11/2025,KG,60,70,65
Onion Dry (Indian),6/11/2025,KG,35,38,36.5
Cabbage(Local),6/11/2025,KG,30,35,32.5
Garlic Dry Chinese,6/11/2025,KG,170,180,175
Tomato Big(Nepali),6/12/2025,KG,50,60,55
Tomato Big(Indian),6/12/2025,KG,60,70,65
Onion Dry (Indian),6/12/2025,KG,35,38,36.5
Cabbage(Local),6/12/2025,KG,30,35,32.5
Garlic Dry Chinese,6/12/2025,KG,170,180,175
Tomato Big(Nepali),6/13/2025,KG,50,60,55
Tomato Big(Indian),6/13/2025,KG,60,70,65
Onion Dry (Indian),6/13/2025,KG,35,38,36.5
Cabbage(Local),6/13/2025,KG,30,35,32.5
Garlic Dry Chinese,6/13/2025,KG,170,180,175
Tomato Big(Nepali),6/14/2025,KG,50,60,55
Tomato Big(Indian),6/14/2025,KG,60,70,65
Onion Dry (Indian),6/14/2025,KG,35,38,36.5
Cabbage(Local),6/14/2025,KG,30,35,32.5
Garlic Dry Chinese,6/14/2025,KG,170,180,175
Tomato Big(Nepali),6/15/2025,KG,50,60,55
Tomato Big(Indian),6/15/2025,KG,60,70,65
Onion Dry (Indian),6/15/2025,KG,35,38,36.5
Cabbage(Local),6/15/2025,KG,30,35,32.5
Garlic Dry Chinese,6/15/2025,KG,170,180,175
Tomato Big(Nepali),6/16/2025,KG,50,60,55
Tomato Big(Indian),6/16/2025,KG,60,70,65
Onion Dry (Indian),6/16/2025,KG,35,38,36.5
Cabbage(Local),6/16/2025,KG,30,35,32.5
Garlic Dry Chinese,6/16/2025,KG,170,180,175
Tomato Big(Nepali),6/17/2025,KG,50,60,55
Tomato Big(Indian),6/17/2025,KG,60,70,65
Onion Dry (Indian),6/17/2025,KG,35,38,36.5
Cabbage(Local),6/17/2025,KG,30,35,32.5
Garlic Dry Chinese,6/17/2025,KG,170,180,175
Tomato Big(Nepali),6/18/2025,KG,50,60,55
Tomato Big(Indian),6/18/2025,KG,60,70,65
Onion Dry (Indian),6/18/2025,KG,35,38,36.5
Cabbage(Local),6/18/2025,KG,30,35,32.5
Garlic Dry Chinese,6/18/2025,KG,170,180,175
Tomato Big(Nepali),6/19/2025,KG,50,60,55
Tomato Big(Indian),6/19/2025,KG,60,70,65
Onion Dry (Indian),6/19/2025,KG,35,38,36.5
Cabbage(Local),6/19/2025,KG,30,35,32.5
Garlic Dry Chinese,6/19/2025,KG,170,180,175
Tomato Big(Nepali),6/20/2025,KG,50,60,55
Tomato Big(Indian),6/20/2025,KG,60,70,65
Onion Dry (Indian),6/20/2025,KG,35,38,36.5
Cabbage(Local),6/20/2025,KG,30,35,32.5
Garlic Dry Chinese,6/20/2025,KG,170,180,175
Tomato Big(Nepali),6/21/2025,KG,50,60,55
Tomato Big(Indian),6/21/2025,KG,60,70,65
Onion Dry (Indian),6/21/2025,KG,35,38,36.5
Cabbage(Local),6/21/2025,KG,30,35,32.5
Garlic Dry Chinese,6/21/2025,KG,170,180,175
Tomato Big(Nepali),6/22/2025,KG,50,60,55
Tomato Big(Indian),6/22/2025,KG,60,70,65
Onion Dry (Indian),6/22/2025,KG,35,38,36.5
Cabbage(Local),6/22/2025,KG,30,35,32.5
Garlic Dry Chinese,6/22/2025,KG,170,180,175
Tomato Big(Nepali),6/23/2025,KG,50,60,55
Tomato Big(Indian),6/23/2025,KG,60,70,65
Onion Dry (Indian),6/23/2025,KG,35,38,36.5
Cabbage(Local),6/23/2025,KG,30,35,32.5
Garlic Dry Chinese,6/23/2025,KG,170,180,175
Tomato Big(Nepali),6/24/2025,KG,50,60,55
Tomato Big(Indian),6/24/2025,KG,60,70,65
Onion Dry (Indian),6/24/2025,KG,35,38,36.5
Cabbage(Local),6/24/2025,KG,30,35,32.5
Garlic Dry Chinese,6/24/2025,KG,170,180,175
Tomato Big(Nepali),6/25/2025,KG,50,60,55
Tomato Big(Indian),6/25/2025,KG,60,70,65
Onion Dry (Indian),6/25/2025,KG,35,38,36.5
Cabbage(Local),6/25/2025,KG,30,35,32.5
Garlic Dry Chinese,6/25/2025,KG,170,180,175
Tomato Big(Nepali),6/26/2025,KG,50,60,55
Tomato Big(Indian),6/26/2025,KG,60,70,65
Onion Dry (Indian),6/26/2025,KG,35,38,36.5
Cabbage(Local),6/26/2025,KG,30,35,32.5
Garlic Dry Chinese,6/26/2025,KG,170,180,175
Tomato Big(Nepali),6/27/2025,KG,50,60,55
Tomato Big(Indian),6/27/2025,KG,60,70,65
Onion Dry (Indian),6/27/2025,KG,35,38,36.5
Cabbage(Local),6/27/2025,KG,30,35,32.5
Garlic Dry Chinese,6/27/2025,KG,170,180,175
Tomato Big(Nepali),6/28/2025,KG,50,60,55
Tomato Big(Indian),6/28/2025,KG,60,70,65
Onion Dry (Indian),6/28/2025,KG,35,38,36.5
Cabbage(Local),6/28/2025,KG,30,35,32.5
Garlic Dry Chinese,6/28/2025,KG,170,180,175
Tomato Big(Nepali),6/29/2025,KG,50,60,55
Tomato Big(Indian),6/29/2025,KG,60,70,65
Onion Dry (Indian),6/29/2025,KG,35,38,36.5
Cabbage(Local),6/29/2025,KG,30,35,32.5
Garlic Dry Chinese,6/29/2025,KG,170,180,175
Tomato Big(Nepali),6/30/2025,KG,50,60,55
Tomato Big(Indian),6/30/2025,KG,60,70,65
Onion Dry (Indian),6/30/2025,KG,35,38,36.5
Cabbage(Local),6/30/2025,KG,30,35,32.5
Garlic Dry Chinese,6/30/2025,KG,170,180,175
Tomato Big(Nepali),7/1/2025,KG,50,60,55
Tomato Big(Indian),7/1/2025,KG,60,70,65
Onion Dry (Indian),7/1/2025,KG,35,38,36.5
Cabbage(Local),7/1/2025,KG,30,35,32.5
Garlic Dry Chinese,7/1/2025,KG,170,180,175
Tomato Big(Nepali),7/2/2025,KG,50,60,55
Tomato Big(Indian),7/2/2025,KG,60,70,65
Onion Dry (Indian),7/2/2025,KG,35,38,36.5
Cabbage(Local),7/2/2025,KG,30,35,32.5
Garlic Dry Chinese,7/2/2025,KG,170,180,175
Tomato Big(Nepali),7/3/2025,KG,50,60,55
Tomato Big(Indian),7/3/2025,KG,60,70,65
Onion Dry (Indian),7/3/2025,KG,35,38,36.5
Cabbage(Local),7/3/2025,KG,30,35,32.5
Garlic Dry Chinese,7/3/2025,KG,170,180,175
Tomato Big(Nepali),7/4/2025,KG,50,60,55
Tomato Big(Indian),7/4/2025,KG,60,70,65
Onion Dry (Indian),7/4/2025,KG,35,38,36.5
Cabbage(Local),7/4/2025,KG,30,35,32.5
Garlic Dry Chinese,7/4/2025,KG,170,180,175
Tomato Big(Nepali),7/5/2025,KG,50,60,55
Tomato Big(Indian),7/5/2025,KG,60,70,65
Onion Dry (Indian),7/5/2025,KG,35,38,36.5
Cabbage(Local),7/5/2025,KG,30,35,32.5
Garlic Dry Chinese,7/5/2025,KG,170,180,175
Tomato Big(Nepali),7/6/2025,KG,50,60,55
Tomato Big(Indian),7/6/2025,KG,60,70,65
Onion Dry (Indian),7/6/2025,KG,35,38,36.5
Cabbage(Local),7/6/2025,KG,30,35,32.5
Garlic Dry Chinese,7/6/2025,KG,170,180,175
Tomato Big(Nepali),7/7/2025,KG,50,60,55
Tomato Big(Indian),7/7/2025,KG,60,70,65
Onion Dry (Indian),7/7/2025,KG,35,38,36.5
Cabbage(Local),7/7/2025,KG,30,35,32.5
Garlic Dry Chinese,7/7/2025,KG,170,180,175
Tomato Big(Nepali),7/8/2025,KG,50,60,55
Tomato Big(Indian),7/8/2025,KG,60,70,65
Onion Dry (Indian),7/8/2025,KG,35,38,36.5
Cabbage(Local),7/8/2025,KG,30,35,32.5
Garlic Dry Chinese,7/8/2025,KG,170,180,175
Tomato Big(Nepali),7/9/2025,KG,50,60,55
Tomato Big(Indian),7/9/2025,KG,60,70,65
Onion Dry (Indian),7/9/2025,KG,35,38,36.5
Cabbage(Local),7/9/2025,KG,30,35,32.5
Garlic Dry Chinese,7/9/2025,KG,170,180,175
Tomato Big(Nepali),7/10/2025,KG,50,60,55
Tomato Big(Indian),7/10/2025,KG,60,70,65
Onion Dry (Indian),7/10/2025,KG,35,38,36.5
Cabbage(Local),7/10/2025,KG,30,35,32.5
Garlic Dry Chinese,7/10/2025,KG,170,180,175
Tomato Big(Nepali),7/11/2025,KG,50,60,55
Tomato Big(Indian),7/11/2025,KG,60,70,65
Onion Dry (Indian),7/11/2025,KG,35,38,36.5
Cabbage(Local),7/11/2025,KG,30,35,32.5
Garlic Dry Chinese,7/11/2025,KG,170,180,175
Tomato Big(Nepali),7/12/2025,KG,50,60,55
Tomato Big(Indian),7/12/2025,KG,60,70,65
Onion Dry (Indian),7/12/2025,KG,35,38,36.5
Cabbage(Local),7/12/2025,KG,30,35,32.5
Garlic Dry Chinese,7/12/2025,KG,170,180,175
Tomato Big(Nepali),7/13/2025,KG,50,60,55
Tomato Big(Indian),7/13/2025,KG,60,70,65
Onion Dry (Indian),7/13/2025,KG,35,38,36.5
Cabbage(Local),7/13/2025,KG,30,35,32.5
Garlic Dry Chinese,7/13/2025,KG,170,180,175
Tomato Big(Nepali),7/14/2025,KG,50,60,55
Tomato Big(Indian),7/14/2025,KG,60,70,65
Onion Dry (Indian),7/14/2025,KG,35,38,36.5
Cabbage(Local),7/14/2025,KG,30,35,32.5
Garlic Dry Chinese,7/14/2025,KG,170,180,175
Tomato Big(Nepali),7/15/2025,KG,50,60,55
Tomato Big(Indian),7/15/2025,KG,60,70,65
Onion Dry (Indian),7/15/2025,KG,35,38,36.5
Cabbage(Local),7/15/2025,KG,30,35,32.5
Garlic Dry Chinese,7/15/2025,KG,170,180,175
Tomato Big(Nepali),7/16/2025,KG,50,60,55
Tomato Big(Indian),7/16/2025,KG,60,70,65
Onion Dry (Indian),7/16/2025,KG,35,38,36.5
Cabbage(Local),7/16/2025,KG,30,35,32.5
Garlic Dry Chinese,7/16/2025,KG,170,180,175
Tomato Big(Nepali),7/17/2025,KG,50,60,55
Tomato Big(Indian),7/17/2025,KG,60,70,65
Onion Dry (Indian),7/17/2025,KG,35,38,36.5
Cabbage(Local),7/17/2025,KG,30,35,32.5
Garlic Dry Chinese,7/17/2025,KG,170,180,175
Tomato Big(Nepali),7/18/2025,KG,50,60,55
Tomato Big(Indian),7/18/2025,KG,60,70,65
Onion Dry (Indian),7/18/2025,KG,35,38,36.5
Cabbage(Local),7/18/2025,KG,30,35,32.5
Garlic Dry Chinese,7/18/2025,KG,170,180,175
Tomato Big(Nepali),7/19/2025,KG,50,60,55
Tomato Big(Indian),7/19/2025,KG,60,70,65
Onion Dry (Indian),7/19/2025,KG,35,38,36.5
Cabbage(Local),7/19/2025,KG,30,35,32.5
Garlic Dry Chinese,7/19/2025,KG,170,180,175
Tomato Big(Nepali),7/20/2025,KG,50,60,55
Tomato Big(Indian),7/20/2025,KG,60,70,65
Onion Dry (Indian),7/20/2025,KG,35,38,36.5
Cabbage(Local),7/20/2025,KG,30,35,32.5
Garlic Dry Chinese,7/20/2025,KG,170,180,175
Tomato Big(Nepali),7/21/2025,KG,50,60,55
Tomato Big(Indian),7/21/2025,KG,60,70,65
Onion Dry (Indian),7/21/2025,KG,35,38,36.5
Cabbage(Local),7/21/2025,KG,30,35,32.5
Garlic Dry Chinese,7/21/2025,KG,170,180,175
Tomato Big(Nepali),7/22/2025,KG,50,60,55
Tomato Big(Indian),7/22/2025,KG,60,70,65
Onion Dry (Indian),7/22/2025,KG,35,38,36.5
Cabbage(Local),7/22/2025,KG,30,35,32.5
Garlic Dry Chinese,7/22/2025,KG,170,180,175
Tomato Big(Nepali),7/23/2025,KG,50,60,55
Tomato Big(Indian),7/23/2025,KG,60,70,65
Onion Dry (Indian),7/23/2025,KG,35,38,36.5
Cabbage(Local),7/23/2025,KG,30,35,32.5
Garlic Dry Chinese,7/23/2025,KG,170,180,175
Tomato Big(Nepali),7/24/2025,KG,50,60,55
Tomato Big(Indian),7/24/2025,KG,60,70,65
Onion Dry (Indian),7/24/2025,KG,35,38,36.5
Cabbage(Local),7/24/2025,KG,30,35,32.5
Garlic Dry Chinese,7/24/2025,KG,170,180,175
Tomato Big(Nepali),7/25/2025,KG,50,60,55
Tomato Big(Indian),7/25/2025,KG,60,70,65
Onion Dry (Indian),7/25/2025,KG,35,38,36.5
Cabbage(Local),7/25/2025,KG,30,35,32.5
Garlic Dry Chinese,7/25/2025,KG,170,180,175
Tomato Big(Nepali),7/26/2025,KG,50,60,55
Tomato Big(Indian),7/26/2025,KG,60,70,65
Onion Dry (Indian),7/26/2025,KG,35,38,36.5
Cabbage(Local),7/26/2025,KG,30,35,32.5
Garlic Dry Chinese,7/26/2025,KG,170,180,175
Tomato Big(Nepali),7/27/2025,KG,50,60,55
Tomato Big(Indian),7/27/2025,KG,60,70,65
Onion Dry (Indian),7/27/2025,KG,35,38,36.5
Cabbage(Local),7/27/2025,KG,30,35,32.5
Garlic Dry Chinese,7/27/2025,KG,170,180,175
Tomato Big(Nepali),7/28/2025,KG,50,60,55
Tomato Big(Indian),7/28/2025,KG,60,70,65
Onion Dry (Indian),7/28/2025,KG,35,38,36.5
Cabbage(Local),7/28/2025,KG,30,35,32.5
Garlic Dry Chinese,7/28/2025,KG,170,180,175
Tomato Big(Nepali),7/29/2025,KG,50,60,55
Tomato Big(Indian),7/29/2025,KG,60,70,65
Onion Dry (Indian),7/29/2025,KG,35,38,36.5
Cabbage(Local),7/29/2025,KG,30,35,32.5
Garlic Dry Chinese,7/29/2025,KG,170,180,175
Tomato Big(Nepali),7/30/2025,KG,50,60,55
Tomato Big(Indian),7/30/2025,KG,60,70,65
Onion Dry (Indian),7/30/2025,KG,35,38,36.5
Cabbage(Local),7/30/2025,KG,30,35,32.5
Garlic Dry Chinese,7/30/2025,KG,170,180,175
Tomato Big(Nepali),7/31/2025,KG,50,60,55
Tomato Big(Indian),7/31/2025,KG,60,70,65
Onion Dry (Indian),7/31/2025,KG,35,38,36.5
Cabbage(Local),7/31/2025,KG,30,35,32.5
Garlic Dry Chinese,7/31/2025,KG,170,180,175
Tomato Big(Nepali),8/1/2025,KG,50,60,55
Tomato Big(Indian),8/1/2025,KG,60,70,65
Onion Dry (Indian),8/1/2025,KG,35,38,36.5
Cabbage(Local),8/1/2025,KG,30,35,32.5
Garlic Dry Chinese,8/1/2025,KG,170,180,175
Tomato Big(Nepali),8/2/2025,KG,50,60,55
Tomato Big(Indian),8/2/2025,KG,60,70,65
Onion Dry (Indian),8/2/2025,KG,35,38,36.5
Cabbage(Local),8/2/2025,KG,30,35,32.5
Garlic Dry Chinese,8/2/2025,KG,170,180,175
Tomato Big(Nepali),8/3/2025,KG,50,60,55
Tomato Big(Indian),8/3/2025,KG,60,70,65
Onion Dry (Indian),8/3/2025,KG,35,38,36.5
Cabbage(Local),8/3/2025,KG,30,35,32.5
Garlic Dry Chinese,8/3/2025,KG,170,180,175
Tomato Big(Nepali),8/4/2025,KG,50,60,55
Tomato Big(Indian),8/4/2025,KG,60,70,65
Onion Dry (Indian),8/4/2025,KG,35,38,36.5
Cabbage(Local),8/4/2025,KG,30,35,32.5
Garlic Dry Chinese,8/4/2025,KG,170,180,175
Tomato Big(Nepali),8/5/2025,KG,50,60,55
Tomato Big(Indian),8/5/2025,KG,60,70,65
Onion Dry (Indian),8/5/2025,KG,35,38,36.5
Cabbage(Local),8/5/2025,KG,30,35,32.5
Garlic Dry Chinese,8/5/2025,KG,170,180,175
Tomato Big(Nepali),8/6/2025,KG,50,60,55
Tomato Big(Indian),8/6/2025,KG,60,70,65
Onion Dry (Indian),8/6/2025,KG,35,38,36.5
Cabbage(Local),8/6/2025,KG,30,35,32.5
Garlic Dry Chinese,8/6/2025,KG,170,180,175
Tomato Big(Nepali),8/7/2025,KG,50,60,55
Tomato Big(Indian),8/7/2025,KG,60,70,65
Onion Dry (Indian),8/7/2025,KG,35,38,36.5
Cabbage(Local),8/7/2025,KG,30,35,32.5
Garlic Dry Chinese,8/7/2025,KG,170,180,175
Tomato Big(Nepali),8/8/2025,KG,50,60,55
Tomato Big(Indian),8/8/2025,KG,60,70,65
Onion Dry (Indian),8/8/2025,KG,35,38,36.5
Cabbage(Local),8/8/2025,KG,30,35,32.5
Garlic Dry Chinese,8/8/2025,KG,170,180,175
Tomato Big(Nepali),8/9/2025,KG,50,60,55
Tomato Big(Indian),8/9/2025,KG,60,70,65
Onion Dry (Indian),8/9/2025,KG,35,38,36.5
Cabbage(Local),8/9/2025,KG,30,35,32.5
Garlic Dry Chinese,8/9/2025,KG,170,180,175
Tomato Big(Nepali),8/10/2025,KG,50,60,55
Tomato Big(Indian),8/10/2025,KG,60,70,65
Onion Dry (Indian),8/10/2025,KG,35,38,36.5
Cabbage(Local),8/10/2025,KG,30,35,32.5
Garlic Dry Chinese,8/10/2025,KG,170,180,175
Tomato Big(Nepali),8/11/2025,KG,50,60,55
Tomato Big(Indian),8/11/2025,KG,60,70,65
Onion Dry (Indian),8/11/2025,KG,35,38,36.5
Cabbage(Local),8/11/2025,KG,30,35,32.5
Garlic Dry Chinese,8/11/2025,KG,170,180,175
Tomato Big(Nepali),8/12/2025,KG,50,60,55
Tomato Big(Indian),8/12/2025,KG,60,70,65
Onion Dry (Indian),8/12/2025,KG,35,38,36.5
Cabbage(Local),8/12/2025,KG,30,35,32.5
Garlic Dry Chinese,8/12/2025,KG,170,180,175
Tomato Big(Nepali),8/13/2025,KG,50,60,55
Tomato Big(Indian),8/13/2025,KG,60,70,65
Onion Dry (Indian),8/13/2025,KG,35,38,36.5
Cabbage(Local),8/13/2025,KG,30,35,32.5
Garlic Dry Chinese,8/13/2025,KG,170,180,175
Tomato Big(Nepali),8/14/2025,KG,50,60,55
Tomato Big(Indian),8/14/2025,KG,60,70,65
Onion Dry (Indian),8/14/2025,KG,35,38,36.5
Cabbage(Local),8/14/2025,KG,30,35,32.5
Garlic Dry Chinese,8/14/2025,KG,170,180,175
Tomato Big(Nepali),8/15/2025,KG,50,60,55
Tomato Big(Indian),8/15/2025,KG,60,70,65
Onion Dry (Indian),8/15/2025,KG,35,38,36.5
Cabbage(Local),8/15/2025,KG,30,35,32.5
Garlic Dry Chinese,8/15/2025,KG,170,180,175
Tomato Big(Nepali),8/16/2025,KG,50,60,55
Tomato Big(Indian),8/16/2025,KG,60,70,65
Onion Dry (Indian),8/16/2025,KG,35,38,36.5
Cabbage(Local),8/16/2025,KG,30,35,32.5
Garlic Dry Chinese,8/16/2025,KG,170,180,175
Tomato Big(Nepali),8/17/2025,KG,50,60,55
Tomato Big(Indian),8/17/2025,KG,60,70,65
Onion Dry (Indian),8/17/2025,KG,35,38,36.5
Cabbage(Local),8/17/2025,KG,30,35,32.5
Garlic Dry Chinese,8/17/2025,KG,170,180,175
Tomato Big(Nepali),8/18/2025,KG,50,60,55
Tomato Big(Indian),8/18/2025,KG,60,70,65
Onion Dry (Indian),8/18/2025,KG,35,38,36.5
Cabbage(Local),8/18/2025,KG,30,35,32.5
Garlic Dry Chinese,8/18/2025,KG,170,180,175
Tomato Big(Nepali),8/19/2025,KG,50,60,55
Tomato Big(Indian),8/19/2025,KG,60,70,65
Onion Dry (Indian),8/19/2025,KG,35,38,36.5
Cabbage(Local),8/19/2025,KG,30,35,32.5
Garlic Dry Chinese,8/19/2025,KG,170,180,175
Tomato Big(Nepali),8/20/2025,KG,50,60,55
Tomato Big(Indian),8/20/2025,KG,60,70,65
Onion Dry (Indian),8/20/2025,KG,35,38,36.5
Cabbage(Local),8/20/2025,KG,30,35,32.5
Garlic Dry Chinese,8/20/2025,KG,170,180,175
Tomato Big(Nepali),8/21/2025,KG,50,60,55
Tomato Big(Indian),8/21/2025,KG,60,70,65
Onion Dry (Indian),8/21/2025,KG,35,38,36.5
Cabbage(Local),8/21/2025,KG,30,35,32.5
Garlic Dry Chinese,8/21/2025,KG,170,180,175
Tomato Big(Nepali),8/22/2025,KG,50,60,55
Tomato Big(Indian),8/22/2025,KG,60,70,65
Onion Dry (Indian),8/22/2025,KG,35,38,36.5
Cabbage(Local),8/22/2025,KG,30,35,32.5
Garlic Dry Chinese,8/22/2025,KG,170,180,175
Tomato Big(Nepali),8/23/2025,KG,50,60,55
Tomato Big(Indian),8/23/2025,KG,60,70,65
Onion Dry (Indian),8/23/2025,KG,35,38,36.5
Cabbage(Local),8/23/2025,KG,30,35,32.5
Garlic Dry Chinese,8/23/2025,KG,170,180,175
Tomato Big(Nepali),8/24/2025,KG,50,60,55
Tomato Big(Indian),8/24/2025,KG,60,70,65
Onion Dry (Indian),8/24/2025,KG,35,38,36.5
Cabbage(Local),8/24/2025,KG,30,35,32.5
Garlic Dry Chinese,8/24/2025,KG,170,180,175
Tomato Big(Nepali),8/25/2025,KG,50,60,55
Tomato Big(Indian),8/25/2025,KG,60,70,65
Onion Dry (Indian),8/25/2025,KG,35,38,36.5
Cabbage(Local),8/25/2025,KG,30,35,32.5
Garlic Dry Chinese,8/25/2025,KG,170,180,175
Tomato Big(Nepali),8/26/2025,KG,50,60,55
Tomato Big(Indian),8/26/2025,KG,60,70,65
Onion Dry (Indian),8/26/2025,KG,35,38,36.5
Cabbage(Local),8/26/2025,KG,30,35,32.5
Garlic Dry Chinese,8/26/2025,KG,170,180,175
Tomato Big(Nepali),8/27/2025,KG,50,60,55
Tomato Big(Indian),8/27/2025,KG,60,70,65
Onion Dry (Indian),8/27/2025,KG,35,38,36.5
Cabbage(Local),8/27/2025,KG,30,35,32.5
Garlic Dry Chinese,8/27/2025,KG,170,180,175
Tomato Big(Nepali),8/28/2025,KG,50,60,55
Tomato Big(Indian),8/28/2025,KG,60,70,65
Onion Dry (Indian),8/28/2025,KG,35,38,36.5
Cabbage(Local),8/28/2025,KG,30,35,32.5
Garlic Dry Chinese,8/28/2025,KG,170,180,175
Tomato Big(Nepali),8/29/2025,KG,50,60,55
Tomato Big(Indian),8/29/2025,KG,60,70,65
Onion Dry (Indian),8/29/2025,KG,35,38,36.5
Cabbage(Local),8/29/2025,KG,30,35,32.5
Garlic Dry Chinese,8/29/2025,KG,170,180,175
Tomato Big(Nepali),8/30/2025,KG,50,60,55
Tomato Big(Indian),8/30/2025,KG,60,70,65
Onion Dry (Indian),8/30/2025,KG,35,38,36.5
Cabbage(Local),8/30/2025,KG,30,35,32.5
Garlic Dry Chinese,8/30/2025,KG,170,180,175
Tomato Big(Nepali),8/31/2025,KG,50,60,55
Tomato Big(Indian),8/31/2025,KG,60,70,65
Onion Dry (Indian),8/31/2025,KG,35,38,36.5
Cabbage(Local),8/31/2025,KG,30,35,32.5
Garlic Dry Chinese,8/31/2025,KG,170,180,175
Tomato Big(Nepali),9/1/2025,KG,50,60,55
Tomato Big(Indian),9/1/2025,KG,60,70,65
Onion Dry (Indian),9/1/2025,KG,35,38,36.5
Cabbage(Local),9/1/2025,KG,30,35,32.5
Garlic Dry Chinese,9/1/2025,KG,170,180,175
Tomato Big(Nepali),9/2/2025,KG,50,60,55
Tomato Big(Indian),9/2/2025,KG,60,70,65
Onion Dry (Indian),9/2/2025,KG,35,38,36.5
Cabbage(Local),9/2/2025,KG,30,35,32.5
Garlic Dry Chinese,9/2/2025,KG,170,180,175
Tomato Big(Nepali),9/3/2025,KG,50,60,55
Tomato Big(Indian),9/3/2025,KG,60,70,65
Onion Dry (Indian),9/3/2025,KG,35,38,36.5
Cabbage(Local),9/3/2025,KG,30,35,32.5
Garlic Dry Chinese,9/3/2025,KG,170,180,175
Tomato Big(Nepali),9/4/2025,KG,50,60,55
Tomato Big(Indian),9/4/2025,KG,60,70,65
Onion Dry (Indian),9/4/2025,KG,35,38,36.5
Cabbage(Local),9/4/2025,KG,30,35,32.5
Garlic Dry Chinese,9/4/2025,KG,170,180,175
Tomato Big(Nepali),9/5/2025,KG,50,60,55
Tomato Big(Indian),9/5/2025,KG,60,70,65
Onion Dry (Indian),9/5/2025,KG,35,38,36.5
Cabbage(Local),9/5/2025,KG,30,35,32.5
Garlic Dry Chinese,9/5/2025,KG,170,180,175
Tomato Big(Nepali),9/6/2025,KG,50,60,55
Tomato Big(Indian),9/6/2025,KG,60,70,65
Onion Dry (Indian),9/6/2025,KG,35,38,36.5
Cabbage(Local),9/6/2025,KG,30,35,32.5
Garlic Dry Chinese,9/6/2025,KG,170,180,175
Tomato Big(Nepali),9/7/2025,KG,50,60,55
Tomato Big(Indian),9/7/2025,KG,60,70,65
Onion Dry (Indian),9/7/2025,KG,35,38,36.5
Cabbage(Local),9/7/2025,KG,30,35,32.5
Garlic Dry Chinese,9/7/2025,KG,170,180,175
Tomato Big(Nepali),9/8/2025,KG,50,60,55
Tomato Big(Indian),9/8/2025,KG,60,70,65
Onion Dry (Indian),9/8/2025,KG,35,38,36.5
Cabbage(Local),9/8/2025,KG,30,35,32.5
Garlic Dry Chinese,9/8/2025,KG,170,180,175
Tomato Big(Nepali),9/9/2025,KG,50,60,55
Tomato Big(Indian),9/9/2025,KG,60,70,65
Onion Dry (Indian),9/9/2025,KG,35,38,36.5
Cabbage(Local),9/9/2025,KG,30,35,32.5
Garlic Dry Chinese,9/9/2025,KG,170,180,175
Tomato Big(Nepali),9/10/2025,KG,50,60,55
Tomato Big(Indian),9/10/2025,KG,60,70,65
Onion Dry (Indian),9/10/2025,KG,35,38,36.5
Cabbage(Local),9/10/2025,KG,30,35,32.5
Garlic Dry Chinese,9/10/2025,KG,170,180,175
Tomato Big(Nepali),9/11/2025,KG,50,60,55
Tomato Big(Indian),9/11/2025,KG,60,70,65
Onion Dry (Indian),9/11/2025,KG,35,38,36.5
Cabbage(Local),9/11/2025,KG,30,35,32.5
Garlic Dry Chinese,9/11/2025,KG,170,180,175
Tomato Big(Nepali),9/12/2025,KG,50,60,55
Tomato Big(Indian),9/12/2025,KG,60,70,65
Onion Dry (Indian),9/12/2025,KG,35,38,36.5
Cabbage(Local),9/12/2025,KG,30,35,32.5
Garlic Dry Chinese,9/12/2025,KG,170,180,175
Tomato Big(Nepali),9/13/2025,KG,50,60,55
Tomato Big(Indian),9/13/2025,KG,60,70,65
Onion Dry (Indian),9/13/2025,KG,35,38,36.5
Cabbage(Local),9/13/2025,KG,30,35,32.5
Garlic Dry Chinese,9/13/2025,KG,170,180,175
Tomato Big(Nepali),9/14/2025,KG,50,60,55
Tomato Big(Indian),9/14/2025,KG,60,70,65
Onion Dry (Indian),9/14/2025,KG,35,38,36.5
Cabbage(Local),9/14/2025,KG,30,35,32.5
Garlic Dry Chinese,9/14/2025,KG,170,180,175
Tomato Big(Nepali),9/15/2025,KG,50,60,55
Tomato Big(Indian),9/15/2025,KG,60,70,65
Onion Dry (Indian),9/15/2025,KG,35,38,36.5
Cabbage(Local),9/15/2025,KG,30,35,32.5
Garlic Dry Chinese,9/15/2025,KG,170,180,175
Tomato Big(Nepali),9/16/2025,KG,50,60,55
Tomato Big(Indian),9/16/2025,KG,60,70,65
Onion Dry (Indian),9/16/2025,KG,35,38,36.5
Cabbage(Local),9/16/2025,KG,30,35,32.5
Garlic Dry Chinese,9/16/2025,KG,170,180,175
Tomato Big(Nepali),9/17/2025,KG,50,60,55
Tomato Big(Indian),9/17/2025,KG,60,70,65
Onion Dry (Indian),9/17/2025,KG,35,38,36.5
Cabbage(Local),9/17/2025,KG,30,35,32.5
Garlic Dry Chinese,9/17/2025,KG,170,180,175
Tomato Big(Nepali),9/18/2025,KG,50,60,55
Tomato Big(Indian),9/18/2025,KG,60,70,65
Onion Dry (Indian),9/18/2025,KG,35,38,36.5
Cabbage(Local),9/18/2025,KG,30,35,32.5
Garlic Dry Chinese,9/18/2025,KG,170,180,175
Tomato Big(Nepali),9/19/2025,KG,50,60,55
Tomato Big(Indian),9/19/2025,KG,60,70,65
Onion Dry (Indian),9/19/2025,KG,35,38,36.5
Cabbage(Local),9/19/2025,KG,30,35,32.5
Garlic Dry Chinese,9/19/2025,KG,170,180,175
Tomato Big(Nepali),9/20/2025,KG,50,60,55
Tomato Big(Indian),9/20/2025,KG,60,70,65
Onion Dry (Indian),9/20/2025,KG,35,38,36.5
Cabbage(Local),9/20/2025,KG,30,35,32.5
Garlic Dry Chinese,9/20/2025,KG,170,180,175
Tomato Big(Nepali),9/21/2025,KG,50,60,55
Tomato Big(Indian),9/21/2025,KG,60,70,65
Onion Dry (Indian),9/21/2025,KG,35,38,36.5
Cabbage(Local),9/21/2025,KG,30,35,32.5
Garlic Dry Chinese,9/21/2025,KG,170,180,175
Tomato Big(Nepali),9/22/2025,KG,50,60,55
Tomato Big(Indian),9/22/2025,KG,60,70,65
Onion Dry (Indian),9/22/2025,KG,35,38,36.5
Cabbage(Local),9/22/2025,KG,30,35,32.5
Garlic Dry Chinese,9/22/2025,KG,170,180,175
Tomato Big(Nepali),9/23/2025,KG,50,60,55
Tomato Big(Indian),9/23/2025,KG,60,70,65
Onion Dry (Indian),9/23/2025,KG,35,38,36.5
Cabbage(Local),9/23/2025,KG,30,35,32.5
Garlic Dry Chinese,9/23/2025,KG,170,180,175
Tomato Big(Nepali),9/24/2025,KG,50,60,55
Tomato Big(Indian),9/24/2025,KG,60,70,65
Onion Dry (Indian),9/24/2025,KG,35,38,36.5
Cabbage(Local),9/24/2025,KG,30,35,32.5
Garlic Dry Chinese,9/24/2025,KG,170,180,175
Tomato Big(Nepali),9/25/2025,KG,50,60,55
Tomato Big(Indian),9/25/2025,KG,60,70,65
Onion Dry (Indian),9/25/2025,KG,35,38,36.5
Cabbage(Local),9/25/2025,KG,30,35,32.5
Garlic Dry Chinese,9/25/2025,KG,170,180,175
Tomato Big(Nepali),9/26/2025,KG,50,60,55
Tomato Big(Indian),9/26/2025,KG,60,70,65
Onion Dry (Indian),9/26/2025,KG,35,38,36.5
Cabbage(Local),9/26/2025,KG,30,35,32.5
Garlic Dry Chinese,9/26/2025,KG,170,180,175
Tomato Big(Nepali),9/27/2025,KG,50,60,55
Tomato Big(Indian),9/27/2025,KG,60,70,65
Onion Dry (Indian),9/27/2025,KG,35,38,36.5
Cabbage(Local),9/27/2025,KG,30,35,32.5
Garlic Dry Chinese,9/27/2025,KG,170,180,175
Tomato Big(Nepali),9/28/2025,KG,50,60,55
Tomato Big(Indian),9/28/2025,KG,60,70,65
Onion Dry (Indian),9/28/2025,KG,35,38,36.5
Cabbage(Local),9/28/2025,KG,30,35,32.5
Garlic Dry Chinese,9/28/2025,KG,170,180,175
Tomato Big(Nepali),9/29/2025,KG,50,60,55
Tomato Big(Indian),9/29/2025,KG,60,70,65
Onion Dry (Indian),9/29/2025,KG,35,38,36.5
Cabbage(Local),9/29/2025,KG,30,35,32.5
Garlic Dry Chinese,9/29/2025,KG,170,180,175
Tomato Big(Nepali),9/30/2025,KG,50,60,55
Tomato Big(Indian),9/30/2025,KG,60,70,65
Onion Dry (Indian),9/30/2025,KG,35,38,36.5
Cabbage(Local),9/30/2025,KG,30,35,32.5
Garlic Dry Chinese,9/30/2025,KG,170,180,175
Tomato Big(Nepali),10/1/2025,KG,50,60,55
Tomato Big(Indian),10/1/2025,KG,60,70,65
Onion Dry (Indian),10/1/2025,KG,35,38,36.5
Cabbage(Local),10/1/2025,KG,30,35,32.5
Garlic Dry Chinese,10/1/2025,KG,170,180,175
Tomato Big(Nepali),10/2/2025,KG,50,60,55
Tomato Big(Indian),10/2/2025,KG,60,70,65
Onion Dry (Indian),10/2/2025,KG,35,38,36.5
Cabbage(Local),10/2/2025,KG,30,35,32.5
Garlic Dry Chinese,10/2/2025,KG,170,180,175
Tomato Big(Nepali),10/3/2025,KG,50,60,55
Tomato Big(Indian),10/3/2025,KG,60,70,65
Onion Dry (Indian),10/3/2025,KG,35,38,36.5
Cabbage(Local),10/3/2025,KG,30,35,32.5
Garlic Dry Chinese,10/3/2025,KG,170,180,175
Tomato Big(Nepali),10/4/2025,KG,50,60,55
Tomato Big(Indian),10/4/2025,KG,60,70,65
Onion Dry (Indian),10/4/2025,KG,35,38,36.5
Cabbage(Local),10/4/2025,KG,30,35,32.5
Garlic Dry Chinese,10/4/2025,KG,170,180,175
Tomato Big(Nepali),10/5/2025,KG,50,60,55
Tomato Big(Indian),10/5/2025,KG,60,70,65
Onion Dry (Indian),10/5/2025,KG,35,38,36.5
Cabbage(Local),10/5/2025,KG,30,35,32.5
Garlic Dry Chinese,10/5/2025,KG,170,180,175
Tomato Big(Nepali),10/6/2025,KG,50,60,55
Tomato Big(Indian),10/6/2025,KG,60,70,65
Onion Dry (Indian),10/6/2025,KG,35,38,36.5
Cabbage(Local),10/6/2025,KG,30,35,32.5
Garlic Dry Chinese,10/6/2025,KG,170,180,175
Tomato Big(Nepali),10/7/2025,KG,50,60,55
Tomato Big(Indian),10/7/2025,KG,60,70,65
Onion Dry (Indian),10/7/2025,KG,35,38,36.5
Cabbage(Local),10/7/2025,KG,30,35,32.5
Garlic Dry Chinese,10/7/2025,KG,170,180,175
Tomato Big(Nepali),10/8/2025,KG,50,60,55
Tomato Big(Indian),10/8/2025,KG,60,70,65
Onion Dry (Indian),10/8/2025,KG,35,38,36.5
Cabbage(Local),10/8/2025,KG,30,35,32.5
Garlic Dry Chinese,10/8/2025,KG,170,180,175
Tomato Big(Nepali),10/9/2025,KG,50,60,55
Tomato Big(Indian),10/9/2025,KG,60,70,65
Onion Dry (Indian),10/9/2025,KG,35,38,36.5
Cabbage(Local),10/9/2025,KG,30,35,32.5
Garlic Dry Chinese,10/9/2025,KG,170,180,175
Tomato Big(Nepali),10/10/2025,KG,50,60,55
Tomato Big(Indian),10/10/2025,KG,60,70,65
Onion Dry (Indian),10/10/2025,KG,35,38,36.5
Cabbage(Local),10/10/2025,KG,30,35,32.5
Garlic Dry Chinese,10/10/2025,KG,170,180,175
Tomato Big(Nepali),10/11/2025,KG,50,60,55
Tomato Big(Indian),10/11/2025,KG,60,70,65
Onion Dry (Indian),10/11/2025,KG,35,38,36.5
Cabbage(Local),10/11/2025,KG,30,35,32.5
Garlic Dry Chinese,10/11/2025,KG,170,180,175
Tomato Big(Nepali),10/12/2025,KG,50,60,55
Tomato Big(Indian),10/12/2025,KG,60,70,65
Onion Dry (Indian),10/12/2025,KG,35,38,36.5
Cabbage(Local),10/12/2025,KG,30,35,32.5
Garlic Dry Chinese,10/12/2025,KG,170,180,175
Tomato Big(Nepali),10/13/2025,KG,50,60,55
Tomato Big(Indian),10/13/2025,KG,60,70,65
Onion Dry (Indian),10/13/2025,KG,35,38,36.5
Cabbage(Local),10/13/2025,KG,30,35,32.5
Garlic Dry Chinese,10/13/2025,KG,170,180,175
Tomato Big(Nepali),10/14/2025,KG,50,60,55
Tomato Big(Indian),10/14/2025,KG,60,70,65
Onion Dry (Indian),10/14/2025,KG,35,38,36.5
Cabbage(Local),10/14/2025,KG,30,35,32.5
Garlic Dry Chinese,10/14/2025,KG,170,180,175
Tomato Big(Nepali),10/15/2025,KG,50,60,55
Tomato Big(Indian),10/15/2025,KG,60,70,65
Onion Dry (Indian),10/15/2025,KG,35,38,36.5
Cabbage(Local),10/15/2025,KG,30,35,32.5
Garlic Dry Chinese,10/15/2025,KG,170,180,175
Tomato Big(Nepali),10/16/2025,KG,50,60,55
Tomato Big(Indian),10/16/2025,KG,60,70,65
Onion Dry (Indian),10/16/2025,KG,35,38,36.5
Cabbage(Local),10/16/2025,KG,30,35,32.5
Garlic Dry Chinese,10/16/2025,KG,170,180,175
Tomato Big(Nepali),10/17/2025,KG,50,60,55
Tomato Big(Indian),10/17/2025,KG,60,70,65
Onion Dry (Indian),10/17/2025,KG,35,38,36.5
Cabbage(Local),10/17/2025,KG,30,35,32.5
Garlic Dry Chinese,10/17/2025,KG,170,180,175
Tomato Big(Nepali),10/18/2025,KG,50,60,55
Tomato Big(Indian),10/18/2025,KG,60,70,65
Onion Dry (Indian),10/18/2025,KG,35,38,36.5
Cabbage(Local),10/18/2025,KG,30,35,32.5
Garlic Dry Chinese,10/18/2025,KG,170,180,175
Tomato Big(Nepali),10/19/2025,KG,50,60,55
Tomato Big(Indian),10/19/2025,KG,60,70,65
Onion Dry (Indian),10/19/2025,KG,35,38,36.5
Cabbage(Local),10/19/2025,KG,30,35,32.5
Garlic Dry Chinese,10/19/2025,KG,170,180,175
Tomato Big(Nepali),10/20/2025,KG,50,60,55
Tomato Big(Indian),10/20/2025,KG,60,70,65
Onion Dry (Indian),10/20/2025,KG,35,38,36.5
Cabbage(Local),10/20/2025,KG,30,35,32.5
Garlic Dry Chinese,10/20/2025,KG,170,180,175
Tomato Big(Nepali),10/21/2025,KG,50,60,55
Tomato Big(Indian),10/21/2025,KG,60,70,65
Onion Dry (Indian),10/21/2025,KG,35,38,36.5
Cabbage(Local),10/21/2025,KG,30,35,32.5
Garlic Dry Chinese,10/21/2025,KG,170,180,175
Tomato Big(Nepali),10/22/2025,KG,50,60,55
Tomato Big(Indian),10/22/2025,KG,60,70,65
Onion Dry (Indian),10/22/2025,KG,35,38,36.5
Cabbage(Local),10/22/2025,KG,30,35,32.5
Garlic Dry Chinese,10/22/2025,KG,170,180,175
Tomato Big(Nepali),10/23/2025,KG,50,60,55
Tomato Big(Indian),10/23/2025,KG,60,70,65
Onion Dry (Indian),10/23/2025,KG,35,38,36.5
Cabbage(Local),10/23/2025,KG,30,35,32.5
Garlic Dry Chinese,10/23/2025,KG,170,180,175
Tomato Big(Nepali),10/24/2025,KG,50,60,55
Tomato Big(Indian),10/24/2025,KG,60,70,65
Onion Dry (Indian),10/24/2025,KG,35,38,36.5
Cabbage(Local),10/24/2025,KG,30,35,32.5
Garlic Dry Chinese,10/24/2025,KG,170,180,175
Tomato Big(Nepali),10/25/2025,KG,50,60,55
Tomato Big(Indian),10/25/2025,KG,60,70,65
Onion Dry (Indian),10/25/2025,KG,35,38,36.5
Cabbage(Local),10/25/2025,KG,30,35,32.5
Garlic Dry Chinese,10/25/2025,KG,170,180,175
Tomato Big(Nepali),10/26/2025,KG,50,60,55
Tomato Big(Indian),10/26/2025,KG,60,70,65
Onion Dry (Indian),10/26/2025,KG,35,38,36.5
Cabbage(Local),10/26/2025,KG,30,35,32.5
Garlic Dry Chinese,10/26/2025,KG,170,180,175
Tomato Big(Nepali),10/27/2025,KG,50,60,55
Tomato Big(Indian),10/27/2025,KG,60,70,65
Onion Dry (Indian),10/27/2025,KG,35,38,36.5
Cabbage(Local),10/27/2025,KG,30,35,32.5
Garlic Dry Chinese,10/27/2025,KG,170,180,175
Tomato Big(Nepali),10/28/2025,KG,50,60,55
Tomato Big(Indian),10/28/2025,KG,60,70,65
Onion Dry (Indian),10/28/2025,KG,35,38,36.5
Cabbage(Local),10/28/2025,KG,30,35,32.5
Garlic Dry Chinese,10/28/2025,KG,170,180,175
Tomato Big(Nepali),10/29/2025,KG,50,60,55
Tomato Big(Indian),10/29/2025,KG,60,70,65
Onion Dry (Indian),10/29/2025,KG,35,38,36.5
Cabbage(Local),10/29/2025,KG,30,35,32.5
Garlic Dry Chinese,10/29/2025,KG,170,180,175
Tomato Big(Nepali),10/30/2025,KG,50,60,55
Tomato Big(Indian),10/30/2025,KG,60,70,65
Onion Dry (Indian),10/30/2025,KG,35,38,36.5
Cabbage(Local),10/30/2025,KG,30,35,32.5
Garlic Dry Chinese,10/30/2025,KG,170,180,175
Tomato Big(Nepali),10/31/2025,KG,50,60,55
Tomato Big(Indian),10/31/2025,KG,60,70,65
Onion Dry (Indian),10/31/2025,KG,35,38,36.5
Cabbage(Local),10/31/2025,KG,30,35,32.5
Garlic Dry Chinese,10/31/2025,KG,170,180,175
Tomato Big(Nepali),11/1/2025,KG,50,60,55
Tomato Big(Indian),11/1/2025,KG,60,70,65
Onion Dry (Indian),11/1/2025,KG,35,38,36.5
Cabbage(Local),11/1/2025,KG,30,35,32.5
Garlic Dry Chinese,11/1/2025,KG,170,180,175
Tomato Big(Nepali),11/2/2025,KG,50,60,55
Tomato Big(Indian),11/2/2025,KG,60,70,65
Onion Dry (Indian),11/2/2025,KG,35,38,36.5
Cabbage(Local),11/2/2025,KG,30,35,32.5
Garlic Dry Chinese,11/2/2025,KG,170,180,175
Tomato Big(Nepali),11/3/2025,KG,50,60,55
Tomato Big(Indian),11/3/2025,KG,60,70,65
Onion Dry (Indian),11/3/2025,KG,35,38,36.5
Cabbage(Local),11/3/2025,KG,30,35,32.5
Garlic Dry Chinese,11/3/2025,KG,170,180,175
Tomato Big(Nepali),11/4/2025,KG,50,60,55
Tomato Big(Indian),11/4/2025,KG,60,70,65
Onion Dry (Indian),11/4/2025,KG,35,38,36.5
Cabbage(Local),11/4/2025,KG,30,35,32.5
Garlic Dry Chinese,11/4/2025,KG,170,180,175
Tomato Big(Nepali),11/5/2025,KG,50,60,55
Tomato Big(Indian),11/5/2025,KG,60,70,65
Onion Dry (Indian),11/5/2025,KG,35,38,36.5
Cabbage(Local),11/5/2025,KG,30,35,32.5
Garlic Dry Chinese,11/5/2025,KG,170,180,175
Tomato Big(Nepali),11/6/2025,KG,50,60,55
Tomato Big(Indian),11/6/2025,KG,60,70,65
Onion Dry (Indian),11/6/2025,KG,35,38,36.5
Cabbage(Local),11/6/2025,KG,30,35,32.5
Garlic Dry Chinese,11/6/2025,KG,170,180,175
Tomato Big(Nepali),11/7/2025,KG,50,60,55
Tomato Big(Indian),11/7/2025,KG,60,70,65
Onion Dry (Indian),11/7/2025,KG,35,38,36.5
Cabbage(Local),11/7/2025,KG,30,35,32.5
Garlic Dry Chinese,11/7/2025,KG,170,180,175
Tomato Big(Nepali),11/8/2025,KG,50,60,55
Tomato Big(Indian),11/8/2025,KG,60,70,65
Onion Dry (Indian),11/8/2025,KG,35,38,36.5
Cabbage(Local),11/8/2025,KG,30,35,32.5
Garlic Dry Chinese,11/8/2025,KG,170,180,175
Tomato Big(Nepali),11/9/2025,KG,50,60,55
Tomato Big(Indian),11/9/2025,KG,60,70,65
Onion Dry (Indian),11/9/2025,KG,35,38,36.5
Cabbage(Local),11/9/2025,KG,30,35,32.5
Garlic Dry Chinese,11/9/2025,KG,170,180,175
Tomato Big(Nepali),11/10/2025,KG,50,60,55
Tomato Big(Indian),11/10/2025,KG,60,70,65
Onion Dry (Indian),11/10/2025,KG,35,38,36.5
Cabbage(Local),11/10/2025,KG,30,35,32.5
Garlic Dry Chinese,11/10/2025,KG,170,180,175
Tomato Big(Nepali),11/11/2025,KG,50,60,55
Tomato Big(Indian),11/11/2025,KG,60,70,65
Onion Dry (Indian),11/11/2025,KG,35,38,36.5
Cabbage(Local),11/11/2025,KG,30,35,32.5
Garlic Dry Chinese,11/11/2025,KG,170,180,175
Tomato Big(Nepali),11/12/2025,KG,50,60,55
Tomato Big(Indian),11/12/2025,KG,60,70,65
Onion Dry (Indian),11/12/2025,KG,35,38,36.5
Cabbage(Local),11/12/2025,KG,30,35,32.5
Garlic Dry Chinese,11/12/2025,KG,170,180,175
Tomato Big(Nepali),11/13/2025,KG,50,60,55
Tomato Big(Indian),11/13/2025,KG,60,70,65
Onion Dry (Indian),11/13/2025,KG,35,38,36.5
Cabbage(Local),11/13/2025,KG,30,35,32.5
Garlic Dry Chinese,11/13/2025,KG,170,180,175
Tomato Big(Nepali),11/14/2025,KG,50,60,55
Tomato Big(Indian),11/14/2025,KG,60,70,65
Onion Dry (Indian),11/14/2025,KG,35,38,36.5
Cabbage(Local),11/14/2025,KG,30,35,32.5
Garlic Dry Chinese,11/14/2025,KG,170,180,175
Tomato Big(Nepali),11/15/2025,KG,50,60,55
Tomato Big(Indian),11/15/2025,KG,60,70,65
Onion Dry (Indian),11/15/2025,KG,35,38,36.5
Cabbage(Local),11/15/2025,KG,30,35,32.5
Garlic Dry Chinese,11/15/2025,KG,170,180,175
Tomato Big(Nepali),11/16/2025,KG,50,60,55
Tomato Big(Indian),11/16/2025,KG,60,70,65
Onion Dry (Indian),11/16/2025,KG,35,38,36.5
Cabbage(Local),11/16/2025,KG,30,35,32.5
Garlic Dry Chinese,11/16/2025,KG,170,180,175
Tomato Big(Nepali),11/17/2025,KG,50,60,55
Tomato Big(Indian),11/17/2025,KG,60,70,65
Onion Dry (Indian),11/17/2025,KG,35,38,36.5
Cabbage(Local),11/17/2025,KG,30,35,32.5
Garlic Dry Chinese,11/17/2025,KG,170,180,175
Tomato Big(Nepali),11/18/2025,KG,50,60,55
Tomato Big(Indian),11/18/2025,KG,60,70,65
Onion Dry (Indian),11/18/2025,KG,35,38,36.5
Cabbage(Local),11/18/2025,KG,30,35,32.5
Garlic Dry Chinese,11/18/2025,KG,170,180,175
Tomato Big(Nepali),11/19/2025,KG,50,60,55
Tomato Big(Indian),11/19/2025,KG,60,70,65
Onion Dry (Indian),11/19/2025,KG,35,38,36.5
Cabbage(Local),11/19/2025,KG,30,35,32.5
Garlic Dry Chinese,11/19/2025,KG,170,180,175
Tomato Big(Nepali),11/20/2025,KG,50,60,55
Tomato Big(Indian),11/20/2025,KG,60,70,65
Onion Dry (Indian),11/20/2025,KG,35,38,36.5
Cabbage(Local),11/20/2025,KG,30,35,32.5
Garlic Dry Chinese,11/20/2025,KG,170,180,175
Tomato Big(Nepali),11/21/2025,KG,50,60,55
Tomato Big(Indian),11/21/2025,KG,60,70,65
Onion Dry (Indian),11/21/2025,KG,35,38,36.5
Cabbage(Local),11/21/2025,KG,30,35,32.5
Garlic Dry Chinese,11/21/2025,KG,170,180,175
Tomato Big(Nepali),11/22/2025,KG,50,60,55
Tomato Big(Indian),11/22/2025,KG,60,70,65
Onion Dry (Indian),11/22/2025,KG,35,38,36.5
Cabbage(Local),11/22/2025,KG,30,35,32.5
Garlic Dry Chinese,11/22/2025,KG,170,180,175
Tomato Big(Nepali),11/23/2025,KG,50,60,55
Tomato Big(Indian),11/23/2025,KG,60,70,65
Onion Dry (Indian),11/23/2025,KG,35,38,36.5
Cabbage(Local),11/23/2025,KG,30,35,32.5
Garlic Dry Chinese,11/23/2025,KG,170,180,175
Tomato Big(Nepali),11/24/2025,KG,50,60,55
Tomato Big(Indian),11/24/2025,KG,60,70,65
Onion Dry (Indian),11/24/2025,KG,35,38,36.5
Cabbage(Local),11/24/2025,KG,30,35,32.5
Garlic Dry Chinese,11/24/2025,KG,170,180,175
Tomato Big(Nepali),11/25/2025,KG,50,60,55
Tomato Big(Indian),11/25/2025,KG,60,70,65
Onion Dry (Indian),11/25/2025,KG,35,38,36.5
Cabbage(Local),11/25/2025,KG,30,35,32.5
Garlic Dry Chinese,11/25/2025,KG,170,180,175
Tomato Big(Nepali),11/26/2025,KG,50,60,55
Tomato Big(Indian),11/26/2025,KG,60,70,65
Onion Dry (Indian),11/26/2025,KG,35,38,36.5
Cabbage(Local),11/26/2025,KG,30,35,32.5
Garlic Dry Chinese,11/26/2025,KG,170,180,175
Tomato Big(Nepali),11/27/2025,KG,50,60,55
Tomato Big(Indian),11/27/2025,KG,60,70,65
Onion Dry (Indian),11/27/2025,KG,35,38,36.5
Cabbage(Local),11/27/2025,KG,30,35,32.5
Garlic Dry Chinese,11/27/2025,KG,170,180,175
Tomato Big(Nepali),11/28/2025,KG,50,60,55
Tomato Big(Indian),11/28/2025,KG,60,70,65
Onion Dry (Indian),11/28/2025,KG,35,38,36.5
Cabbage(Local),11/28/2025,KG,30,35,32.5
Garlic Dry Chinese,11/28/2025,KG,170,180,175
Tomato Big(Nepali),11/29/2025,KG,50,60,55
Tomato Big(Indian),11/29/2025,KG,60,70,65
Onion Dry (Indian),11/29/2025,KG,35,38,36.5
Cabbage(Local),11/29/2025,KG,30,35,32.5
Garlic Dry Chinese,11/29/2025,KG,170,180,175
Tomato Big(Nepali),11/30/2025,KG,50,60,55
Tomato Big(Indian),11/30/2025,KG,60,70,65
Onion Dry (Indian),11/30/2025,KG,35,38,36.5
Cabbage(Local),11/30/2025,KG,30,35,32.5
Garlic Dry Chinese,11/30/2025,KG,170,180,175
Tomato Big(Nepali),12/1/2025,KG,50,60,55
Tomato Big(Indian),12/1/2025,KG,60,70,65
Onion Dry (Indian),12/1/2025,KG,35,38,36.5
Cabbage(Local),12/1/2025,KG,30,35,32.5
Garlic Dry Chinese,12/1/2025,KG,170,180,175
Tomato Big(Nepali),12/2/2025,KG,50,60,55
Tomato Big(Indian),12/2/2025,KG,60,70,65
Onion Dry (Indian),12/2/2025,KG,35,38,36.5
Cabbage(Local),12/2/2025,KG,30,35,32.5
Garlic Dry Chinese,12/2/2025,KG,170,180,175
Tomato Big(Nepali),12/3/2025,KG,50,60,55
Tomato Big(Indian),12/3/2025,KG,60,70,65
Onion Dry (Indian),12/3/2025,KG,35,38,36.5
Cabbage(Local),12/3/2025,KG,30,35,32.5
Garlic Dry Chinese,12/3/2025,KG,170,180,175
Tomato Big(Nepali),12/4/2025,KG,50,60,55
Tomato Big(Indian),12/4/2025,KG,60,70,65
Onion Dry (Indian),12/4/2025,KG,35,38,36.5
Cabbage(Local),12/4/2025,KG,30,35,32.5
Garlic Dry Chinese,12/4/2025,KG,170,180,175
Tomato Big(Nepali),12/5/2025,KG,50,60,55
Tomato Big(Indian),12/5/2025,KG,60,70,65
Onion Dry (Indian),12/5/2025,KG,35,38,36.5
Cabbage(Local),12/5/2025,KG,30,35,32.5
Garlic Dry Chinese,12/5/2025,KG,170,180,175
Tomato Big(Nepali),12/6/2025,KG,50,60,55
Tomato Big(Indian),12/6/2025,KG,60,70,65
Onion Dry (Indian),12/6/2025,KG,35,38,36.5
Cabbage(Local),12/6/2025,KG,30,35,32.5
Garlic Dry Chinese,12/6/2025,KG,170,180,175
Tomato Big(Nepali),12/7/2025,KG,50,60,55
Tomato Big(Indian),12/7/2025,KG,60,70,65
Onion Dry (Indian),12/7/2025,KG,35,38,36.5
Cabbage(Local),12/7/2025,KG,30,35,32.5
Garlic Dry Chinese,12/7/2025,KG,170,180,175
Tomato Big(Nepali),12/8/2025,KG,50,60,55
Tomato Big(Indian),12/8/2025,KG,60,70,65
Onion Dry (Indian),12/8/2025,KG,35,38,36.5
Cabbage(Local),12/8/2025,KG,30,35,32.5
Garlic Dry Chinese,12/8/2025,KG,170,180,175
Tomato Big(Nepali),12/9/2025,KG,50,60,55
Tomato Big(Indian),12/9/2025,KG,60,70,65
Onion Dry (Indian),12/9/2025,KG,35,38,36.5
Cabbage(Local),12/9/2025,KG,30,35,32.5
Garlic Dry Chinese,12/9/2025,KG,170,180,175
Tomato Big(Nepali),12/10/2025,KG,50,60,55
Tomato Big(Indian),12/10/2025,KG,60,70,65
Onion Dry (Indian),12/10/2025,KG,35,38,36.5
Cabbage(Local),12/10/2025,KG,30,35,32.5
Garlic Dry Chinese,12/10/2025,KG,170,180,175
Tomato Big(Nepali),12/11/2025,KG,50,60,55
Tomato Big(Indian),12/11/2025,KG,60,70,65
Onion Dry (Indian),12/11/2025,KG,35,38,36.5
Cabbage(Local),12/11/2025,KG,30,35,32.5
Garlic Dry Chinese,12/11/2025,KG,170,180,175
Tomato Big(Nepali),12/12/2025,KG,50,60,55
Tomato Big(Indian),12/12/2025,KG,60,70,65
Onion Dry (Indian),12/12/2025,KG,35,38,36.5
Cabbage(Local),12/12/2025,KG,30,35,32.5
Garlic Dry Chinese,12/12/2025,KG,170,180,175
Tomato Big(Nepali),12/13/2025,KG,50,60,55
Tomato Big(Indian),12/13/2025,KG,60,70,65
Onion Dry (Indian),12/13/2025,KG,35,38,36.5
Cabbage(Local),12/13/2025,KG,30,35,32.5
Garlic Dry Chinese,12/13/2025,KG,170,180,175
Tomato Big(Nepali),12/14/2025,KG,50,60,55
Tomato Big(Indian),12/14/2025,KG,60,70,65
Onion Dry (Indian),12/14/2025,KG,35,38,36.5
Cabbage(Local),12/14/2025,KG,30,35,32.5
Garlic Dry Chinese,12/14/2025,KG,170,180,175
Tomato Big(Nepali),12/15/2025,KG,50,60,55
Tomato Big(Indian),12/15/2025,KG,60,70,65
Onion Dry (Indian),12/15/2025,KG,35,38,36.5
Cabbage(Local),12/15/2025,KG,30,35,32.5
Garlic Dry Chinese,12/15/2025,KG,170,180,175
Tomato Big(Nepali),12/16/2025,KG,50,60,55
Tomato Big(Indian),12/16/2025,KG,60,70,65
Onion Dry (Indian),12/16/2025,KG,35,38,36.5
Cabbage(Local),12/16/2025,KG,30,35,32.5
Garlic Dry Chinese,12/16/2025,KG,170,180,175
Tomato Big(Nepali),12/17/2025,KG,50,60,55
Tomato Big(Indian),12/17/2025,KG,60,70,65
Onion Dry (Indian),12/17/2025,KG,35,38,36.5
Cabbage(Local),12/17/2025,KG,30,35,32.5
Garlic Dry Chinese,12/17/2025,KG,170,180,175
Tomato Big(Nepali),12/18/2025,KG,50,60,55
Tomato Big(Indian),12/18/2025,KG,60,70,65
Onion Dry (Indian),12/18/2025,KG,35,38,36.5
Cabbage(Local),12/18/2025,KG,30,35,32.5
Garlic Dry Chinese,12/18/2025,KG,170,180,175
Tomato Big(Nepali),12/19/2025,KG,50,60,55
Tomato Big(Indian),12/19/2025,KG,60,70,65
Onion Dry (Indian),12/19/2025,KG,35,38,36.5
Cabbage(Local),12/19/2025,KG,30,35,32.5
Garlic Dry Chinese,12/19/2025,KG,170,180,175
Tomato Big(Nepali),12/20/2025,KG,50,60,55
Tomato Big(Indian),12/20/2025,KG,60,70,65
Onion Dry (Indian),12/20/2025,KG,35,38,36.5
Cabbage(Local),12/20/2025,KG,30,35,32.5
Garlic Dry Chinese,12/20/2025,KG,170,180,175
Tomato Big(Nepali),12/21/2025,KG,50,60,55
Tomato Big(Indian),12/21/2025,KG,60,70,65
Onion Dry (Indian),12/21/2025,KG,35,38,36.5
Cabbage(Local),12/21/2025,KG,30,35,32.5
Garlic Dry Chinese,12/21/2025,KG,170,180,175
Tomato Big(Nepali),12/22/2025,KG,50,60,55
Tomato Big(Indian),12/22/2025,KG,60,70,65
Onion Dry (Indian),12/22/2025,KG,35,38,36.5
Cabbage(Local),12/22/2025,KG,30,35,32.5
Garlic Dry Chinese,12/22/2025,KG,170,180,175
Tomato Big(Nepali),12/23/2025,KG,50,60,55
Tomato Big(Indian),12/23/2025,KG,60,70,65
Onion Dry (Indian),12/23/2025,KG,35,38,36.5
Cabbage(Local),12/23/2025,KG,30,35,32.5
Garlic Dry Chinese,12/23/2025,KG,170,180,175
Tomato Big(Nepali),12/24/2025,KG,50,60,55
Tomato Big(Indian),12/24/2025,KG,60,70,65
Onion Dry (Indian),12/24/2025,KG,35,38,36.5
Cabbage(Local),12/24/2025,KG,30,35,32.5
Garlic Dry Chinese,12/24/2025,KG,170,180,175
Tomato Big(Nepali),12/25/2025,KG,50,60,55
Tomato Big(Indian),12/25/2025,KG,60,70,65
Onion Dry (Indian),12/25/2025,KG,35,38,36.5
Cabbage(Local),12/25/2025,KG,30,35,32.5
Garlic Dry Chinese,12/25/2025,KG,170,180,175
Tomato Big(Nepali),12/26/2025,KG,50,60,55
Tomato Big(Indian),12/26/2025,KG,60,70,65
Onion Dry (Indian),12/26/2025,KG,35,38,36.5
Cabbage(Local),12/26/2025,KG,30,35,32.5
Garlic Dry Chinese,12/26/2025,KG,170,180,175
Tomato Big(Nepali),12/27/2025,KG,50,60,55
Tomato Big(Indian),12/27/2025,KG,60,70,65
Onion Dry (Indian),12/27/2025,KG,35,38,36.5
Cabbage(Local),12/27/2025,KG,30,35,32.5
Garlic Dry Chinese,12/27/2025,KG,170,180,175
Tomato Big(Nepali),12/28/2025,KG,50,60,55
Tomato Big(Indian),12/28/2025,KG,60,70,65
Onion Dry (Indian),12/28/2025,KG,35,38,36.5
Cabbage(Local),12/28/2025,KG,30,35,32.5
Garlic Dry Chinese,12/28/2025,KG,170,180,175
Tomato Big(Nepali),12/29/2025,KG,50,60,55
Tomato Big(Indian),12/29/2025,KG,60,70,65
Onion Dry (Indian),12/29/2025,KG,35,38,36.5
Cabbage(Local),12/29/2025,KG,30,35,32.5
Garlic Dry Chinese,12/29/2025,KG,170,180,175
Tomato Big(Nepali),12/30/2025,KG,50,60,55
Tomato Big(Indian),12/30/2025,KG,60,70,65
Onion Dry (Indian),12/30/2025,KG,35,38,36.5
Cabbage(Local),12/30/2025,KG,30,35,32.5
Garlic Dry Chinese,12/30/2025,KG,170,180,175
Tomato Big(Nepali),12/31/2025,KG,50,60,55
Tomato Big(Indian),12/31/2025,KG,60,70,65
Onion Dry (Indian),12/31/2025,KG,35,38,36.5
Cabbage(Local),12/31/2025,KG,30,35,32.5
Garlic Dry Chinese,12/31/2025,KG,170,180,175
Tomato Big(Nepali),1/1/2026,KG,50,60,55
Tomato Big(Indian),1/1/2026,KG,60,70,65
Onion Dry (Indian),1/1/2026,KG,35,38,36.5
Cabbage(Local),1/1/2026,KG,30,35,32.5
Garlic Dry Chinese,1/1/2026,KG,170,180,175
Tomato Big(Nepali),1/2/2026,KG,50,60,55
Tomato Big(Indian),1/2/2026,KG,60,70,65
Onion Dry (Indian),1/2/2026,KG,35,38,36.5
Cabbage(Local),1/2/2026,KG,30,35,32.5
Garlic Dry Chinese,1/2/2026,KG,170,180,175
Tomato Big(Nepali),1/3/2026,KG,50,60,55
Tomato Big(Indian),1/3/2026,KG,60,70,65
Onion Dry (Indian),1/3/2026,KG,35,38,36.5
Cabbage(Local),1/3/2026,KG,30,35,32.5
Garlic Dry Chinese,1/3/2026,KG,170,180,175
Tomato Big(Nepali),1/4/2026,KG,50,60,55
Tomato Big(Indian),1/4/2026,KG,60,70,65
Onion Dry (Indian),1/4/2026,KG,35,38,36.5
Cabbage(Local),1/4/2026,KG,30,35,32.5
Garlic Dry Chinese,1/4/2026,KG,170,180,175
Tomato Big(Nepali),1/5/2026,KG,50,60,55
Tomato Big(Indian),1/5/2026,KG,60,70,65
Onion Dry (Indian),1/5/2026,KG,35,38,36.5
Cabbage(Local),1/5/2026,KG,30,35,32.5
Garlic Dry Chinese,1/5/2026,KG,170,180,175
Tomato Big(Nepali),1/6/2026,KG,50,60,55
Tomato Big(Indian),1/6/2026,KG,60,70,65
Onion Dry (Indian),1/6/2026,KG,35,38,36.5
Cabbage(Local),1/6/2026,KG,30,35,32.5
Garlic Dry Chinese,1/6/2026,KG,170,180,175
Tomato Big(Nepali),1/7/2026,KG,50,60,55
Tomato Big(Indian),1/7/2026,KG,60,70,65
Onion Dry (Indian),1/7/2026,KG,35,38,36.5
Cabbage(Local),1/7/2026,KG,30,35,32.5
Garlic Dry Chinese,1/7/2026,KG,170,180,175
Tomato Big(Nepali),1/8/2026,KG,50,60,55
Tomato Big(Indian),1/8/2026,KG,60,70,65
Onion Dry (Indian),1/8/2026,KG,35,38,36.5
Cabbage(Local),1/8/2026,KG,30,35,32.5
Garlic Dry Chinese,1/8/2026,KG,170,180,175
Tomato Big(Nepali),1/9/2026,KG,50,60,55
Tomato Big(Indian),1/9/2026,KG,60,70,65
Onion Dry (Indian),1/9/2026,KG,35,38,36.5
Cabbage(Local),1/9/2026,KG,30,35,32.5
Garlic Dry Chinese,1/9/2026,KG,170,180,175
Tomato Big(Nepali),1/10/2026,KG,50,60,55
Tomato Big(Indian),1/10/2026,KG,60,70,65
Onion Dry (Indian),1/10/2026,KG,35,38,36.5
Cabbage(Local),1/10/2026,KG,30,35,32.5
Garlic Dry Chinese,1/10/2026,KG,170,180,175
Tomato Big(Nepali),1/11/2026,KG,50,60,55
Tomato Big(Indian),1/11/2026,KG,60,70,65
Onion Dry (Indian),1/11/2026,KG,35,38,36.5
Cabbage(Local),1/11/2026,KG,30,35,32.5
Garlic Dry Chinese,1/11/2026,KG,170,180,175
Tomato Big(Nepali),1/12/2026,KG,50,60,55
Tomato Big(Indian),1/12/2026,KG,60,70,65
Onion Dry (Indian),1/12/2026,KG,35,38,36.5
Cabbage(Local),1/12/2026,KG,30,35,32.5
Garlic Dry Chinese,1/12/2026,KG,170,180,175
Tomato Big(Nepali),1/13/2026,KG,50,60,55
Tomato Big(Indian),1/13/2026,KG,60,70,65
Onion Dry (Indian),1/13/2026,KG,35,38,36.5
Cabbage(Local),1/13/2026,KG,30,35,32.5
Garlic Dry Chinese,1/13/2026,KG,170,180,175
Tomato Big(Nepali),1/14/2026,KG,50,60,55
Tomato Big(Indian),1/14/2026,KG,60,70,65
Onion Dry (Indian),1/14/2026,KG,35,38,36.5
Cabbage(Local),1/14/2026,KG,30,35,32.5
Garlic Dry Chinese,1/14/2026,KG,170,180,175
Tomato Big(Nepali),1/15/2026,KG,50,60,55
Tomato Big(Indian),1/15/2026,KG,60,70,65
Onion Dry (Indian),1/15/2026,KG,35,38,36.5
Cabbage(Local),1/15/2026,KG,30,35,32.5
Garlic Dry Chinese,1/15/2026,KG,170,180,175
Tomato Big(Nepali),1/16/2026,KG,50,60,55
Tomato Big(Indian),1/16/2026,KG,60,70,65
Onion Dry (Indian),1/16/2026,KG,35,38,36.5
Cabbage(Local),1/16/2026,KG,30,35,32.5
Garlic Dry Chinese,1/16/2026,KG,170,180,175
Tomato Big(Nepali),1/17/2026,KG,50,60,55
Tomato Big(Indian),1/17/2026,KG,60,70,65
Onion Dry (Indian),1/17/2026,KG,35,38,36.5
Cabbage(Local),1/17/2026,KG,30,35,32.5
Garlic Dry Chinese,1/17/2026,KG,170,180,175
Tomato Big(Nepali),1/18/2026,KG,50,60,55
Tomato Big(Indian),1/18/2026,KG,60,70,65
Onion Dry (Indian),1/18/2026,KG,35,38,36.5
Cabbage(Local),1/18/2026,KG,30,35,32.5
Garlic Dry Chinese,1/18/2026,KG,170,180,175
Tomato Big(Nepali),1/19/2026,KG,50,60,55
Tomato Big(Indian),1/19/2026,KG,60,70,65
Onion Dry (Indian),1/19/2026,KG,35,38,36.5
Cabbage(Local),1/19/2026,KG,30,35,32.5
Garlic Dry Chinese,1/19/2026,KG,170,180,175
Tomato Big(Nepali),1/20/2026,KG,50,60,55
Tomato Big(Indian),1/20/2026,KG,60,70,65
Onion Dry (Indian),1/20/2026,KG,35,38,36.5
Cabbage(Local),1/20/2026,KG,30,35,32.5
Garlic Dry Chinese,1/20/2026,KG,170,180,175
Tomato Big(Nepali),1/21/2026,KG,50,60,55
Tomato Big(Indian),1/21/2026,KG,60,70,65
Onion Dry (Indian),1/21/2026,KG,35,38,36.5
Cabbage(Local),1/21/2026,KG,30,35,32.5
Garlic Dry Chinese,1/21/2026,KG,170,180,175
Tomato Big(Nepali),1/22/2026,KG,50,60,55
Tomato Big(Indian),1/22/2026,KG,60,70,65
Onion Dry (Indian),1/22/2026,KG,35,38,36.5
Cabbage(Local),1/22/2026,KG,30,35,32.5
Garlic Dry Chinese,1/22/2026,KG,170,180,175
Tomato Big(Nepali),1/23/2026,KG,50,60,55
Tomato Big(Indian),1/23/2026,KG,60,70,65
Onion Dry (Indian),1/23/2026,KG,35,38,36.5
Cabbage(Local),1/23/2026,KG,30,35,32.5
Garlic Dry Chinese,1/23/2026,KG,170,180,175
Tomato Big(Nepali),1/24/2026,KG,50,60,55
Tomato Big(Indian),1/24/2026,KG,60,70,65
Onion Dry (Indian),1/24/2026,KG,35,38,36.5
Cabbage(Local),1/24/2026,KG,30,35,32.5
Garlic Dry Chinese,1/24/2026,KG,170,180,175
Tomato Big(Nepali),1/25/2026,KG,50,60,55
Tomato Big(Indian),1/25/2026,KG,60,70,65
Onion Dry (Indian),1/25/2026,KG,35,38,36.5
Cabbage(Local),1/25/2026,KG,30,35,32.5
Garlic Dry Chinese,1/25/2026,KG,170,180,175
Tomato Big(Nepali),1/26/2026,KG,50,60,55
Tomato Big(Indian),1/26/2026,KG,60,70,65
Onion Dry (Indian),1/26/2026,KG,35,38,36.5
Cabbage(Local),1/26/2026,KG,30,35,32.5
Garlic Dry Chinese,1/26/2026,KG,170,180,175
Tomato Big(Nepali),1/27/2026,KG,50,60,55
Tomato Big(Indian),1/27/2026,KG,60,70,65
Onion Dry (Indian),1/27/2026,KG,35,38,36.5
Cabbage(Local),1/27/2026,KG,30,35,32.5
Garlic Dry Chinese,1/27/2026,KG,170,180,175
Tomato Big(Nepali),1/28/2026,KG,50,60,55
Tomato Big(Indian),1/28/2026,KG,60,70,65
Onion Dry (Indian),1/28/2026,KG,35,38,36.5
Cabbage(Local),1/28/2026,KG,30,35,32.5
Garlic Dry Chinese,1/28/2026,KG,170,180,175
Tomato Big(Nepali),1/29/2026,KG,50,60,55
Tomato Big(Indian),1/29/2026,KG,60,70,65
Onion Dry (Indian),1/29/2026,KG,35,38,36.5
Cabbage(Local),1/29/2026,KG,30,35,32.5
Garlic Dry Chinese,1/29/2026,KG,170,180,175
Tomato Big(Nepali),1/30/2026,KG,50,60,55
Tomato Big(Indian),1/30/2026,KG,60,70,65
Onion Dry (Indian),1/30/2026,KG,35,38,36.5
Cabbage(Local),1/30/2026,KG,30,35,32.5
Garlic Dry Chinese,1/30/2026,KG,170,180,175
Tomato Big(Nepali),1/31/2026,KG,50,60,55
Tomato Big(Indian),1/31/2026,KG,60,70,65
Onion Dry (Indian),1/31/2026,KG,35,38,36.5
Cabbage(Local),1/31/2026,KG,30,35,32.5
Garlic Dry Chinese,1/31/2026,KG,170,180,175
Tomato Big(Nepali),2/1/2026,KG,50,60,55
Tomato Big(Indian),2/1/2026,KG,60,70,65
Onion Dry (Indian),2/1/2026,KG,35,38,36.5
Cabbage(Local),2/1/2026,KG,30,35,32.5
Garlic Dry Chinese,2/1/2026,KG,170,180,175
Tomato Big(Nepali),2/2/2026,KG,50,60,55
Tomato Big(Indian),2/2/2026,KG,60,70,65
Onion Dry (Indian),2/2/2026,KG,35,38,36.5
Cabbage(Local),2/2/2026,KG,30,35,32.5
Garlic Dry Chinese,2/2/2026,KG,170,180,175
Tomato Big(Nepali),2/3/2026,KG,50,60,55
Tomato Big(Indian),2/3/2026,KG,60,70,65
Onion Dry (Indian),2/3/2026,KG,35,38,36.5
Cabbage(Local),2/3/2026,KG,30,35,32.5
Garlic Dry Chinese,2/3/2026,KG,170,180,175
Tomato Big(Nepali),2/4/2026,KG,50,60,55
Tomato Big(Indian),2/4/2026,KG,60,70,65
Onion Dry (Indian),2/4/2026,KG,35,38,36.5
Cabbage(Local),2/4/2026,KG,30,35,32.5
Garlic Dry Chinese,2/4/2026,KG,170,180,175
Tomato Big(Nepali),2/5/2026,KG,50,60,55
Tomato Big(Indian),2/5/2026,KG,60,70,65
Onion Dry (Indian),2/5/2026,KG,35,38,36.5
Cabbage(Local),2/5/2026,KG,30,35,32.5
Garlic Dry Chinese,2/5/2026,KG,170,180,175
Tomato Big(Nepali),2/6/2026,KG,50,60,55
Tomato Big(Indian),2/6/2026,KG,60,70,65
Onion Dry (Indian),2/6/2026,KG,35,38,36.5
Cabbage(Local),2/6/2026,KG,30,35,32.5
Garlic Dry Chinese,2/6/2026,KG,170,180,175
Tomato Big(Nepali),2/7/2026,KG,50,60,55
Tomato Big(Indian),2/7/2026,KG,60,70,65
Onion Dry (Indian),2/7/2026,KG,35,38,36.5
Cabbage(Local),2/7/2026,KG,30,35,32.5
Garlic Dry Chinese,2/7/2026,KG,170,180,175
Tomato Big(Nepali),2/8/2026,KG,50,60,55
Tomato Big(Indian),2/8/2026,KG,60,70,65
Onion Dry (Indian),2/8/2026,KG,35,38,36.5
Cabbage(Local),2/8/2026,KG,30,35,32.5
Garlic Dry Chinese,2/8/2026,KG,170,180,175
Tomato Big(Nepali),2/9/2026,KG,50,60,55
Tomato Big(Indian),2/9/2026,KG,60,70,65
Onion Dry (Indian),2/9/2026,KG,35,38,36.5
Cabbage(Local),2/9/2026,KG,30,35,32.5
Garlic Dry Chinese,2/9/2026,KG,170,180,175
Tomato Big(Nepali),2/10/2026,KG,50,60,55
Tomato Big(Indian),2/10/2026,KG,60,70,65
Onion Dry (Indian),2/10/2026,KG,35,38,36.5
Cabbage(Local),2/10/2026,KG,30,35,32.5
Garlic Dry Chinese,2/10/2026,KG,170,180,175
Tomato Big(Nepali),2/11/2026,KG,50,60,55
Tomato Big(Indian),2/11/2026,KG,60,70,65
Onion Dry (Indian),2/11/2026,KG,35,38,36.5
Cabbage(Local),2/11/2026,KG,30,35,32.5
Garlic Dry Chinese,2/11/2026,KG,170,180,175
Tomato Big(Nepali),2/12/2026,KG,50,60,55
Tomato Big(Indian),2/12/2026,KG,60,70,65
Onion Dry (Indian),2/12/2026,KG,35,38,36.5
Cabbage(Local),2/12/2026,KG,30,35,32.5
Garlic Dry Chinese,2/12/2026,KG,170,180,175
Tomato Big(Nepali),2/13/2026,KG,50,60,55
Tomato Big(Indian),2/13/2026,KG,60,70,65
Onion Dry (Indian),2/13/2026,KG,35,38,36.5
Cabbage(Local),2/13/2026,KG,30,35,32.5
Garlic Dry Chinese,2/13/2026,KG,170,180,175
Tomato Big(Nepali),2/14/2026,KG,50,60,55
Tomato Big(Indian),2/14/2026,KG,60,70,65
Onion Dry (Indian),2/14/2026,KG,35,38,36.5
Cabbage(Local),2/14/2026,KG,30,35,32.5
Garlic Dry Chinese,2/14/2026,KG,170,180,175
Tomato Big(Nepali),2/15/2026,KG,50,60,55
Tomato Big(Indian),2/15/2026,KG,60,70,65
Onion Dry (Indian),2/15/2026,KG,35,38,36.5
Cabbage(Local),2/15/2026,KG,30,35,32.5
Garlic Dry Chinese,2/15/2026,KG,170,180,175
Tomato Big(Nepali),2/16/2026,KG,50,60,55
Tomato Big(Indian),2/16/2026,KG,60,70,65
Onion Dry (Indian),2/16/2026,KG,35,38,36.5
Cabbage(Local),2/16/2026,KG,30,35,32.5
Garlic Dry Chinese,2/16/2026,KG,170,180,175
Tomato Big(Nepali),2/17/2026,KG,50,60,55
Tomato Big(Indian),2/17/2026,KG,60,70,65
Onion Dry (Indian),2/17/2026,KG,35,38,36.5
Cabbage(Local),2/17/2026,KG,30,35,32.5
Garlic Dry Chinese,2/17/2026,KG,170,180,175
Tomato Big(Nepali),2/18/2026,KG,50,60,55
Tomato Big(Indian),2/18/2026,KG,60,70,65
Onion Dry (Indian),2/18/2026,KG,35,38,36.5
Cabbage(Local),2/18/2026,KG,30,35,32.5
Garlic Dry Chinese,2/18/2026,KG,170,180,175
Tomato Big(Nepali),2/19/2026,KG,50,60,55
Tomato Big(Indian),2/19/2026,KG,60,70,65
Onion Dry (Indian),2/19/2026,KG,35,38,36.5
Cabbage(Local),2/19/2026,KG,30,35,32.5
Garlic Dry Chinese,2/19/2026,KG,170,180,175
Tomato Big(Nepali),2/20/2026,KG,50,60,55
Tomato Big(Indian),2/20/2026,KG,60,70,65
Onion Dry (Indian),2/20/2026,KG,35,38,36.5
Cabbage(Local),2/20/2026,KG,30,35,32.5
Garlic Dry Chinese,2/20/2026,KG,170,180,175
Tomato Big(Nepali),2/21/2026,KG,50,60,55
Tomato Big(Indian),2/21/2026,KG,60,70,65
Onion Dry (Indian),2/21/2026,KG,35,38,36.5
Cabbage(Local),2/21/2026,KG,30,35,32.5
Garlic Dry Chinese,2/21/2026,KG,170,180,175
Tomato Big(Nepali),2/22/2026,KG,50,60,55
Tomato Big(Indian),2/22/2026,KG,60,70,65
Onion Dry (Indian),2/22/2026,KG,35,38,36.5
Cabbage(Local),2/22/2026,KG,30,35,32.5
Garlic Dry Chinese,2/22/2026,KG,170,180,175
Tomato Big(Nepali),2/23/2026,KG,50,60,55
Tomato Big(Indian),2/23/2026,KG,60,70,65
Onion Dry (Indian),2/23/2026,KG,35,38,36.5
Cabbage(Local),2/23/2026,KG,30,35,32.5
Garlic Dry Chinese,2/23/2026,KG,170,180,175
Tomato Big(Nepali),2/24/2026,KG,50,60,55
Tomato Big(Indian),2/24/2026,KG,60,70,65
Onion Dry (Indian),2/24/2026,KG,35,38,36.5
Cabbage(Local),2/24/2026,KG,30,35,32.5
Garlic Dry Chinese,2/24/2026,KG,170,180,175
Tomato Big(Nepali),2/25/2026,KG,50,60,55
Tomato Big(Indian),2/25/2026,KG,60,70,65
Onion Dry (Indian),2/25/2026,KG,35,38,36.5
Cabbage(Local),2/25/2026,KG,30,35,32.5
Garlic Dry Chinese,2/25/2026,KG,170,180,175
Tomato Big(Nepali),2/26/2026,KG,50,60,55
Tomato Big(Indian),2/26/2026,KG,60,70,65
Onion Dry (Indian),2/26/2026,KG,35,38,36.5
Cabbage(Local),2/26/2026,KG,30,35,32.5
Garlic Dry Chinese,2/26/2026,KG,170,180,175
Tomato Big(Nepali),2/27/2026,KG,50,60,55
Tomato Big(Indian),2/27/2026,KG,60,70,65
Onion Dry (Indian),2/27/2026,KG,35,38,36.5
Cabbage(Local),2/27/2026,KG,30,35,32.5
Garlic Dry Chinese,2/27/2026,KG,170,180,175
Tomato Big(Nepali),2/28/2026,KG,50,60,55
Tomato Big(Indian),2/28/2026,KG,60,70,65
Onion Dry (Indian),2/28/2026,KG,35,38,36.5
Cabbage(Local),2/28/2026,KG,30,35,32.5
Garlic Dry Chinese,2/28/2026,KG,170,180,175
Tomato Big(Nepali),3/1/2026,KG,50,60,55
Tomato Big(Indian),3/1/2026,KG,60,70,65
Onion Dry (Indian),3/1/2026,KG,35,38,36.5
Cabbage(Local),3/1/2026,KG,30,35,32.5
Garlic Dry Chinese,3/1/2026,KG,170,180,175
Tomato Big(Nepali),3/2/2026,KG,50,60,55
Tomato Big(Indian),3/2/2026,KG,60,70,65
Onion Dry (Indian),3/2/2026,KG,35,38,36.5
Cabbage(Local),3/2/2026,KG,30,35,32.5
Garlic Dry Chinese,3/2/2026,KG,170,180,175
Tomato Big(Nepali),3/3/2026,KG,50,60,55
Tomato Big(Indian),3/3/2026,KG,60,70,65
Onion Dry (Indian),3/3/2026,KG,35,38,36.5
Cabbage(Local),3/3/2026,KG,30,35,32.5
Garlic Dry Chinese,3/3/2026,KG,170,180,175
Tomato Big(Nepali),3/4/2026,KG,50,60,55
Tomato Big(Indian),3/4/2026,KG,60,70,65
Onion Dry (Indian),3/4/2026,KG,35,38,36.5
Cabbage(Local),3/4/2026,KG,30,35,32.5
Garlic Dry Chinese,3/4/2026,KG,170,180,175
Tomato Big(Nepali),3/5/2026,KG,50,60,55
Tomato Big(Indian),3/5/2026,KG,60,70,65
Onion Dry (Indian),3/5/2026,KG,35,38,36.5
Cabbage(Local),3/5/2026,KG,30,35,32.5
Garlic Dry Chinese,3/5/2026,KG,170,180,175
Tomato Big(Nepali),3/6/2026,KG,50,60,55
Tomato Big(Indian),3/6/2026,KG,60,70,65
Onion Dry (Indian),3/6/2026,KG,35,38,36.5
Cabbage(Local),3/6/2026,KG,30,35,32.5
Garlic Dry Chinese,3/6/2026,KG,170,180,175
Tomato Big(Nepali),3/7/2026,KG,50,60,55
Tomato Big(Indian),3/7/2026,KG,60,70,65
Onion Dry (Indian),3/7/2026,KG,35,38,36.5
Cabbage(Local),3/7/2026,KG,30,35,32.5
Garlic Dry Chinese,3/7/2026,KG,170,180,175
Tomato Big(Nepali),3/8/2026,KG,50,60,55
Tomato Big(Indian),3/8/2026,KG,60,70,65
Onion Dry (Indian),3/8/2026,KG,35,38,36.5
Cabbage(Local),3/8/2026,KG,30,35,32.5
Garlic Dry Chinese,3/8/2026,KG,170,180,175
Tomato Big(Nepali),3/9/2026,KG,50,60,55
Tomato Big(Indian),3/9/2026,KG,60,70,65
Onion Dry (Indian),3/9/2026,KG,35,38,36.5
Cabbage(Local),3/9/2026,KG,30,35,32.5
Garlic Dry Chinese,3/9/2026,KG,170,180,175
Tomato Big(Nepali),3/10/2026,KG,50,60,55
Tomato Big(Indian),3/10/2026,KG,60,70,65
Onion Dry (Indian),3/10/2026,KG,35,38,36.5
Cabbage(Local),3/10/2026,KG,30,35,32.5
Garlic Dry Chinese,3/10/2026,KG,170,180,175
Tomato Big(Nepali),3/11/2026,KG,50,60,55
Tomato Big(Indian),3/11/2026,KG,60,70,65
Onion Dry (Indian),3/11/2026,KG,35,38,36.5
Cabbage(Local),3/11/2026,KG,30,35,32.5
Garlic Dry Chinese,3/11/2026,KG,170,180,175
Tomato Big(Nepali),3/12/2026,KG,50,60,55
Tomato Big(Indian),3/12/2026,KG,60,70,65
Onion Dry (Indian),3/12/2026,KG,35,38,36.5
Cabbage(Local),3/12/2026,KG,30,35,32.5
Garlic Dry Chinese,3/12/2026,KG,170,180,175
Tomato Big(Nepali),3/13/2026,KG,50,60,55
Tomato Big(Indian),3/13/2026,KG,60,70,65
Onion Dry (Indian),3/13/2026,KG,35,38,36.5
Cabbage(Local),3/13/2026,KG,30,35,32.5
Garlic Dry Chinese,3/13/2026,KG,170,180,175
Tomato Big(Nepali),3/14/2026,KG,50,60,55
Tomato Big(Indian),3/14/2026,KG,60,70,65
Onion Dry (Indian),3/14/2026,KG,35,38,36.5
Cabbage(Local),3/14/2026,KG,30,35,32.5
Garlic Dry Chinese,3/14/2026,KG,170,180,175
Tomato Big(Nepali),3/15/2026,KG,50,60,55
Tomato Big(Indian),3/15/2026,KG,60,70,65
Onion Dry (Indian),3/15/2026,KG,35,38,36.5
Cabbage(Local),3/15/2026,KG,30,35,32.5
Garlic Dry Chinese,3/15/2026,KG,170,180,175
Tomato Big(Nepali),3/16/2026,KG,50,60,55
Tomato Big(Indian),3/16/2026,KG,60,70,65
Onion Dry (Indian),3/16/2026,KG,35,38,36.5
Cabbage(Local),3/16/2026,KG,30,35,32.5
Garlic Dry Chinese,3/16/2026,KG,170,180,175
Tomato Big(Nepali),3/17/2026,KG,50,60,55
Tomato Big(Indian),3/17/2026,KG,60,70,65
Onion Dry (Indian),3/17/2026,KG,35,38,36.5
Cabbage(Local),3/17/2026,KG,30,35,32.5
Garlic Dry Chinese,3/17/2026,KG,170,180,175
Tomato Big(Nepali),3/18/2026,KG,50,60,55
Tomato Big(Indian),3/18/2026,KG,60,70,65
Onion Dry (Indian),3/18/2026,KG,35,38,36.5
Cabbage(Local),3/18/2026,KG,30,35,32.5
Garlic Dry Chinese,3/18/2026,KG,170,180,175
Tomato Big(Nepali),3/19/2026,KG,50,60,55
Tomato Big(Indian),3/19/2026,KG,60,70,65
Onion Dry (Indian),3/19/2026,KG,35,38,36.5
Cabbage(Local),3/19/2026,KG,30,35,32.5
Garlic Dry Chinese,3/19/2026,KG,170,180,175
Tomato Big(Nepali),3/20/2026,KG,50,60,55
Tomato Big(Indian),3/20/2026,KG,60,70,65
Onion Dry (Indian),3/20/2026,KG,35,38,36.5
Cabbage(Local),3/20/2026,KG,30,35,32.5
Garlic Dry Chinese,3/20/2026,KG,170,180,175
Tomato Big(Nepali),3/21/2026,KG,50,60,55
Tomato Big(Indian),3/21/2026,KG,60,70,65
Onion Dry (Indian),3/21/2026,KG,35,38,36.5
Cabbage(Local),3/21/2026,KG,30,35,32.5
Garlic Dry Chinese,3/21/2026,KG,170,180,175
Tomato Big(Nepali),3/22/2026,KG,50,60,55
Tomato Big(Indian),3/22/2026,KG,60,70,65
Onion Dry (Indian),3/22/2026,KG,35,38,36.5
Cabbage(Local),3/22/2026,KG,30,35,32.5
Garlic Dry Chinese,3/22/2026,KG,170,180,175
Tomato Big(Nepali),3/23/2026,KG,50,60,55
Tomato Big(Indian),3/23/2026,KG,60,70,65
Onion Dry (Indian),3/23/2026,KG,35,38,36.5
Cabbage(Local),3/23/2026,KG,30,35,32.5
Garlic Dry Chinese,3/23/2026,KG,170,180,175
Tomato Big(Nepali),3/24/2026,KG,50,60,55
Tomato Big(Indian),3/24/2026,KG,60,70,65
Onion Dry (Indian),3/24/2026,KG,35,38,36.5
Cabbage(Local),3/24/2026,KG,30,35,32.5
Garlic Dry Chinese,3/24/2026,KG,170,180,175
Tomato Big(Nepali),3/25/2026,KG,50,60,55
Tomato Big(Indian),3/25/2026,KG,60,70,65
Onion Dry (Indian),3/25/2026,KG,35,38,36.5
Cabbage(Local),3/25/2026,KG,30,35,32.5
Garlic Dry Chinese,3/25/2026,KG,170,180,175
Tomato Big(Nepali),3/26/2026,KG,50,60,55
Tomato Big(Indian),3/26/2026,KG,60,70,65
Onion Dry (Indian),3/26/2026,KG,35,38,36.5
Cabbage(Local),3/26/2026,KG,30,35,32.5
Garlic Dry Chinese,3/26/2026,KG,170,180,175
Tomato Big(Nepali),3/27/2026,KG,50,60,55
Tomato Big(Indian),3/27/2026,KG,60,70,65
Onion Dry (Indian),3/27/2026,KG,35,38,36.5
Cabbage(Local),3/27/2026,KG,30,35,32.5
Garlic Dry Chinese,3/27/2026,KG,170,180,175
Tomato Big(Nepali),3/28/2026,KG,50,60,55
Tomato Big(Indian),3/28/2026,KG,60,70,65
Onion Dry (Indian),3/28/2026,KG,35,38,36.5
Cabbage(Local),3/28/2026,KG,30,35,32.5
Garlic Dry Chinese,3/28/2026,KG,170,180,175
Tomato Big(Nepali),3/29/2026,KG,50,60,55
Tomato Big(Indian),3/29/2026,KG,60,70,65
Onion Dry (Indian),3/29/2026,KG,35,38,36.5
Cabbage(Local),3/29/2026,KG,30,35,32.5
Garlic Dry Chinese,3/29/2026,KG,170,180,175
Tomato Big(Nepali),3/30/2026,KG,50,60,55
Tomato Big(Indian),3/30/2026,KG,60,70,65
Onion Dry (Indian),3/30/2026,KG,35,38,36.5
Cabbage(Local),3/30/2026,KG,30,35,32.5
Garlic Dry Chinese,3/30/2026,KG,170,180,175
Tomato Big(Nepali),3/31/2026,KG,50,60,55
Tomato Big(Indian),3/31/2026,KG,60,70,65
Onion Dry (Indian),3/31/2026,KG,35,38,36.5
Cabbage(Local),3/31/2026,KG,30,35,32.5
Garlic Dry Chinese,3/31/2026,KG,170,180,175
Tomato Big(Nepali),4/1/2026,KG,50,60,55
Tomato Big(Indian),4/1/2026,KG,60,70,65
Onion Dry (Indian),4/1/2026,KG,35,38,36.5
Cabbage(Local),4/1/2026,KG,30,35,32.5
Garlic Dry Chinese,4/1/2026,KG,170,180,175
Tomato Big(Nepali),4/2/2026,KG,50,60,55
Tomato Big(Indian),4/2/2026,KG,60,70,65
Onion Dry (Indian),4/2/2026,KG,35,38,36.5
Cabbage(Local),4/2/2026,KG,30,35,32.5
Garlic Dry Chinese,4/2/2026,KG,170,180,175
Tomato Big(Nepali),4/3/2026,KG,50,60,55
Tomato Big(Indian),4/3/2026,KG,60,70,65
Onion Dry (Indian),4/3/2026,KG,35,38,36.5
Cabbage(Local),4/3/2026,KG,30,35,32.5
Garlic Dry Chinese,4/3/2026,KG,170,180,175
Tomato Big(Nepali),4/4/2026,KG,50,60,55
Tomato Big(Indian),4/4/2026,KG,60,70,65
Onion Dry (Indian),4/4/2026,KG,35,38,36.5
Cabbage(Local),4/4/2026,KG,30,35,32.5
Garlic Dry Chinese,4/4/2026,KG,170,180,175
Tomato Big(Nepali),4/5/2026,KG,50,60,55
Tomato Big(Indian),4/5/2026,KG,60,70,65
Onion Dry (Indian),4/5/2026,KG,35,38,36.5
Cabbage(Local),4/5/2026,KG,30,35,32.5
Garlic Dry Chinese,4/5/2026,KG,170,180,175
Tomato Big(Nepali),4/6/2026,KG,50,60,55
Tomato Big(Indian),4/6/2026,KG,60,70,65
Onion Dry (Indian),4/6/2026,KG,35,38,36.5
Cabbage(Local),4/6/2026,KG,30,35,32.5
Garlic Dry Chinese,4/6/2026,KG,170,180,175
Tomato Big(Nepali),4/7/2026,KG,50,60,55
Tomato Big(Indian),4/7/2026,KG,60,70,65
Onion Dry (Indian),4/7/2026,KG,35,38,36.5
Cabbage(Local),4/7/2026,KG,30,35,32.5
Garlic Dry Chinese,4/7/2026,KG,170,180,175
Tomato Big(Nepali),4/8/2026,KG,50,60,55
Tomato Big(Indian),4/8/2026,KG,60,70,65
Onion Dry (Indian),4/8/2026,KG,35,38,36.5
Cabbage(Local),4/8/2026,KG,30,35,32.5
Garlic Dry Chinese,4/8/2026,KG,170,180,175
Tomato Big(Nepali),4/9/2026,KG,50,60,55
Tomato Big(Indian),4/9/2026,KG,60,70,65
Onion Dry (Indian),4/9/2026,KG,35,38,36.5
Cabbage(Local),4/9/2026,KG,30,35,32.5
Garlic Dry Chinese,4/9/2026,KG,170,180,175
Tomato Big(Nepali),4/10/2026,KG,50,60,55
Tomato Big(Indian),4/10/2026,KG,60,70,65
Onion Dry (Indian),4/10/2026,KG,35,38,36.5
Cabbage(Local),4/10/2026,KG,30,35,32.5
Garlic Dry Chinese,4/10/2026,KG,170,180,175
Tomato Big(Nepali),4/11/2026,KG,50,60,55
Tomato Big(Indian),4/11/2026,KG,60,70,65
Onion Dry (Indian),4/11/2026,KG,35,38,36.5
Cabbage(Local),4/11/2026,KG,30,35,32.5
Garlic Dry Chinese,4/11/2026,KG,170,180,175
Tomato Big(Nepali),4/12/2026,KG,50,60,55
Tomato Big(Indian),4/12/2026,KG,60,70,65
Onion Dry (Indian),4/12/2026,KG,35,38,36.5
Cabbage(Local),4/12/2026,KG,30,35,32.5
Garlic Dry Chinese,4/12/2026,KG,170,180,175
Tomato Big(Nepali),4/13/2026,KG,50,60,55
Tomato Big(Indian),4/13/2026,KG,60,70,65
Onion Dry (Indian),4/13/2026,KG,35,38,36.5
Cabbage(Local),4/13/2026,KG,30,35,32.5
Garlic Dry Chinese,4/13/2026,KG,170,180,175
Tomato Big(Nepali),4/14/2026,KG,50,60,55
Tomato Big(Indian),4/14/2026,KG,60,70,65
Onion Dry (Indian),4/14/2026,KG,35,38,36.5
Cabbage(Local),4/14/2026,KG,30,35,32.5
Garlic Dry Chinese,4/14/2026,KG,170,180,175
Tomato Big(Nepali),4/15/2026,KG,50,60,55
Tomato Big(Indian),4/15/2026,KG,60,70,65
Onion Dry (Indian),4/15/2026,KG,35,38,36.5
Cabbage(Local),4/15/2026,KG,30,35,32.5
Garlic Dry Chinese,4/15/2026,KG,170,180,175
Tomato Big(Nepali),4/16/2026,KG,50,60,55
Tomato Big(Indian),4/16/2026,KG,60,70,65
Onion Dry (Indian),4/16/2026,KG,35,38,36.5
Cabbage(Local),4/16/2026,KG,30,35,32.5
Garlic Dry Chinese,4/16/2026,KG,170,180,175
Tomato Big(Nepali),4/17/2026,KG,50,60,55
Tomato Big(Indian),4/17/2026,KG,60,70,65
Onion Dry (Indian),4/17/2026,KG,35,38,36.5
Cabbage(Local),4/17/2026,KG,30,35,32.5
Garlic Dry Chinese,4/17/2026,KG,170,180,175
Tomato Big(Nepali),4/18/2026,KG,50,60,55
Tomato Big(Indian),4/18/2026,KG,60,70,65
Onion Dry (Indian),4/18/2026,KG,35,38,36.5
Cabbage(Local),4/18/2026,KG,30,35,32.5
Garlic Dry Chinese,4/18/2026,KG,170,180,175
Tomato Big(Nepali),4/19/2026,KG,50,60,55
Tomato Big(Indian),4/19/2026,KG,60,70,65
Onion Dry (Indian),4/19/2026,KG,35,38,36.5
Cabbage(Local),4/19/2026,KG,30,35,32.5
Garlic Dry Chinese,4/19/2026,KG,170,180,175
Tomato Big(Nepali),4/20/2026,KG,50,60,55
Tomato Big(Indian),4/20/2026,KG,60,70,65
Onion Dry (Indian),4/20/2026,KG,35,38,36.5
Cabbage(Local),4/20/2026,KG,30,35,32.5
Garlic Dry Chinese,4/20/2026,KG,170,180,175
Tomato Big(Nepali),4/21/2026,KG,50,60,55
Tomato Big(Indian),4/21/2026,KG,60,70,65
Onion Dry (Indian),4/21/2026,KG,35,38,36.5
Cabbage(Local),4/21/2026,KG,30,35,32.5
Garlic Dry Chinese,4/21/2026,KG,170,180,175
Tomato Big(Nepali),4/22/2026,KG,50,60,55
Tomato Big(Indian),4/22/2026,KG,60,70,65
Onion Dry (Indian),4/22/2026,KG,35,38,36.5
Cabbage(Local),4/22/2026,KG,30,35,32.5
Garlic Dry Chinese,4/22/2026,KG,170,180,175
Tomato Big(Nepali),4/23/2026,KG,50,60,55
Tomato Big(Indian),4/23/2026,KG,60,70,65
Onion Dry (Indian),4/23/2026,KG,35,38,36.5
Cabbage(Local),4/23/2026,KG,30,35,32.5
Garlic Dry Chinese,4/23/2026,KG,170,180,175
Tomato Big(Nepali),4/24/2026,KG,50,60,55
Tomato Big(Indian),4/24/2026,KG,60,70,65
Onion Dry (Indian),4/24/2026,KG,35,38,36.5
Cabbage(Local),4/24/2026,KG,30,35,32.5
Garlic Dry Chinese,4/24/2026,KG,170,180,175
Tomato Big(Nepali),4/25/2026,KG,50,60,55
Tomato Big(Indian),4/25/2026,KG,60,70,65
Onion Dry (Indian),4/25/2026,KG,35,38,36.5
Cabbage(Local),4/25/2026,KG,30,35,32.5
Garlic Dry Chinese,4/25/2026,KG,170,180,175
Tomato Big(Nepali),4/26/2026,KG,50,60,55
Tomato Big(Indian),4/26/2026,KG,60,70,65
Onion Dry (Indian),4/26/2026,KG,35,38,36.5
Cabbage(Local),4/26/2026,KG,30,35,32.5
Garlic Dry Chinese,4/26/2026,KG,170,180,175
Tomato Big(Nepali),4/27/2026,KG,50,60,55
Tomato Big(Indian),4/27/2026,KG,60,70,65
Onion Dry (Indian),4/27/2026,KG,35,38,36.5
Cabbage(Local),4/27/2026,KG,30,35,32.5
Garlic Dry Chinese,4/27/2026,KG,170,180,175
Tomato Big(Nepali),4/28/2026,KG,50,60,55
Tomato Big(Indian),4/28/2026,KG,60,70,65
Onion Dry (Indian),4/28/2026,KG,35,38,36.5
Cabbage(Local),4/28/2026,KG,30,35,32.5
Garlic Dry Chinese,4/28/2026,KG,170,180,175
Tomato Big(Nepali),4/29/2026,KG,50,60,55
Tomato Big(Indian),4/29/2026,KG,60,70,65
Onion Dry (Indian),4/29/2026,KG,35,38,36.5
Cabbage(Local),4/29/2026,KG,30,35,32.5
Garlic Dry Chinese,4/29/2026,KG,170,180,175
Tomato Big(Nepali),4/30/2026,KG,50,60,55
Tomato Big(Indian),4/30/2026,KG,60,70,65
Onion Dry (Indian),4/30/2026,KG,35,38,36.5
Cabbage(Local),4/30/2026,KG,30,35,32.5
Garlic Dry Chinese,4/30/2026,KG,170,180,175
Tomato Big(Nepali),5/1/2026,KG,50,60,55
Tomato Big(Indian),5/1/2026,KG,60,70,65
Onion Dry (Indian),5/1/2026,KG,35,38,36.5
Cabbage(Local),5/1/2026,KG,30,35,32.5
Garlic Dry Chinese,5/1/2026,KG,170,180,175
Tomato Big(Nepali),5/2/2026,KG,50,60,55
Tomato Big(Indian),5/2/2026,KG,60,70,65
Onion Dry (Indian),5/2/2026,KG,35,38,36.5
Cabbage(Local),5/2/2026,KG,30,35,32.5
Garlic Dry Chinese,5/2/2026,KG,170,180,175
Tomato Big(Nepali),5/3/2026,KG,50,60,55
Tomato Big(Indian),5/3/2026,KG,60,70,65
Onion Dry (Indian),5/3/2026,KG,35,38,36.5
Cabbage(Local),5/3/2026,KG,30,35,32.5
Garlic Dry Chinese,5/3/2026,KG,170,180,175
Tomato Big(Nepali),5/4/2026,KG,50,60,55
Tomato Big(Indian),5/4/2026,KG,60,70,65
Onion Dry (Indian),5/4/2026,KG,35,38,36.5
Cabbage(Local),5/4/2026,KG,30,35,32.5
Garlic Dry Chinese,5/4/2026,KG,170,180,175
Tomato Big(Nepali),5/5/2026,KG,50,60,55
Tomato Big(Indian),5/5/2026,KG,60,70,65
Onion Dry (Indian),5/5/2026,KG,35,38,36.5
Cabbage(Local),5/5/2026,KG,30,35,32.5
Garlic Dry Chinese,5/5/2026,KG,170,180,175
Tomato Big(Nepali),5/6/2026,KG,50,60,55
Tomato Big(Indian),5/6/2026,KG,60,70,65
Onion Dry (Indian),5/6/2026,KG,35,38,36.5
Cabbage(Local),5/6/2026,KG,30,35,32.5
Garlic Dry Chinese,5/6/2026,KG,170,180,175
Tomato Big(Nepali),5/7/2026,KG,50,60,55
Tomato Big(Indian),5/7/2026,KG,60,70,65
Onion Dry (Indian),5/7/2026,KG,35,38,36.5
Cabbage(Local),5/7/2026,KG,30,35,32.5
Garlic Dry Chinese,5/7/2026,KG,170,180,175
Tomato Big(Nepali),5/8/2026,KG,50,60,55
Tomato Big(Indian),5/8/2026,KG,60,70,65
Onion Dry (Indian),5/8/2026,KG,35,38,36.5
Cabbage(Local),5/8/2026,KG,30,35,32.5
Garlic Dry Chinese,5/8/2026,KG,170,180,175
Tomato Big(Nepali),5/9/2026,KG,50,60,55
Tomato Big(Indian),5/9/2026,KG,60,70,65
Onion Dry (Indian),5/9/2026,KG,35,38,36.5
Cabbage(Local),5/9/2026,KG,30,35,32.5
Garlic Dry Chinese,5/9/2026,KG,170,180,175
Tomato Big(Nepali),5/10/2026,KG,50,60,55
Tomato Big(Indian),5/10/2026,KG,60,70,65
Onion Dry (Indian),5/10/2026,KG,35,38,36.5
Cabbage(Local),5/10/2026,KG,30,35,32.5
Garlic Dry Chinese,5/10/2026,KG,170,180,175
Tomato Big(Nepali),5/11/2026,KG,50,60,55
Tomato Big(Indian),5/11/2026,KG,60,70,65
Onion Dry (Indian),5/11/2026,KG,35,38,36.5
Cabbage(Local),5/11/2026,KG,30,35,32.5
Garlic Dry Chinese,5/11/2026,KG,170,180,175
Tomato Big(Nepali),5/12/2026,KG,50,60,55
Tomato Big(Indian),5/12/2026,KG,60,70,65
Onion Dry (Indian),5/12/2026,KG,35,38,36.5
Cabbage(Local),5/12/2026,KG,30,35,32.5
Garlic Dry Chinese,5/12/2026,KG,170,180,175
Tomato Big(Nepali),5/13/2026,KG,50,60,55
Tomato Big(Indian),5/13/2026,KG,60,70,65
Onion Dry (Indian),5/13/2026,KG,35,38,36.5
Cabbage(Local),5/13/2026,KG,30,35,32.5
Garlic Dry Chinese,5/13/2026,KG,170,180,175
Tomato Big(Nepali),5/14/2026,KG,50,60,55
Tomato Big(Indian),5/14/2026,KG,60,70,65
Onion Dry (Indian),5/14/2026,KG,35,38,36.5
Cabbage(Local),5/14/2026,KG,30,35,32.5
Garlic Dry Chinese,5/14/2026,KG,170,180,175
Tomato Big(Nepali),5/15/2026,KG,50,60,55
Tomato Big(Indian),5/15/2026,KG,60,70,65
Onion Dry (Indian),5/15/2026,KG,35,38,36.5
Cabbage(Local),5/15/2026,KG,30,35,32.5
Garlic Dry Chinese,5/15/2026,KG,170,180,175
Tomato Big(Nepali),5/16/2026,KG,50,60,55
Tomato Big(Indian),5/16/2026,KG,60,70,65
Onion Dry (Indian),5/16/2026,KG,35,38,36.5
Cabbage(Local),5/16/2026,KG,30,35,32.5
Garlic Dry Chinese,5/16/2026,KG,170,180,175
Tomato Big(Nepali),5/17/2026,KG,50,60,55
Tomato Big(Indian),5/17/2026,KG,60,70,65
Onion Dry (Indian),5/17/2026,KG,35,38,36.5
Cabbage(Local),5/17/2026,KG,30,35,32.5
Garlic Dry Chinese,5/17/2026,KG,170,180,175
Tomato Big(Nepali),5/18/2026,KG,50,60,55
Tomato Big(Indian),5/18/2026,KG,60,70,65
Onion Dry (Indian),5/18/2026,KG,35,38,36.5
Cabbage(Local),5/18/2026,KG,30,35,32.5
Garlic Dry Chinese,5/18/2026,KG,170,180,175
Tomato Big(Nepali),5/19/2026,KG,50,60,55
Tomato Big(Indian),5/19/2026,KG,60,70,65
Onion Dry (Indian),5/19/2026,KG,35,38,36.5
Cabbage(Local),5/19/2026,KG,30,35,32.5
Garlic Dry Chinese,5/19/2026,KG,170,180,175
Tomato Big(Nepali),5/20/2026,KG,50,60,55
Tomato Big(Indian),5/20/2026,KG,60,70,65
Onion Dry (Indian),5/20/2026,KG,35,38,36.5
Cabbage(Local),5/20/2026,KG,30,35,32.5
Garlic Dry Chinese,5/20/2026,KG,170,180,175
Tomato Big(Nepali),5/21/2026,KG,50,60,55
Tomato Big(Indian),5/21/2026,KG,60,70,65
Onion Dry (Indian),5/21/2026,KG,35,38,36.5
Cabbage(Local),5/21/2026,KG,30,35,32.5
Garlic Dry Chinese,5/21/2026,KG,170,180,175
Tomato Big(Nepali),5/22/2026,KG,50,60,55
Tomato Big(Indian),5/22/2026,KG,60,70,65
Onion Dry (Indian),5/22/2026,KG,35,38,36.5
Cabbage(Local),5/22/2026,KG,30,35,32.5
Garlic Dry Chinese,5/22/2026,KG,170,180,175
Tomato Big(Nepali),5/23/2026,KG,50,60,55
Tomato Big(Indian),5/23/2026,KG,60,70,65
Onion Dry (Indian),5/23/2026,KG,35,38,36.5
Cabbage(Local),5/23/2026,KG,30,35,32.5
Garlic Dry Chinese,5/23/2026,KG,170,180,175
Tomato Big(Nepali),5/24/2026,KG,50,60,55
Tomato Big(Indian),5/24/2026,KG,60,70,65
Onion Dry (Indian),5/24/2026,KG,35,38,36.5
Cabbage(Local),5/24/2026,KG,30,35,32.5
Garlic Dry Chinese,5/24/2026,KG,170,180,175
Tomato Big(Nepali),5/25/2026,KG,50,60,55
Tomato Big(Indian),5/25/2026,KG,60,70,65
Onion Dry (Indian),5/25/2026,KG,35,38,36.5
Cabbage(Local),5/25/2026,KG,30,35,32.5
Garlic Dry Chinese,5/25/2026,KG,170,180,175
Tomato Big(Nepali),5/26/2026,KG,50,60,55
Tomato Big(Indian),5/26/2026,KG,60,70,65
Onion Dry (Indian),5/26/2026,KG,35,38,36.5
Cabbage(Local),5/26/2026,KG,30,35,32.5
Garlic Dry Chinese,5/26/2026,KG,170,180,175
Tomato Big(Nepali),5/27/2026,KG,50,60,55
Tomato Big(Indian),5/27/2026,KG,60,70,65
Onion Dry (Indian),5/27/2026,KG,35,38,36.5
Cabbage(Local),5/27/2026,KG,30,35,32.5
Garlic Dry Chinese,5/27/2026,KG,170,180,175
